
0000----CH32V303CBT6-----光纤卷线机主控板代码.elf:     file format elf32-littleriscv
0000----CH32V303CBT6-----光纤卷线机主控板代码.elf
architecture: riscv:rv32, flags 0x00000112:
EXEC_P, HAS_SYMS, D_PAGED
start address 0x00000000

Program Header:
    LOAD off    0x00001000 vaddr 0x00000000 paddr 0x00000000 align 2**12
         filesz 0x00002284 memsz 0x00002284 flags r-x
    LOAD off    0x00004000 vaddr 0x20000000 paddr 0x00002284 align 2**12
         filesz 0x00000098 memsz 0x000000c0 flags rw-
    LOAD off    0x00004800 vaddr 0x20007800 paddr 0x20007800 align 2**12
         filesz 0x00000000 memsz 0x00000800 flags rw-

Sections:
Idx Name          Size      VMA       LMA       File off  Algn
  0 .init         00000004  00000000  00000000  00001000  2**1
                  CONTENTS, ALLOC, LOAD, READONLY, CODE
  1 .vector       000001bc  00000004  00000004  00001004  2**1
                  CONTENTS, ALLOC, LOAD, READONLY, CODE
  2 .text         000020c4  000001c0  000001c0  000011c0  2**2
                  CONTENTS, ALLOC, LOAD, READONLY, CODE
  3 .fini         00000000  00002284  00002284  00004098  2**0
                  CONTENTS, ALLOC, LOAD, CODE
  4 .dalign       00000000  20000000  20000000  00004098  2**0
                  CONTENTS
  5 .dlalign      00000000  00002284  00002284  00004098  2**0
                  CONTENTS
  6 .data         00000098  20000000  00002284  00004000  2**2
                  CONTENTS, ALLOC, LOAD, DATA
  7 .bss          00000028  20000098  0000231c  00004098  2**2
                  ALLOC
  8 .stack        00000800  20007800  20007800  00004800  2**0
                  ALLOC
  9 .debug_info   0000e9b2  00000000  00000000  00004098  2**0
                  CONTENTS, READONLY, DEBUGGING
 10 .debug_abbrev 00002609  00000000  00000000  00012a4a  2**0
                  CONTENTS, READONLY, DEBUGGING
 11 .debug_aranges 00000858  00000000  00000000  00015058  2**3
                  CONTENTS, READONLY, DEBUGGING
 12 .debug_ranges 000007b0  00000000  00000000  000158b0  2**3
                  CONTENTS, READONLY, DEBUGGING
 13 .debug_line   0000a2f9  00000000  00000000  00016060  2**0
                  CONTENTS, READONLY, DEBUGGING
 14 .debug_str    00002a85  00000000  00000000  00020359  2**0
                  CONTENTS, READONLY, DEBUGGING
 15 .comment      00000033  00000000  00000000  00022dde  2**0
                  CONTENTS, READONLY
 16 .debug_frame  00001a1c  00000000  00000000  00022e14  2**2
                  CONTENTS, READONLY, DEBUGGING
 17 .debug_loc    000035ca  00000000  00000000  00024830  2**0
                  CONTENTS, READONLY, DEBUGGING
 18 .stab         00000084  00000000  00000000  00027dfc  2**2
                  CONTENTS, READONLY, DEBUGGING
 19 .stabstr      00000117  00000000  00000000  00027e80  2**0
                  CONTENTS, READONLY, DEBUGGING
SYMBOL TABLE:
00000000 l    d  .init	00000000 .init
00000004 l    d  .vector	00000000 .vector
000001c0 l    d  .text	00000000 .text
00002284 l    d  .fini	00000000 .fini
20000000 l    d  .dalign	00000000 .dalign
00002284 l    d  .dlalign	00000000 .dlalign
20000000 l    d  .data	00000000 .data
20000098 l    d  .bss	00000000 .bss
20007800 l    d  .stack	00000000 .stack
00000000 l    d  .debug_info	00000000 .debug_info
00000000 l    d  .debug_abbrev	00000000 .debug_abbrev
00000000 l    d  .debug_aranges	00000000 .debug_aranges
00000000 l    d  .debug_ranges	00000000 .debug_ranges
00000000 l    d  .debug_line	00000000 .debug_line
00000000 l    d  .debug_str	00000000 .debug_str
00000000 l    d  .comment	00000000 .comment
00000000 l    d  .debug_frame	00000000 .debug_frame
00000000 l    d  .debug_loc	00000000 .debug_loc
00000000 l    d  .stab	00000000 .stab
00000000 l    d  .stabstr	00000000 .stabstr
00000000 l    df *ABS*	00000000 ./Startup/startup_ch32v30x_D8.o
00000004 l       .vector	00000000 _vector_base
00000000 l    df *ABS*	00000000 Clock.c
00000000 l    df *ABS*	00000000 DCMotor.c
0000034e l     F .text	00000024 DCMotor_PinAsPWM
00000372 l     F .text	00000024 DCMotor_PinAsGPIO
00000396 l     F .text	000000bc DCMotor_UpdateOutput
2000009c l     O .bss	00000004 s_dir
200000a0 l     O .bss	00000001 s_speed
00000000 l    df *ABS*	00000000 StepMotor.c
00000000 l    df *ABS*	00000000 ch32v30x_it.c
00000000 l    df *ABS*	00000000 main.c
00000000 l    df *ABS*	00000000 system_ch32v30x.c
00000000 l    df *ABS*	00000000 ch32v30x_dbgmcu.c
00000000 l    df *ABS*	00000000 ch32v30x_gpio.c
00000000 l    df *ABS*	00000000 ch32v30x_misc.c
00000000 l    df *ABS*	00000000 ch32v30x_rcc.c
20000010 l     O .data	00000010 APBAHBPrescTable
20000088 l     O .data	00000004 ADCPrescTable
00000000 l    df *ABS*	00000000 ch32v30x_tim.c
00000000 l    df *ABS*	00000000 ch32v30x_usart.c
00000000 l    df *ABS*	00000000 debug.c
200000b0 l     O .bss	00000002 p_ms
200000b2 l     O .bss	00000001 p_us
2000008c l     O .data	00000004 curbrk.5229
00000000 l    df *ABS*	00000000 printf.c
00000000 l    df *ABS*	00000000 puts.c
00000000 l    df *ABS*	00000000 wbuf.c
00000000 l    df *ABS*	00000000 wsetup.c
00000000 l    df *ABS*	00000000 fflush.c
00000000 l    df *ABS*	00000000 findfp.c
00001466 l     F .text	00000066 std
00000000 l    df *ABS*	00000000 fwalk.c
00000000 l    df *ABS*	00000000 makebuf.c
00000000 l    df *ABS*	00000000 nano-mallocr.c
00000000 l    df *ABS*	00000000 nano-mallocr.c
00000000 l    df *ABS*	00000000 nano-vfprintf.c
000018ec l     F .text	00000028 __sfputc_r
00000000 l    df *ABS*	00000000 nano-vfprintf_i.c
00000000 l    df *ABS*	00000000 sbrkr.c
00000000 l    df *ABS*	00000000 stdio.c
00000000 l    df *ABS*	00000000 writer.c
00000000 l    df *ABS*	00000000 closer.c
00000000 l    df *ABS*	00000000 fstatr.c
00000000 l    df *ABS*	00000000 isattyr.c
00000000 l    df *ABS*	00000000 lseekr.c
00000000 l    df *ABS*	00000000 memchr.c
00000000 l    df *ABS*	00000000 mlock.c
00000000 l    df *ABS*	00000000 readr.c
00000000 l    df *ABS*	00000000 close.c
00000000 l    df *ABS*	00000000 fstat.c
00000000 l    df *ABS*	00000000 isatty.c
00000000 l    df *ABS*	00000000 lseek.c
00000000 l    df *ABS*	00000000 read.c
00000000 l    df *ABS*	00000000 impure.c
20000020 l     O .data	00000060 impure_data
00000000 l    df *ABS*	00000000 reent.c
000007ec  w      .text	00000000 EXTI2_IRQHandler
000007ec  w      .text	00000000 TIM8_TRG_COM_IRQHandler
000007ec  w      .text	00000000 TIM8_CC_IRQHandler
000020d8 g     F .text	00000028 _isatty_r
00000654 g     F .text	0000004a essentials
0000103c g     F .text	000000d4 _puts_r
00002100 g     F .text	0000002c _lseek_r
000007ec  w      .text	00000000 UART8_IRQHandler
00000de4 g     F .text	00000020 TIM_CCxCmd
00000ffc g     F .text	00000040 printf
20000880 g       .data	00000000 __global_pointer$
000001c8 g     F .text	00000028 .hidden __riscv_save_8
000007ec  w      .text	00000000 TIM1_CC_IRQHandler
00002022 g     F .text	00000030 __sseek
0000151c g     F .text	00000066 __sinit
0000111a g     F .text	000000bc __swbuf_r
00000644 g     F .text	00000010 HardFault_Handler
000014d6 g     F .text	00000046 __sfmoreglue
00000452 g     F .text	00000084 DCMotor_Init
000004d6 g     F .text	00000026 ir_limit_init
00002146 g     F .text	00000002 __malloc_unlock
00000214 g     F .text	0000000c .hidden __riscv_restore_3
000007ec  w      .text	00000000 TIM6_IRQHandler
00000db2 g     F .text	0000000e TIM_OC1PreloadConfig
000007ec  w      .text	00000000 SysTick_Handler
0000095a g     F .text	0000005c NVIC_Init
000007ec  w      .text	00000000 PVD_IRQHandler
000007ec  w      .text	00000000 SDIO_IRQHandler
000007ec  w      .text	00000000 TIM9_BRK_IRQHandler
00000200 g     F .text	00000020 .hidden __riscv_restore_10
000007ec  w      .text	00000000 DMA2_Channel8_IRQHandler
00000642 g     F .text	00000002 NMI_Handler
000007ec  w      .text	00000000 EXTI3_IRQHandler
000001c8 g     F .text	00000028 .hidden __riscv_save_11
00000878 g     F .text	0000000a DBGMCU_GetCHIPID
00000ede g     F .text	0000000a USART_GetFlagStatus
000007ec  w      .text	00000000 DMA2_Channel9_IRQHandler
000020ae g     F .text	0000002a _fstat_r
000007ec  w      .text	00000000 TIM10_CC_IRQHandler
200000bc g     O .bss	00000004 errno
20000098 g       .bss	00000000 _sbss
00000800 g       *ABS*	00000000 __stack_size
00000f48 g     F .text	00000054 USART_Printf_Init
000007ec  w      .text	00000000 USBFS_IRQHandler
00000214 g     F .text	0000000c .hidden __riscv_restore_2
00000510 g     F .text	000000f0 motor_42_init
00000d70 g     F .text	00000016 TIM_CtrlPWMOutputs
000014cc g     F .text	0000000a _cleanup_r
000007ec  w      .text	00000000 EXTI0_IRQHandler
000007ec  w      .text	00000000 I2C2_EV_IRQHandler
000007ec  w      .text	00000000 TIM10_TRG_COM_IRQHandler
00000d58 g     F .text	00000018 TIM_Cmd
00001110 g     F .text	0000000a puts
00000dce g     F .text	00000016 TIM_OC4PreloadConfig
20000084 g     O .data	00000004 SystemCoreClock
00002180 g     F .text	0000000c _fstat
00000004 g       .init	00000000 _einit
00000e26 g     F .text	0000000c TIM_ClearITPendingBit
00000abc g     F .text	0000001e RCC_APB2PeriphClockCmd
000001c0 g     F .text	00000030 .hidden __riscv_save_12
000007ec  w      .text	00000000 ADC1_2_IRQHandler
00000882 g     F .text	000000c0 GPIO_Init
000007ec  w      .text	00000000 Break_Point_Handler
00000200 g     F .text	00000020 .hidden __riscv_restore_11
200000ac g     O .bss	00000004 NVIC_Priority_Group
000007ec  w      .text	00000000 SPI1_IRQHandler
00000ec0 g     F .text	00000016 USART_Cmd
00001f84 g     F .text	0000002a _sbrk_r
000007ec  w      .text	00000000 TAMPER_IRQHandler
000001f0 g     F .text	0000000c .hidden __riscv_save_1
00000214 g     F .text	0000000c .hidden __riscv_restore_0
00000c24 g     F .text	000000ac TIM_OC3Init
00002148 g     F .text	0000002c _read_r
000001d6 g     F .text	0000001a .hidden __riscv_save_7
000002c8 g     F .text	00000056 Clock_Init
000007ec  w      .text	00000000 TIM8_UP_IRQHandler
00000ada g     F .text	0000001e RCC_APB1PeriphClockCmd
000007ec  w      .text	00000000 Ecall_M_Mode_Handler
20007800 g       .stack	00000000 _heap_end
0000218c g     F .text	0000000c _isatty
20000094 g     O .data	00000004 _global_impure_ptr
0000020a g     F .text	00000016 .hidden __riscv_restore_5
000007ec  w      .text	00000000 DMA2_Channel2_IRQHandler
000007ec  w      .text	00000000 DMA1_Channel4_IRQHandler
00000fd6 g     F .text	00000026 _sbrk
000007ec  w      .text	00000000 TIM9_UP_IRQHandler
0000020a g     F .text	00000016 .hidden __riscv_restore_6
000007ec  w      .text	00000000 USART3_IRQHandler
000007ec  w      .text	00000000 RTC_IRQHandler
200000c0 g       .bss	00000000 _ebss
000007ec  w      .text	00000000 DMA1_Channel7_IRQHandler
00000ba2 g     F .text	00000082 TIM_OC1Init
00000dc0 g     F .text	0000000e TIM_OC3PreloadConfig
000007ec  w      .text	00000000 CAN1_RX1_IRQHandler
00000ee8 g     F .text	0000002a Delay_Init
000007ec  w      .text	00000000 UART5_IRQHandler
00000942 g     F .text	00000004 GPIO_SetBits
000007ec  w      .text	00000000 TIM4_IRQHandler
00000d98 g     F .text	0000001a TIM_ARRPreloadConfig
000001c8 g     F .text	00000028 .hidden __riscv_save_9
0000094a g     F .text	0000000a GPIO_WriteBit
000007ec  w      .text	00000000 DMA2_Channel1_IRQHandler
000021e8 g     O .text	00000020 __sf_fake_stderr
000001d6 g     F .text	0000001a .hidden __riscv_save_4
000007ec  w      .text	00000000 I2C1_EV_IRQHandler
00000e0e g     F .text	00000018 TIM_GetITStatus
000009b6 g     F .text	00000106 RCC_GetClocksFreq
000007ec  w      .text	00000000 DMA1_Channel6_IRQHandler
00001914 g     F .text	00000040 __sfputs_r
000007ec  w      .text	00000000 UART4_IRQHandler
000007ec  w      .text	00000000 DMA2_Channel4_IRQHandler
0000212c g     F .text	00000018 memchr
00000e32 g     F .text	0000008e USART_Init
00001770 g     F .text	000000a8 _free_r
0000031e g     F .text	00000030 TIM3_IRQHandler
000007ec  w      .text	00000000 RCC_IRQHandler
000001f0 g     F .text	0000000c .hidden __riscv_save_3
000007ec  w      .text	00000000 TIM1_TRG_COM_IRQHandler
000007ec  w      .text	00000000 DMA1_Channel1_IRQHandler
00000000 g       .init	00000000 _start
000007ec  w      .text	00000000 DMA2_Channel7_IRQHandler
20000000 g     O .data	00000010 AHBPrescTable
00002198 g     F .text	0000000c _lseek
000007ec  w      .text	00000000 EXTI15_10_IRQHandler
00000d86 g     F .text	00000012 TIM_ITConfig
00000946 g     F .text	00000004 GPIO_ResetBits
000007ec  w      .text	00000000 TIM7_IRQHandler
00002086 g     F .text	00000028 _close_r
20000000 g       .dalign	00000000 _data_vma
000007ec  w      .text	00000000 TIM5_IRQHandler
00000e04 g     F .text	00000004 TIM_SetCompare3
20000080 g     O .data	00000001 step_dir
00000cd0 g     F .text	00000088 TIM_OC4Init
000011d6 g     F .text	000000fc __swsetup_r
000007ec  w      .text	00000000 EXTI9_5_IRQHandler
00001582 g     F .text	0000009c __sfp
000001c8 g     F .text	00000028 .hidden __riscv_save_10
00001fae g     F .text	0000002c __sread
00002144 g     F .text	00000002 __malloc_lock
0000020a g     F .text	00000016 .hidden __riscv_restore_4
00000200 g     F .text	00000020 .hidden __riscv_restore_8
00001402 g     F .text	00000064 _fflush_r
000001d6 g     F .text	0000001a .hidden __riscv_save_6
000007ec  w      .text	00000000 SPI2_IRQHandler
00002208 g     O .text	00000020 __sf_fake_stdin
00000220 g     F .text	000000a8 memset
00000200 g     F .text	00000020 .hidden __riscv_restore_9
0000020a g     F .text	00000016 .hidden __riscv_restore_7
0000069e g     F .text	00000018 main
000007ec  w      .text	00000000 TIM10_BRK_IRQHandler
000007ec  w      .text	00000000 TIM9_CC_IRQHandler
00002052 g     F .text	00000006 __sclose
000007ec  w      .text	00000000 DMA2_Channel5_IRQHandler
00001818 g     F .text	000000d4 _malloc_r
000007ec  w      .text	00000000 DMA1_Channel5_IRQHandler
000007ec  w      .text	00000000 EXTI4_IRQHandler
00000f12 g     F .text	00000036 Delay_Ms
000007ec  w      .text	00000000 USB_LP_CAN1_RX0_IRQHandler
00000e08 g     F .text	00000006 TIM_SetCompare4
000006b6 g     F .text	000000a8 SystemInit
000007ec  w      .text	00000000 RNG_IRQHandler
200000a8 g     O .bss	00000004 step_target
00000ffc g     F .text	00000040 iprintf
000007ec  w      .text	00000000 USB_HP_CAN1_TX_IRQHandler
00000000 g       .init	00000000 _sinit
00002058 g     F .text	0000002e _write_r
000007ec  w      .text	00000000 DMA1_Channel3_IRQHandler
00001bd8 g     F .text	0000010c _printf_common
20000090 g     O .data	00000004 _impure_ptr
00000600 g     F .text	00000042 TIM1_UP_IRQHandler
000012d2 g     F .text	00000130 __sflush_r
000007ec  w      .text	00000000 WWDG_IRQHandler
000007ec  w      .text	00000000 DMA2_Channel11_IRQHandler
000007ec  w      .text	00000000 Ecall_U_Mode_Handler
000007ec  w      .text	00000000 DMA2_Channel6_IRQHandler
000007ec  w      .text	00000000 TIM2_IRQHandler
20008000 g       .stack	00000000 _eusrstack
000001f0 g     F .text	0000000c .hidden __riscv_save_2
000007ec  w      .text	00000000 SW_Handler
000007ec  w      .text	00000000 TIM1_BRK_IRQHandler
00001688 g     F .text	00000058 __swhatbuf_r
00000ed6 g     F .text	00000008 USART_SendData
000007ec  w      .text	00000000 DMA2_Channel10_IRQHandler
000007ec  w      .text	00000000 EXTI1_IRQHandler
000001d6 g     F .text	0000001a .hidden __riscv_save_5
00000f9c g     F .text	0000003a _write
20000098 g       .data	00000000 _edata
200000a4 g     O .bss	00000004 step_current
200000c0 g       .bss	00000000 _end
00000af8 g     F .text	000000aa TIM_TimeBaseInit
000007ec  w      .text	00000000 RTCAlarm_IRQHandler
00002284 g       .dlalign	00000000 _data_lma
000007ec  w      .text	00000000 TIM10_UP_IRQHandler
000007ec  w      .text	00000000 TIM9_TRG_COM_IRQHandler
000007ec  w      .text	00000000 UART7_IRQHandler
000007ec  w      .text	00000000 USART2_IRQHandler
000007ec  w      .text	00000000 UART6_IRQHandler
00001fda g     F .text	00000048 __swrite
00001954 g     F .text	00000284 _vfiprintf_r
0000161e g     F .text	0000006a _fwalk_reent
0000075e g     F .text	0000008e SystemCoreClockUpdate
20000098 g     O .bss	00000004 tick_ms
000007ec  w      .text	00000000 I2C2_ER_IRQHandler
000007ec  w      .text	00000000 DMA1_Channel2_IRQHandler
00002228 g     O .text	00000020 __sf_fake_stdout
000001fc g     F .text	00000024 .hidden __riscv_restore_12
000007ec  w      .text	00000000 TIM8_BRK_IRQHandler
000021a4 g     F .text	0000000c _read
000007ee  w      .text	00000000 handle_reset
000007ec  w      .text	00000000 CAN1_SCE_IRQHandler
000007ec  w      .text	00000000 FLASH_IRQHandler
000001f0 g     F .text	0000000c .hidden __riscv_save_0
000007ec  w      .text	00000000 USART1_IRQHandler
000016e0 g     F .text	00000090 __smakebuf_r
00001ce4 g     F .text	000002a0 _printf_i
000007ec  w      .text	00000000 SPI3_IRQHandler
200000b8 g     O .bss	00000004 __malloc_sbrk_start
000007ec  w      .text	00000000 I2C1_ER_IRQHandler
00000954 g     F .text	00000006 NVIC_PriorityGroupConfig
200000b4 g     O .bss	00000004 __malloc_free_list
00000214 g     F .text	0000000c .hidden __riscv_restore_1
00001954 g     F .text	00000284 _vfprintf_r
00002174 g     F .text	0000000c _close
000007ec  w      .text	00000000 DMA2_Channel3_IRQHandler
000004fc g     F .text	00000014 motor_42_set_dir



Disassembly of section .init:

00000000 <_sinit>:
   0:	7ee0006f          	j	7ee <handle_reset>

Disassembly of section .vector:

00000004 <_vector_base>:
	...
   c:	0642                	slli	a2,a2,0x10
   e:	0000                	unimp
  10:	0644                	addi	s1,sp,772
  12:	0000                	unimp
  14:	0000                	unimp
  16:	0000                	unimp
  18:	07ec                	addi	a1,sp,972
	...
  22:	0000                	unimp
  24:	07ec                	addi	a1,sp,972
  26:	0000                	unimp
  28:	07ec                	addi	a1,sp,972
	...
  32:	0000                	unimp
  34:	07ec                	addi	a1,sp,972
  36:	0000                	unimp
  38:	0000                	unimp
  3a:	0000                	unimp
  3c:	07ec                	addi	a1,sp,972
  3e:	0000                	unimp
  40:	0000                	unimp
  42:	0000                	unimp
  44:	07ec                	addi	a1,sp,972
  46:	0000                	unimp
  48:	07ec                	addi	a1,sp,972
  4a:	0000                	unimp
  4c:	07ec                	addi	a1,sp,972
  4e:	0000                	unimp
  50:	07ec                	addi	a1,sp,972
  52:	0000                	unimp
  54:	07ec                	addi	a1,sp,972
  56:	0000                	unimp
  58:	07ec                	addi	a1,sp,972
  5a:	0000                	unimp
  5c:	07ec                	addi	a1,sp,972
  5e:	0000                	unimp
  60:	07ec                	addi	a1,sp,972
  62:	0000                	unimp
  64:	07ec                	addi	a1,sp,972
  66:	0000                	unimp
  68:	07ec                	addi	a1,sp,972
  6a:	0000                	unimp
  6c:	07ec                	addi	a1,sp,972
  6e:	0000                	unimp
  70:	07ec                	addi	a1,sp,972
  72:	0000                	unimp
  74:	07ec                	addi	a1,sp,972
  76:	0000                	unimp
  78:	07ec                	addi	a1,sp,972
  7a:	0000                	unimp
  7c:	07ec                	addi	a1,sp,972
  7e:	0000                	unimp
  80:	07ec                	addi	a1,sp,972
  82:	0000                	unimp
  84:	07ec                	addi	a1,sp,972
  86:	0000                	unimp
  88:	07ec                	addi	a1,sp,972
  8a:	0000                	unimp
  8c:	07ec                	addi	a1,sp,972
  8e:	0000                	unimp
  90:	07ec                	addi	a1,sp,972
  92:	0000                	unimp
  94:	07ec                	addi	a1,sp,972
  96:	0000                	unimp
  98:	07ec                	addi	a1,sp,972
  9a:	0000                	unimp
  9c:	07ec                	addi	a1,sp,972
  9e:	0000                	unimp
  a0:	07ec                	addi	a1,sp,972
  a2:	0000                	unimp
  a4:	07ec                	addi	a1,sp,972
  a6:	0000                	unimp
  a8:	0600                	addi	s0,sp,768
  aa:	0000                	unimp
  ac:	07ec                	addi	a1,sp,972
  ae:	0000                	unimp
  b0:	07ec                	addi	a1,sp,972
  b2:	0000                	unimp
  b4:	07ec                	addi	a1,sp,972
  b6:	0000                	unimp
  b8:	031e                	slli	t1,t1,0x7
  ba:	0000                	unimp
  bc:	07ec                	addi	a1,sp,972
  be:	0000                	unimp
  c0:	07ec                	addi	a1,sp,972
  c2:	0000                	unimp
  c4:	07ec                	addi	a1,sp,972
  c6:	0000                	unimp
  c8:	07ec                	addi	a1,sp,972
  ca:	0000                	unimp
  cc:	07ec                	addi	a1,sp,972
  ce:	0000                	unimp
  d0:	07ec                	addi	a1,sp,972
  d2:	0000                	unimp
  d4:	07ec                	addi	a1,sp,972
  d6:	0000                	unimp
  d8:	07ec                	addi	a1,sp,972
  da:	0000                	unimp
  dc:	07ec                	addi	a1,sp,972
  de:	0000                	unimp
  e0:	07ec                	addi	a1,sp,972
  e2:	0000                	unimp
  e4:	07ec                	addi	a1,sp,972
  e6:	0000                	unimp
  e8:	07ec                	addi	a1,sp,972
  ea:	0000                	unimp
  ec:	0000                	unimp
  ee:	0000                	unimp
  f0:	07ec                	addi	a1,sp,972
  f2:	0000                	unimp
  f4:	07ec                	addi	a1,sp,972
  f6:	0000                	unimp
  f8:	07ec                	addi	a1,sp,972
  fa:	0000                	unimp
  fc:	07ec                	addi	a1,sp,972
  fe:	0000                	unimp
 100:	07ec                	addi	a1,sp,972
 102:	0000                	unimp
 104:	0000                	unimp
 106:	0000                	unimp
 108:	07ec                	addi	a1,sp,972
 10a:	0000                	unimp
 10c:	07ec                	addi	a1,sp,972
 10e:	0000                	unimp
 110:	07ec                	addi	a1,sp,972
 112:	0000                	unimp
 114:	07ec                	addi	a1,sp,972
 116:	0000                	unimp
 118:	07ec                	addi	a1,sp,972
 11a:	0000                	unimp
 11c:	07ec                	addi	a1,sp,972
 11e:	0000                	unimp
 120:	07ec                	addi	a1,sp,972
 122:	0000                	unimp
 124:	07ec                	addi	a1,sp,972
 126:	0000                	unimp
 128:	07ec                	addi	a1,sp,972
 12a:	0000                	unimp
 12c:	07ec                	addi	a1,sp,972
 12e:	0000                	unimp
 130:	07ec                	addi	a1,sp,972
 132:	0000                	unimp
 134:	07ec                	addi	a1,sp,972
	...
 14e:	0000                	unimp
 150:	07ec                	addi	a1,sp,972
	...
 15e:	0000                	unimp
 160:	07ec                	addi	a1,sp,972
 162:	0000                	unimp
 164:	07ec                	addi	a1,sp,972
 166:	0000                	unimp
 168:	07ec                	addi	a1,sp,972
 16a:	0000                	unimp
 16c:	07ec                	addi	a1,sp,972
 16e:	0000                	unimp
 170:	07ec                	addi	a1,sp,972
 172:	0000                	unimp
 174:	07ec                	addi	a1,sp,972
 176:	0000                	unimp
 178:	07ec                	addi	a1,sp,972
 17a:	0000                	unimp
 17c:	07ec                	addi	a1,sp,972
 17e:	0000                	unimp
 180:	07ec                	addi	a1,sp,972
 182:	0000                	unimp
 184:	07ec                	addi	a1,sp,972
 186:	0000                	unimp
 188:	07ec                	addi	a1,sp,972
 18a:	0000                	unimp
 18c:	07ec                	addi	a1,sp,972
 18e:	0000                	unimp
 190:	07ec                	addi	a1,sp,972
 192:	0000                	unimp
 194:	07ec                	addi	a1,sp,972
 196:	0000                	unimp
 198:	07ec                	addi	a1,sp,972
 19a:	0000                	unimp
 19c:	07ec                	addi	a1,sp,972
 19e:	0000                	unimp
 1a0:	07ec                	addi	a1,sp,972
	...

Disassembly of section .text:

000001c0 <__riscv_save_12>:
     1c0:	7139                	addi	sp,sp,-64
     1c2:	4301                	li	t1,0
     1c4:	c66e                	sw	s11,12(sp)
     1c6:	a019                	j	1cc <__riscv_save_10+0x4>

000001c8 <__riscv_save_10>:
     1c8:	7139                	addi	sp,sp,-64
     1ca:	5341                	li	t1,-16
     1cc:	c86a                	sw	s10,16(sp)
     1ce:	ca66                	sw	s9,20(sp)
     1d0:	cc62                	sw	s8,24(sp)
     1d2:	ce5e                	sw	s7,28(sp)
     1d4:	a019                	j	1da <__riscv_save_4+0x4>

000001d6 <__riscv_save_4>:
     1d6:	7139                	addi	sp,sp,-64
     1d8:	5301                	li	t1,-32
     1da:	d05a                	sw	s6,32(sp)
     1dc:	d256                	sw	s5,36(sp)
     1de:	d452                	sw	s4,40(sp)
     1e0:	d64e                	sw	s3,44(sp)
     1e2:	d84a                	sw	s2,48(sp)
     1e4:	da26                	sw	s1,52(sp)
     1e6:	dc22                	sw	s0,56(sp)
     1e8:	de06                	sw	ra,60(sp)
     1ea:	40610133          	sub	sp,sp,t1
     1ee:	8282                	jr	t0

000001f0 <__riscv_save_0>:
     1f0:	1141                	addi	sp,sp,-16
     1f2:	c04a                	sw	s2,0(sp)
     1f4:	c226                	sw	s1,4(sp)
     1f6:	c422                	sw	s0,8(sp)
     1f8:	c606                	sw	ra,12(sp)
     1fa:	8282                	jr	t0

000001fc <__riscv_restore_12>:
     1fc:	4db2                	lw	s11,12(sp)
     1fe:	0141                	addi	sp,sp,16

00000200 <__riscv_restore_10>:
     200:	4d02                	lw	s10,0(sp)
     202:	4c92                	lw	s9,4(sp)
     204:	4c22                	lw	s8,8(sp)
     206:	4bb2                	lw	s7,12(sp)
     208:	0141                	addi	sp,sp,16

0000020a <__riscv_restore_4>:
     20a:	4b02                	lw	s6,0(sp)
     20c:	4a92                	lw	s5,4(sp)
     20e:	4a22                	lw	s4,8(sp)
     210:	49b2                	lw	s3,12(sp)
     212:	0141                	addi	sp,sp,16

00000214 <__riscv_restore_0>:
     214:	4902                	lw	s2,0(sp)
     216:	4492                	lw	s1,4(sp)
     218:	4422                	lw	s0,8(sp)
     21a:	40b2                	lw	ra,12(sp)
     21c:	0141                	addi	sp,sp,16
     21e:	8082                	ret

00000220 <memset>:
     220:	433d                	li	t1,15
     222:	872a                	mv	a4,a0
     224:	02c37363          	bgeu	t1,a2,24a <memset+0x2a>
     228:	00f77793          	andi	a5,a4,15
     22c:	efbd                	bnez	a5,2aa <memset+0x8a>
     22e:	e5ad                	bnez	a1,298 <memset+0x78>
     230:	ff067693          	andi	a3,a2,-16
     234:	8a3d                	andi	a2,a2,15
     236:	96ba                	add	a3,a3,a4
     238:	c30c                	sw	a1,0(a4)
     23a:	c34c                	sw	a1,4(a4)
     23c:	c70c                	sw	a1,8(a4)
     23e:	c74c                	sw	a1,12(a4)
     240:	0741                	addi	a4,a4,16
     242:	fed76be3          	bltu	a4,a3,238 <memset+0x18>
     246:	e211                	bnez	a2,24a <memset+0x2a>
     248:	8082                	ret
     24a:	40c306b3          	sub	a3,t1,a2
     24e:	068a                	slli	a3,a3,0x2
     250:	00000297          	auipc	t0,0x0
     254:	9696                	add	a3,a3,t0
     256:	00a68067          	jr	10(a3)
     25a:	00b70723          	sb	a1,14(a4)
     25e:	00b706a3          	sb	a1,13(a4)
     262:	00b70623          	sb	a1,12(a4)
     266:	00b705a3          	sb	a1,11(a4)
     26a:	00b70523          	sb	a1,10(a4)
     26e:	00b704a3          	sb	a1,9(a4)
     272:	00b70423          	sb	a1,8(a4)
     276:	00b703a3          	sb	a1,7(a4)
     27a:	00b70323          	sb	a1,6(a4)
     27e:	00b702a3          	sb	a1,5(a4)
     282:	00b70223          	sb	a1,4(a4)
     286:	00b701a3          	sb	a1,3(a4)
     28a:	00b70123          	sb	a1,2(a4)
     28e:	00b700a3          	sb	a1,1(a4)
     292:	00b70023          	sb	a1,0(a4)
     296:	8082                	ret
     298:	0ff5f593          	andi	a1,a1,255
     29c:	00859693          	slli	a3,a1,0x8
     2a0:	8dd5                	or	a1,a1,a3
     2a2:	01059693          	slli	a3,a1,0x10
     2a6:	8dd5                	or	a1,a1,a3
     2a8:	b761                	j	230 <memset+0x10>
     2aa:	00279693          	slli	a3,a5,0x2
     2ae:	00000297          	auipc	t0,0x0
     2b2:	9696                	add	a3,a3,t0
     2b4:	8286                	mv	t0,ra
     2b6:	fa8680e7          	jalr	-88(a3)
     2ba:	8096                	mv	ra,t0
     2bc:	17c1                	addi	a5,a5,-16
     2be:	8f1d                	sub	a4,a4,a5
     2c0:	963e                	add	a2,a2,a5
     2c2:	f8c374e3          	bgeu	t1,a2,24a <memset+0x2a>
     2c6:	b7a5                	j	22e <memset+0xe>

000002c8 <Clock_Init>:
     2c8:	f29ff2ef          	jal	t0,1f0 <__riscv_save_0>
     2cc:	1101                	addi	sp,sp,-32
     2ce:	4585                	li	a1,1
     2d0:	4509                	li	a0,2
     2d2:	009000ef          	jal	ra,ada <RCC_APB1PeriphClockCmd>
     2d6:	40000437          	lui	s0,0x40000
     2da:	04700793          	li	a5,71
     2de:	ca3e                	sw	a5,20(sp)
     2e0:	084c                	addi	a1,sp,20
     2e2:	7cf00793          	li	a5,1999
     2e6:	40040513          	addi	a0,s0,1024 # 40000400 <_eusrstack+0x1fff8400>
     2ea:	cc3e                	sw	a5,24(sp)
     2ec:	00d000ef          	jal	ra,af8 <TIM_TimeBaseInit>
     2f0:	4605                	li	a2,1
     2f2:	4585                	li	a1,1
     2f4:	40040513          	addi	a0,s0,1024
     2f8:	28f000ef          	jal	ra,d86 <TIM_ITConfig>
     2fc:	02d00793          	li	a5,45
     300:	867c                	sh	a5,12(sp)
     302:	0068                	addi	a0,sp,12
     304:	4785                	li	a5,1
     306:	c83e                	sw	a5,16(sp)
     308:	00010723          	sb	zero,14(sp)
     30c:	64e000ef          	jal	ra,95a <NVIC_Init>
     310:	4585                	li	a1,1
     312:	40040513          	addi	a0,s0,1024
     316:	243000ef          	jal	ra,d58 <TIM_Cmd>
     31a:	6105                	addi	sp,sp,32
     31c:	bde5                	j	214 <__riscv_restore_0>

0000031e <TIM3_IRQHandler>:
     31e:	1141                	addi	sp,sp,-16
     320:	c622                	sw	s0,12(sp)
     322:	40000437          	lui	s0,0x40000
     326:	4585                	li	a1,1
     328:	40040513          	addi	a0,s0,1024 # 40000400 <_eusrstack+0x1fff8400>
     32c:	2e3000ef          	jal	ra,e0e <TIM_GetITStatus>
     330:	c919                	beqz	a0,346 <TIM3_IRQHandler+0x28>
     332:	4585                	li	a1,1
     334:	40040513          	addi	a0,s0,1024
     338:	2ef000ef          	jal	ra,e26 <TIM_ClearITPendingBit>
     33c:	81818793          	addi	a5,gp,-2024 # 20000098 <_edata>
     340:	4398                	lw	a4,0(a5)
     342:	0705                	addi	a4,a4,1
     344:	c398                	sw	a4,0(a5)
     346:	4432                	lw	s0,12(sp)
     348:	0141                	addi	sp,sp,16
     34a:	30200073          	mret

0000034e <DCMotor_PinAsPWM>:
     34e:	ea3ff2ef          	jal	t0,1f0 <__riscv_save_0>
     352:	1141                	addi	sp,sp,-16
     354:	30000793          	li	a5,768
     358:	827c                	sh	a5,4(sp)
     35a:	40011537          	lui	a0,0x40011
     35e:	47e1                	li	a5,24
     360:	c63e                	sw	a5,12(sp)
     362:	004c                	addi	a1,sp,4
     364:	478d                	li	a5,3
     366:	c0050513          	addi	a0,a0,-1024 # 40010c00 <_eusrstack+0x20008c00>
     36a:	c43e                	sw	a5,8(sp)
     36c:	2b19                	jal	882 <GPIO_Init>
     36e:	0141                	addi	sp,sp,16
     370:	b555                	j	214 <__riscv_restore_0>

00000372 <DCMotor_PinAsGPIO>:
     372:	e7fff2ef          	jal	t0,1f0 <__riscv_save_0>
     376:	1141                	addi	sp,sp,-16
     378:	30000793          	li	a5,768
     37c:	827c                	sh	a5,4(sp)
     37e:	40011537          	lui	a0,0x40011
     382:	47c1                	li	a5,16
     384:	c63e                	sw	a5,12(sp)
     386:	004c                	addi	a1,sp,4
     388:	478d                	li	a5,3
     38a:	c0050513          	addi	a0,a0,-1024 # 40010c00 <_eusrstack+0x20008c00>
     38e:	c43e                	sw	a5,8(sp)
     390:	29cd                	jal	882 <GPIO_Init>
     392:	0141                	addi	sp,sp,16
     394:	b541                	j	214 <__riscv_restore_0>

00000396 <DCMotor_UpdateOutput>:
     396:	e5bff2ef          	jal	t0,1f0 <__riscv_save_0>
     39a:	8201c783          	lbu	a5,-2016(gp) # 200000a0 <s_speed>
     39e:	06400713          	li	a4,100
     3a2:	06400413          	li	s0,100
     3a6:	00f76363          	bltu	a4,a5,3ac <DCMotor_UpdateOutput+0x16>
     3aa:	843e                	mv	s0,a5
     3ac:	81c1a783          	lw	a5,-2020(gp) # 2000009c <s_dir>
     3b0:	0442                	slli	s0,s0,0x10
     3b2:	4705                	li	a4,1
     3b4:	8041                	srli	s0,s0,0x10
     3b6:	02e78c63          	beq	a5,a4,3ee <DCMotor_UpdateOutput+0x58>
     3ba:	4709                	li	a4,2
     3bc:	06e78363          	beq	a5,a4,422 <DCMotor_UpdateOutput+0x8c>
     3c0:	40001437          	lui	s0,0x40001
     3c4:	80040513          	addi	a0,s0,-2048 # 40000800 <_eusrstack+0x1fff8800>
     3c8:	4601                	li	a2,0
     3ca:	45a1                	li	a1,8
     3cc:	219000ef          	jal	ra,de4 <TIM_CCxCmd>
     3d0:	80040513          	addi	a0,s0,-2048
     3d4:	4601                	li	a2,0
     3d6:	45b1                	li	a1,12
     3d8:	20d000ef          	jal	ra,de4 <TIM_CCxCmd>
     3dc:	3f59                	jal	372 <DCMotor_PinAsGPIO>
     3de:	40011537          	lui	a0,0x40011
     3e2:	30000593          	li	a1,768
     3e6:	c0050513          	addi	a0,a0,-1024 # 40010c00 <_eusrstack+0x20008c00>
     3ea:	2bb1                	jal	946 <GPIO_ResetBits>
     3ec:	a815                	j	420 <DCMotor_UpdateOutput+0x8a>
     3ee:	3785                	jal	34e <DCMotor_PinAsPWM>
     3f0:	85a2                	mv	a1,s0
     3f2:	40001437          	lui	s0,0x40001
     3f6:	80040513          	addi	a0,s0,-2048 # 40000800 <_eusrstack+0x1fff8800>
     3fa:	20b000ef          	jal	ra,e04 <TIM_SetCompare3>
     3fe:	4581                	li	a1,0
     400:	80040513          	addi	a0,s0,-2048
     404:	205000ef          	jal	ra,e08 <TIM_SetCompare4>
     408:	4605                	li	a2,1
     40a:	45a1                	li	a1,8
     40c:	80040513          	addi	a0,s0,-2048
     410:	1d5000ef          	jal	ra,de4 <TIM_CCxCmd>
     414:	4605                	li	a2,1
     416:	45b1                	li	a1,12
     418:	80040513          	addi	a0,s0,-2048
     41c:	1c9000ef          	jal	ra,de4 <TIM_CCxCmd>
     420:	bbd5                	j	214 <__riscv_restore_0>
     422:	3735                	jal	34e <DCMotor_PinAsPWM>
     424:	400014b7          	lui	s1,0x40001
     428:	4581                	li	a1,0
     42a:	80048513          	addi	a0,s1,-2048 # 40000800 <_eusrstack+0x1fff8800>
     42e:	1d7000ef          	jal	ra,e04 <TIM_SetCompare3>
     432:	85a2                	mv	a1,s0
     434:	80048513          	addi	a0,s1,-2048
     438:	1d1000ef          	jal	ra,e08 <TIM_SetCompare4>
     43c:	4605                	li	a2,1
     43e:	45a1                	li	a1,8
     440:	80048513          	addi	a0,s1,-2048
     444:	1a1000ef          	jal	ra,de4 <TIM_CCxCmd>
     448:	4605                	li	a2,1
     44a:	45b1                	li	a1,12
     44c:	80048513          	addi	a0,s1,-2048
     450:	b7f1                	j	41c <DCMotor_UpdateOutput+0x86>

00000452 <DCMotor_Init>:
     452:	d9fff2ef          	jal	t0,1f0 <__riscv_save_0>
     456:	1101                	addi	sp,sp,-32
     458:	4585                	li	a1,1
     45a:	4511                	li	a0,4
     45c:	2dbd                	jal	ada <RCC_APB1PeriphClockCmd>
     45e:	4585                	li	a1,1
     460:	4521                	li	a0,8
     462:	2da9                	jal	abc <RCC_APB2PeriphClockCmd>
     464:	40001437          	lui	s0,0x40001
     468:	04700793          	li	a5,71
     46c:	c23e                	sw	a5,4(sp)
     46e:	004c                	addi	a1,sp,4
     470:	06400793          	li	a5,100
     474:	80040513          	addi	a0,s0,-2048 # 40000800 <_eusrstack+0x1fff8800>
     478:	c43e                	sw	a5,8(sp)
     47a:	2dbd                	jal	af8 <TIM_TimeBaseInit>
     47c:	67c1                	lui	a5,0x10
     47e:	06078793          	addi	a5,a5,96 # 10060 <_data_lma+0xdddc>
     482:	080c                	addi	a1,sp,16
     484:	80040513          	addi	a0,s0,-2048
     488:	c83e                	sw	a5,16(sp)
     48a:	00011c23          	sh	zero,24(sp)
     48e:	00011b23          	sh	zero,22(sp)
     492:	792000ef          	jal	ra,c24 <TIM_OC3Init>
     496:	080c                	addi	a1,sp,16
     498:	80040513          	addi	a0,s0,-2048
     49c:	035000ef          	jal	ra,cd0 <TIM_OC4Init>
     4a0:	80040513          	addi	a0,s0,-2048
     4a4:	45a1                	li	a1,8
     4a6:	11b000ef          	jal	ra,dc0 <TIM_OC3PreloadConfig>
     4aa:	80040513          	addi	a0,s0,-2048
     4ae:	45a1                	li	a1,8
     4b0:	11f000ef          	jal	ra,dce <TIM_OC4PreloadConfig>
     4b4:	80040513          	addi	a0,s0,-2048
     4b8:	4585                	li	a1,1
     4ba:	0df000ef          	jal	ra,d98 <TIM_ARRPreloadConfig>
     4be:	4585                	li	a1,1
     4c0:	80040513          	addi	a0,s0,-2048
     4c4:	095000ef          	jal	ra,d58 <TIM_Cmd>
     4c8:	8001ae23          	sw	zero,-2020(gp) # 2000009c <s_dir>
     4cc:	82018023          	sb	zero,-2016(gp) # 200000a0 <s_speed>
     4d0:	35d9                	jal	396 <DCMotor_UpdateOutput>
     4d2:	6105                	addi	sp,sp,32
     4d4:	b381                	j	214 <__riscv_restore_0>

000004d6 <ir_limit_init>:
     4d6:	d1bff2ef          	jal	t0,1f0 <__riscv_save_0>
     4da:	1141                	addi	sp,sp,-16
     4dc:	4585                	li	a1,1
     4de:	4541                	li	a0,16
     4e0:	2bf1                	jal	abc <RCC_APB2PeriphClockCmd>
     4e2:	04800793          	li	a5,72
     4e6:	c63e                	sw	a5,12(sp)
     4e8:	478d                	li	a5,3
     4ea:	c43e                	sw	a5,8(sp)
     4ec:	004c                	addi	a1,sp,4
     4ee:	6799                	lui	a5,0x6
     4f0:	40011537          	lui	a0,0x40011
     4f4:	827c                	sh	a5,4(sp)
     4f6:	2671                	jal	882 <GPIO_Init>
     4f8:	0141                	addi	sp,sp,16
     4fa:	bb29                	j	214 <__riscv_restore_0>

000004fc <motor_42_set_dir>:
     4fc:	cf5ff2ef          	jal	t0,1f0 <__riscv_save_0>
     500:	862a                	mv	a2,a0
     502:	40011537          	lui	a0,0x40011
     506:	65a1                	lui	a1,0x8
     508:	c0050513          	addi	a0,a0,-1024 # 40010c00 <_eusrstack+0x20008c00>
     50c:	293d                	jal	94a <GPIO_WriteBit>
     50e:	b319                	j	214 <__riscv_restore_0>

00000510 <motor_42_init>:
     510:	ce1ff2ef          	jal	t0,1f0 <__riscv_save_0>
     514:	7179                	addi	sp,sp,-48
     516:	4585                	li	a1,1
     518:	4531                	li	a0,12
     51a:	234d                	jal	abc <RCC_APB2PeriphClockCmd>
     51c:	47c1                	li	a5,16
     51e:	ce3e                	sw	a5,28(sp)
     520:	478d                	li	a5,3
     522:	40011437          	lui	s0,0x40011
     526:	cc3e                	sw	a5,24(sp)
     528:	6785                	lui	a5,0x1
     52a:	80078793          	addi	a5,a5,-2048 # 800 <__stack_size>
     52e:	084c                	addi	a1,sp,20
     530:	80040513          	addi	a0,s0,-2048 # 40010800 <_eusrstack+0x20008800>
     534:	82fc                	sh	a5,20(sp)
     536:	26b1                	jal	882 <GPIO_Init>
     538:	77fd                	lui	a5,0xfffff
     53a:	084c                	addi	a1,sp,20
     53c:	c0040513          	addi	a0,s0,-1024
     540:	82fc                	sh	a5,20(sp)
     542:	2681                	jal	882 <GPIO_Init>
     544:	47e1                	li	a5,24
     546:	ce3e                	sw	a5,28(sp)
     548:	084c                	addi	a1,sp,20
     54a:	10000793          	li	a5,256
     54e:	80040513          	addi	a0,s0,-2048
     552:	82fc                	sh	a5,20(sp)
     554:	263d                	jal	882 <GPIO_Init>
     556:	c0040513          	addi	a0,s0,-1024
     55a:	658d                	lui	a1,0x3
     55c:	26ed                	jal	946 <GPIO_ResetBits>
     55e:	6485                	lui	s1,0x1
     560:	80048593          	addi	a1,s1,-2048 # 800 <__stack_size>
     564:	80040513          	addi	a0,s0,-2048
     568:	2ef9                	jal	946 <GPIO_ResetBits>
     56a:	6591                	lui	a1,0x4
     56c:	c0040513          	addi	a0,s0,-1024
     570:	2ec9                	jal	942 <GPIO_SetBits>
     572:	200007b7          	lui	a5,0x20000
     576:	0807c503          	lbu	a0,128(a5) # 20000080 <step_dir>
     57a:	40013437          	lui	s0,0x40013
     57e:	3fbd                	jal	4fc <motor_42_set_dir>
     580:	80048513          	addi	a0,s1,-2048
     584:	4585                	li	a1,1
     586:	2b1d                	jal	abc <RCC_APB2PeriphClockCmd>
     588:	08f00793          	li	a5,143
     58c:	c43e                	sw	a5,8(sp)
     58e:	002c                	addi	a1,sp,8
     590:	03100793          	li	a5,49
     594:	c0040513          	addi	a0,s0,-1024 # 40012c00 <_eusrstack+0x2000ac00>
     598:	c63e                	sw	a5,12(sp)
     59a:	2bb9                	jal	af8 <TIM_TimeBaseInit>
     59c:	67c1                	lui	a5,0x10
     59e:	06078793          	addi	a5,a5,96 # 10060 <_data_lma+0xdddc>
     5a2:	d03e                	sw	a5,32(sp)
     5a4:	100c                	addi	a1,sp,32
     5a6:	47e5                	li	a5,25
     5a8:	c0040513          	addi	a0,s0,-1024
     5ac:	02f11323          	sh	a5,38(sp)
     5b0:	02011423          	sh	zero,40(sp)
     5b4:	23fd                	jal	ba2 <TIM_OC1Init>
     5b6:	c0040513          	addi	a0,s0,-1024
     5ba:	45a1                	li	a1,8
     5bc:	7f6000ef          	jal	ra,db2 <TIM_OC1PreloadConfig>
     5c0:	4605                	li	a2,1
     5c2:	c0040513          	addi	a0,s0,-1024
     5c6:	4585                	li	a1,1
     5c8:	7be000ef          	jal	ra,d86 <TIM_ITConfig>
     5cc:	c0040513          	addi	a0,s0,-1024
     5d0:	4585                	li	a1,1
     5d2:	055000ef          	jal	ra,e26 <TIM_ClearITPendingBit>
     5d6:	c0040513          	addi	a0,s0,-1024
     5da:	4585                	li	a1,1
     5dc:	794000ef          	jal	ra,d70 <TIM_CtrlPWMOutputs>
     5e0:	4581                	li	a1,0
     5e2:	c0040513          	addi	a0,s0,-1024
     5e6:	772000ef          	jal	ra,d58 <TIM_Cmd>
     5ea:	22900793          	li	a5,553
     5ee:	807c                	sh	a5,0(sp)
     5f0:	4789                	li	a5,2
     5f2:	815c                	sb	a5,2(sp)
     5f4:	850a                	mv	a0,sp
     5f6:	4785                	li	a5,1
     5f8:	c23e                	sw	a5,4(sp)
     5fa:	2685                	jal	95a <NVIC_Init>
     5fc:	6145                	addi	sp,sp,48
     5fe:	b919                	j	214 <__riscv_restore_0>

00000600 <TIM1_UP_IRQHandler>:
     600:	1141                	addi	sp,sp,-16
     602:	c622                	sw	s0,12(sp)
     604:	40013437          	lui	s0,0x40013
     608:	4585                	li	a1,1
     60a:	c0040513          	addi	a0,s0,-1024 # 40012c00 <_eusrstack+0x2000ac00>
     60e:	001000ef          	jal	ra,e0e <TIM_GetITStatus>
     612:	c505                	beqz	a0,63a <TIM1_UP_IRQHandler+0x3a>
     614:	4585                	li	a1,1
     616:	c0040513          	addi	a0,s0,-1024
     61a:	00d000ef          	jal	ra,e26 <TIM_ClearITPendingBit>
     61e:	82418793          	addi	a5,gp,-2012 # 200000a4 <step_current>
     622:	4398                	lw	a4,0(a5)
     624:	0705                	addi	a4,a4,1
     626:	c398                	sw	a4,0(a5)
     628:	4398                	lw	a4,0(a5)
     62a:	8281a783          	lw	a5,-2008(gp) # 200000a8 <step_target>
     62e:	00f76663          	bltu	a4,a5,63a <TIM1_UP_IRQHandler+0x3a>
     632:	4581                	li	a1,0
     634:	c0040513          	addi	a0,s0,-1024
     638:	2705                	jal	d58 <TIM_Cmd>
     63a:	4432                	lw	s0,12(sp)
     63c:	0141                	addi	sp,sp,16
     63e:	30200073          	mret

00000642 <NMI_Handler>:
     642:	a001                	j	642 <NMI_Handler>

00000644 <HardFault_Handler>:
     644:	beef07b7          	lui	a5,0xbeef0
     648:	e000e737          	lui	a4,0xe000e
     64c:	08078793          	addi	a5,a5,128 # beef0080 <_eusrstack+0x9eee8080>
     650:	c73c                	sw	a5,72(a4)
     652:	a001                	j	652 <HardFault_Handler+0xe>

00000654 <essentials>:
     654:	b9dff2ef          	jal	t0,1f0 <__riscv_save_0>
     658:	4509                	li	a0,2
     65a:	2ced                	jal	954 <NVIC_PriorityGroupConfig>
     65c:	2209                	jal	75e <SystemCoreClockUpdate>
     65e:	08b000ef          	jal	ra,ee8 <Delay_Init>
     662:	6571                	lui	a0,0x1c
     664:	20050513          	addi	a0,a0,512 # 1c200 <_data_lma+0x19f7c>
     668:	0e1000ef          	jal	ra,f48 <USART_Printf_Init>
     66c:	200007b7          	lui	a5,0x20000
     670:	0847a583          	lw	a1,132(a5) # 20000084 <SystemCoreClock>
     674:	00002537          	lui	a0,0x2
     678:	1b050513          	addi	a0,a0,432 # 21b0 <_read+0xc>
     67c:	181000ef          	jal	ra,ffc <iprintf>
     680:	2ae5                	jal	878 <DBGMCU_GetCHIPID>
     682:	85aa                	mv	a1,a0
     684:	00002537          	lui	a0,0x2
     688:	1c050513          	addi	a0,a0,448 # 21c0 <_read+0x1c>
     68c:	171000ef          	jal	ra,ffc <iprintf>
     690:	00002537          	lui	a0,0x2
     694:	1d050513          	addi	a0,a0,464 # 21d0 <_read+0x2c>
     698:	279000ef          	jal	ra,1110 <puts>
     69c:	bea5                	j	214 <__riscv_restore_0>

0000069e <main>:
     69e:	b53ff2ef          	jal	t0,1f0 <__riscv_save_0>
     6a2:	3f4d                	jal	654 <essentials>
     6a4:	3115                	jal	2c8 <Clock_Init>
     6a6:	35ad                	jal	510 <motor_42_init>
     6a8:	353d                	jal	4d6 <ir_limit_init>
     6aa:	3365                	jal	452 <DCMotor_Init>
     6ac:	0c800513          	li	a0,200
     6b0:	063000ef          	jal	ra,f12 <Delay_Ms>
     6b4:	a001                	j	6b4 <main+0x16>

000006b6 <SystemInit>:
     6b6:	400217b7          	lui	a5,0x40021
     6ba:	4398                	lw	a4,0(a5)
     6bc:	f0ff06b7          	lui	a3,0xf0ff0
     6c0:	00176713          	ori	a4,a4,1
     6c4:	c398                	sw	a4,0(a5)
     6c6:	43d8                	lw	a4,4(a5)
     6c8:	8f75                	and	a4,a4,a3
     6ca:	c3d8                	sw	a4,4(a5)
     6cc:	4398                	lw	a4,0(a5)
     6ce:	fef706b7          	lui	a3,0xfef70
     6d2:	16fd                	addi	a3,a3,-1
     6d4:	8f75                	and	a4,a4,a3
     6d6:	c398                	sw	a4,0(a5)
     6d8:	4398                	lw	a4,0(a5)
     6da:	fffc06b7          	lui	a3,0xfffc0
     6de:	16fd                	addi	a3,a3,-1
     6e0:	8f75                	and	a4,a4,a3
     6e2:	c398                	sw	a4,0(a5)
     6e4:	43d8                	lw	a4,4(a5)
     6e6:	ff0106b7          	lui	a3,0xff010
     6ea:	16fd                	addi	a3,a3,-1
     6ec:	8f75                	and	a4,a4,a3
     6ee:	c3d8                	sw	a4,4(a5)
     6f0:	009f0737          	lui	a4,0x9f0
     6f4:	c798                	sw	a4,8(a5)
     6f6:	400246b7          	lui	a3,0x40024
     6fa:	8006a703          	lw	a4,-2048(a3) # 40023800 <_eusrstack+0x2001b800>
     6fe:	01076713          	ori	a4,a4,16
     702:	80e6a023          	sw	a4,-2048(a3)
     706:	43d8                	lw	a4,4(a5)
     708:	ffc106b7          	lui	a3,0xffc10
     70c:	16fd                	addi	a3,a3,-1
     70e:	c3d8                	sw	a4,4(a5)
     710:	43d8                	lw	a4,4(a5)
     712:	c3d8                	sw	a4,4(a5)
     714:	43d8                	lw	a4,4(a5)
     716:	40076713          	ori	a4,a4,1024
     71a:	c3d8                	sw	a4,4(a5)
     71c:	43d8                	lw	a4,4(a5)
     71e:	8f75                	and	a4,a4,a3
     720:	c3d8                	sw	a4,4(a5)
     722:	43d8                	lw	a4,4(a5)
     724:	003c06b7          	lui	a3,0x3c0
     728:	8f55                	or	a4,a4,a3
     72a:	c3d8                	sw	a4,4(a5)
     72c:	4398                	lw	a4,0(a5)
     72e:	010006b7          	lui	a3,0x1000
     732:	8f55                	or	a4,a4,a3
     734:	c398                	sw	a4,0(a5)
     736:	4398                	lw	a4,0(a5)
     738:	00671693          	slli	a3,a4,0x6
     73c:	fe06dde3          	bgez	a3,736 <SystemInit+0x80>
     740:	43d8                	lw	a4,4(a5)
     742:	400216b7          	lui	a3,0x40021
     746:	9b71                	andi	a4,a4,-4
     748:	c3d8                	sw	a4,4(a5)
     74a:	43d8                	lw	a4,4(a5)
     74c:	00276713          	ori	a4,a4,2
     750:	c3d8                	sw	a4,4(a5)
     752:	4721                	li	a4,8
     754:	42dc                	lw	a5,4(a3)
     756:	8bb1                	andi	a5,a5,12
     758:	fee79ee3          	bne	a5,a4,754 <SystemInit+0x9e>
     75c:	8082                	ret

0000075e <SystemCoreClockUpdate>:
     75e:	400216b7          	lui	a3,0x40021
     762:	42dc                	lw	a5,4(a3)
     764:	4611                	li	a2,4
     766:	8bb1                	andi	a5,a5,12
     768:	80418713          	addi	a4,gp,-2044 # 20000084 <SystemCoreClock>
     76c:	00c78563          	beq	a5,a2,776 <SystemCoreClockUpdate+0x18>
     770:	4621                	li	a2,8
     772:	02c78863          	beq	a5,a2,7a2 <SystemCoreClockUpdate+0x44>
     776:	007a17b7          	lui	a5,0x7a1
     77a:	20078793          	addi	a5,a5,512 # 7a1200 <_data_lma+0x79ef7c>
     77e:	c31c                	sw	a5,0(a4)
     780:	400217b7          	lui	a5,0x40021
     784:	43dc                	lw	a5,4(a5)
     786:	8391                	srli	a5,a5,0x4
     788:	00f7f693          	andi	a3,a5,15
     78c:	200007b7          	lui	a5,0x20000
     790:	00078793          	mv	a5,a5
     794:	97b6                	add	a5,a5,a3
     796:	2394                	lbu	a3,0(a5)
     798:	431c                	lw	a5,0(a4)
     79a:	00d7d7b3          	srl	a5,a5,a3
     79e:	c31c                	sw	a5,0(a4)
     7a0:	8082                	ret
     7a2:	42dc                	lw	a5,4(a3)
     7a4:	42d4                	lw	a3,4(a3)
     7a6:	6641                	lui	a2,0x10
     7a8:	83c9                	srli	a5,a5,0x12
     7aa:	8bbd                	andi	a5,a5,15
     7ac:	8ef1                	and	a3,a3,a2
     7ae:	0789                	addi	a5,a5,2
     7b0:	4645                	li	a2,17
     7b2:	00c79363          	bne	a5,a2,7b8 <SystemCoreClockUpdate+0x5a>
     7b6:	47c9                	li	a5,18
     7b8:	ee81                	bnez	a3,7d0 <SystemCoreClockUpdate+0x72>
     7ba:	400246b7          	lui	a3,0x40024
     7be:	8006a683          	lw	a3,-2048(a3) # 40023800 <_eusrstack+0x2001b800>
     7c2:	8ac1                	andi	a3,a3,16
     7c4:	ce89                	beqz	a3,7de <SystemCoreClockUpdate+0x80>
     7c6:	007a16b7          	lui	a3,0x7a1
     7ca:	20068693          	addi	a3,a3,512 # 7a1200 <_data_lma+0x79ef7c>
     7ce:	a821                	j	7e6 <SystemCoreClockUpdate+0x88>
     7d0:	400216b7          	lui	a3,0x40021
     7d4:	42d4                	lw	a3,4(a3)
     7d6:	00e69613          	slli	a2,a3,0xe
     7da:	fe0656e3          	bgez	a2,7c6 <SystemCoreClockUpdate+0x68>
     7de:	003d16b7          	lui	a3,0x3d1
     7e2:	90068693          	addi	a3,a3,-1792 # 3d0900 <_data_lma+0x3ce67c>
     7e6:	02d787b3          	mul	a5,a5,a3
     7ea:	bf51                	j	77e <SystemCoreClockUpdate+0x20>

000007ec <ADC1_2_IRQHandler>:
     7ec:	a001                	j	7ec <ADC1_2_IRQHandler>

000007ee <handle_reset>:
     7ee:	20000197          	auipc	gp,0x20000
     7f2:	09218193          	addi	gp,gp,146 # 20000880 <__global_pointer$>
     7f6:	20008117          	auipc	sp,0x20008
     7fa:	80a10113          	addi	sp,sp,-2038 # 20008000 <_eusrstack>
     7fe:	00002517          	auipc	a0,0x2
     802:	a8650513          	addi	a0,a0,-1402 # 2284 <_data_lma>
     806:	1ffff597          	auipc	a1,0x1ffff
     80a:	7fa58593          	addi	a1,a1,2042 # 20000000 <_data_vma>
     80e:	81818613          	addi	a2,gp,-2024 # 20000098 <_edata>
     812:	00c5fa63          	bgeu	a1,a2,826 <__stack_size+0x26>
     816:	00052283          	lw	t0,0(a0)
     81a:	0055a023          	sw	t0,0(a1)
     81e:	0511                	addi	a0,a0,4
     820:	0591                	addi	a1,a1,4
     822:	fec5eae3          	bltu	a1,a2,816 <__stack_size+0x16>
     826:	81818513          	addi	a0,gp,-2024 # 20000098 <_edata>
     82a:	84018593          	addi	a1,gp,-1984 # 200000c0 <_ebss>
     82e:	00b57763          	bgeu	a0,a1,83c <__stack_size+0x3c>
     832:	00052023          	sw	zero,0(a0)
     836:	0511                	addi	a0,a0,4
     838:	feb56de3          	bltu	a0,a1,832 <__stack_size+0x32>
     83c:	42fd                	li	t0,31
     83e:	bc029073          	csrw	0xbc0,t0
     842:	42ad                	li	t0,11
     844:	80429073          	csrw	0x804,t0
     848:	000062b7          	lui	t0,0x6
     84c:	08828293          	addi	t0,t0,136 # 6088 <_data_lma+0x3e04>
     850:	30029073          	csrw	mstatus,t0
     854:	fffff297          	auipc	t0,0xfffff
     858:	7b028293          	addi	t0,t0,1968 # 4 <_einit>
     85c:	0032e293          	ori	t0,t0,3
     860:	30529073          	csrw	mtvec,t0
     864:	e53ff0ef          	jal	ra,6b6 <SystemInit>
     868:	00000297          	auipc	t0,0x0
     86c:	e3628293          	addi	t0,t0,-458 # 69e <main>
     870:	34129073          	csrw	mepc,t0
     874:	30200073          	mret

00000878 <DBGMCU_GetCHIPID>:
     878:	1ffff7b7          	lui	a5,0x1ffff
     87c:	7047a503          	lw	a0,1796(a5) # 1ffff704 <_data_lma+0x1fffd480>
     880:	8082                	ret

00000882 <GPIO_Init>:
     882:	459c                	lw	a5,8(a1)
     884:	0107f713          	andi	a4,a5,16
     888:	00f7f813          	andi	a6,a5,15
     88c:	c701                	beqz	a4,894 <GPIO_Init+0x12>
     88e:	41d8                	lw	a4,4(a1)
     890:	00e86833          	or	a6,a6,a4
     894:	218e                	lhu	a1,0(a1)
     896:	0ff5f713          	andi	a4,a1,255
     89a:	c339                	beqz	a4,8e0 <GPIO_Init+0x5e>
     89c:	4118                	lw	a4,0(a0)
     89e:	4681                	li	a3,0
     8a0:	4e85                	li	t4,1
     8a2:	4f3d                	li	t5,15
     8a4:	02800f93          	li	t6,40
     8a8:	04800293          	li	t0,72
     8ac:	4e21                	li	t3,8
     8ae:	00de9633          	sll	a2,t4,a3
     8b2:	00c5f8b3          	and	a7,a1,a2
     8b6:	03161163          	bne	a2,a7,8d8 <GPIO_Init+0x56>
     8ba:	00269893          	slli	a7,a3,0x2
     8be:	011f1333          	sll	t1,t5,a7
     8c2:	fff34313          	not	t1,t1
     8c6:	00e37733          	and	a4,t1,a4
     8ca:	011818b3          	sll	a7,a6,a7
     8ce:	00e8e733          	or	a4,a7,a4
     8d2:	05f79f63          	bne	a5,t6,930 <GPIO_Init+0xae>
     8d6:	c950                	sw	a2,20(a0)
     8d8:	0685                	addi	a3,a3,1
     8da:	fdc69ae3          	bne	a3,t3,8ae <GPIO_Init+0x2c>
     8de:	c118                	sw	a4,0(a0)
     8e0:	0ff00713          	li	a4,255
     8e4:	04b77563          	bgeu	a4,a1,92e <GPIO_Init+0xac>
     8e8:	4154                	lw	a3,4(a0)
     8ea:	4621                	li	a2,8
     8ec:	4e85                	li	t4,1
     8ee:	4f3d                	li	t5,15
     8f0:	02800f93          	li	t6,40
     8f4:	04800293          	li	t0,72
     8f8:	4e41                	li	t3,16
     8fa:	00ce98b3          	sll	a7,t4,a2
     8fe:	0115f733          	and	a4,a1,a7
     902:	02e89263          	bne	a7,a4,926 <GPIO_Init+0xa4>
     906:	00261713          	slli	a4,a2,0x2
     90a:	1701                	addi	a4,a4,-32
     90c:	00ef1333          	sll	t1,t5,a4
     910:	fff34313          	not	t1,t1
     914:	00d376b3          	and	a3,t1,a3
     918:	00e81733          	sll	a4,a6,a4
     91c:	8ed9                	or	a3,a3,a4
     91e:	01f79d63          	bne	a5,t6,938 <GPIO_Init+0xb6>
     922:	01152a23          	sw	a7,20(a0)
     926:	0605                	addi	a2,a2,1
     928:	fdc619e3          	bne	a2,t3,8fa <GPIO_Init+0x78>
     92c:	c154                	sw	a3,4(a0)
     92e:	8082                	ret
     930:	fa5794e3          	bne	a5,t0,8d8 <GPIO_Init+0x56>
     934:	c910                	sw	a2,16(a0)
     936:	b74d                	j	8d8 <GPIO_Init+0x56>
     938:	fe5797e3          	bne	a5,t0,926 <GPIO_Init+0xa4>
     93c:	01152823          	sw	a7,16(a0)
     940:	b7dd                	j	926 <GPIO_Init+0xa4>

00000942 <GPIO_SetBits>:
     942:	c90c                	sw	a1,16(a0)
     944:	8082                	ret

00000946 <GPIO_ResetBits>:
     946:	c94c                	sw	a1,20(a0)
     948:	8082                	ret

0000094a <GPIO_WriteBit>:
     94a:	c219                	beqz	a2,950 <GPIO_WriteBit+0x6>
     94c:	c90c                	sw	a1,16(a0)
     94e:	8082                	ret
     950:	c94c                	sw	a1,20(a0)
     952:	8082                	ret

00000954 <NVIC_PriorityGroupConfig>:
     954:	82a1a623          	sw	a0,-2004(gp) # 200000ac <NVIC_Priority_Group>
     958:	8082                	ret

0000095a <NVIC_Init>:
     95a:	82c1a703          	lw	a4,-2004(gp) # 200000ac <NVIC_Priority_Group>
     95e:	4789                	li	a5,2
     960:	2110                	lbu	a2,0(a0)
     962:	02f71163          	bne	a4,a5,984 <NVIC_Init+0x2a>
     966:	3114                	lbu	a3,1(a0)
     968:	478d                	li	a5,3
     96a:	00d7ed63          	bltu	a5,a3,984 <NVIC_Init+0x2a>
     96e:	213c                	lbu	a5,2(a0)
     970:	069a                	slli	a3,a3,0x6
     972:	e000e737          	lui	a4,0xe000e
     976:	0796                	slli	a5,a5,0x5
     978:	8fd5                	or	a5,a5,a3
     97a:	0ff7f793          	andi	a5,a5,255
     97e:	9732                	add	a4,a4,a2
     980:	40f70023          	sb	a5,1024(a4) # e000e400 <_eusrstack+0xc0006400>
     984:	4154                	lw	a3,4(a0)
     986:	4705                	li	a4,1
     988:	00565793          	srli	a5,a2,0x5
     98c:	00c71733          	sll	a4,a4,a2
     990:	ca89                	beqz	a3,9a2 <NVIC_Init+0x48>
     992:	04078793          	addi	a5,a5,64
     996:	078a                	slli	a5,a5,0x2
     998:	e000e6b7          	lui	a3,0xe000e
     99c:	97b6                	add	a5,a5,a3
     99e:	c398                	sw	a4,0(a5)
     9a0:	8082                	ret
     9a2:	06078793          	addi	a5,a5,96
     9a6:	e000e6b7          	lui	a3,0xe000e
     9aa:	078a                	slli	a5,a5,0x2
     9ac:	97b6                	add	a5,a5,a3
     9ae:	c398                	sw	a4,0(a5)
     9b0:	0000100f          	fence.i
     9b4:	8082                	ret

000009b6 <RCC_GetClocksFreq>:
     9b6:	40021737          	lui	a4,0x40021
     9ba:	435c                	lw	a5,4(a4)
     9bc:	4691                	li	a3,4
     9be:	8bb1                	andi	a5,a5,12
     9c0:	00d78563          	beq	a5,a3,9ca <RCC_GetClocksFreq+0x14>
     9c4:	46a1                	li	a3,8
     9c6:	06d78263          	beq	a5,a3,a2a <RCC_GetClocksFreq+0x74>
     9ca:	007a17b7          	lui	a5,0x7a1
     9ce:	20078793          	addi	a5,a5,512 # 7a1200 <_data_lma+0x79ef7c>
     9d2:	c11c                	sw	a5,0(a0)
     9d4:	40021637          	lui	a2,0x40021
     9d8:	425c                	lw	a5,4(a2)
     9da:	20000737          	lui	a4,0x20000
     9de:	01070713          	addi	a4,a4,16 # 20000010 <APBAHBPrescTable>
     9e2:	8391                	srli	a5,a5,0x4
     9e4:	8bbd                	andi	a5,a5,15
     9e6:	97ba                	add	a5,a5,a4
     9e8:	2394                	lbu	a3,0(a5)
     9ea:	411c                	lw	a5,0(a0)
     9ec:	00d7d7b3          	srl	a5,a5,a3
     9f0:	c15c                	sw	a5,4(a0)
     9f2:	4254                	lw	a3,4(a2)
     9f4:	82a1                	srli	a3,a3,0x8
     9f6:	8a9d                	andi	a3,a3,7
     9f8:	96ba                	add	a3,a3,a4
     9fa:	2294                	lbu	a3,0(a3)
     9fc:	00d7d6b3          	srl	a3,a5,a3
     a00:	c514                	sw	a3,8(a0)
     a02:	4254                	lw	a3,4(a2)
     a04:	82ad                	srli	a3,a3,0xb
     a06:	8a9d                	andi	a3,a3,7
     a08:	9736                	add	a4,a4,a3
     a0a:	2318                	lbu	a4,0(a4)
     a0c:	00e7d7b3          	srl	a5,a5,a4
     a10:	c55c                	sw	a5,12(a0)
     a12:	4258                	lw	a4,4(a2)
     a14:	8339                	srli	a4,a4,0xe
     a16:	00377693          	andi	a3,a4,3
     a1a:	80818713          	addi	a4,gp,-2040 # 20000088 <ADCPrescTable>
     a1e:	9736                	add	a4,a4,a3
     a20:	2318                	lbu	a4,0(a4)
     a22:	02e7d7b3          	divu	a5,a5,a4
     a26:	c91c                	sw	a5,16(a0)
     a28:	8082                	ret
     a2a:	435c                	lw	a5,4(a4)
     a2c:	4354                	lw	a3,4(a4)
     a2e:	6741                	lui	a4,0x10
     a30:	83c9                	srli	a5,a5,0x12
     a32:	8ef9                	and	a3,a3,a4
     a34:	1ffff737          	lui	a4,0x1ffff
     a38:	70c72703          	lw	a4,1804(a4) # 1ffff70c <_data_lma+0x1fffd488>
     a3c:	8bbd                	andi	a5,a5,15
     a3e:	0789                	addi	a5,a5,2
     a40:	01171613          	slli	a2,a4,0x11
     a44:	00064863          	bltz	a2,a54 <RCC_GetClocksFreq+0x9e>
     a48:	4645                	li	a2,17
     a4a:	4701                	li	a4,0
     a4c:	02c79263          	bne	a5,a2,a70 <RCC_GetClocksFreq+0xba>
     a50:	47c9                	li	a5,18
     a52:	a839                	j	a70 <RCC_GetClocksFreq+0xba>
     a54:	4709                	li	a4,2
     a56:	02e78963          	beq	a5,a4,a88 <RCC_GetClocksFreq+0xd2>
     a5a:	473d                	li	a4,15
     a5c:	02e78863          	beq	a5,a4,a8c <RCC_GetClocksFreq+0xd6>
     a60:	4741                	li	a4,16
     a62:	02e78863          	beq	a5,a4,a92 <RCC_GetClocksFreq+0xdc>
     a66:	4645                	li	a2,17
     a68:	4701                	li	a4,0
     a6a:	00c79363          	bne	a5,a2,a70 <RCC_GetClocksFreq+0xba>
     a6e:	47c1                	li	a5,16
     a70:	e685                	bnez	a3,a98 <RCC_GetClocksFreq+0xe2>
     a72:	400246b7          	lui	a3,0x40024
     a76:	8006a683          	lw	a3,-2048(a3) # 40023800 <_eusrstack+0x2001b800>
     a7a:	8ac1                	andi	a3,a3,16
     a7c:	c68d                	beqz	a3,aa6 <RCC_GetClocksFreq+0xf0>
     a7e:	007a16b7          	lui	a3,0x7a1
     a82:	20068693          	addi	a3,a3,512 # 7a1200 <_data_lma+0x79ef7c>
     a86:	a025                	j	aae <RCC_GetClocksFreq+0xf8>
     a88:	4701                	li	a4,0
     a8a:	b7d9                	j	a50 <RCC_GetClocksFreq+0x9a>
     a8c:	4705                	li	a4,1
     a8e:	47b5                	li	a5,13
     a90:	b7c5                	j	a70 <RCC_GetClocksFreq+0xba>
     a92:	4701                	li	a4,0
     a94:	47bd                	li	a5,15
     a96:	bfe9                	j	a70 <RCC_GetClocksFreq+0xba>
     a98:	400216b7          	lui	a3,0x40021
     a9c:	42d4                	lw	a3,4(a3)
     a9e:	00e69613          	slli	a2,a3,0xe
     aa2:	fc065ee3          	bgez	a2,a7e <RCC_GetClocksFreq+0xc8>
     aa6:	003d16b7          	lui	a3,0x3d1
     aaa:	90068693          	addi	a3,a3,-1792 # 3d0900 <_data_lma+0x3ce67c>
     aae:	02d787b3          	mul	a5,a5,a3
     ab2:	c11c                	sw	a5,0(a0)
     ab4:	d305                	beqz	a4,9d4 <RCC_GetClocksFreq+0x1e>
     ab6:	411c                	lw	a5,0(a0)
     ab8:	8385                	srli	a5,a5,0x1
     aba:	bf21                	j	9d2 <RCC_GetClocksFreq+0x1c>

00000abc <RCC_APB2PeriphClockCmd>:
     abc:	c599                	beqz	a1,aca <RCC_APB2PeriphClockCmd+0xe>
     abe:	40021737          	lui	a4,0x40021
     ac2:	4f1c                	lw	a5,24(a4)
     ac4:	8d5d                	or	a0,a0,a5
     ac6:	cf08                	sw	a0,24(a4)
     ac8:	8082                	ret
     aca:	400217b7          	lui	a5,0x40021
     ace:	4f98                	lw	a4,24(a5)
     ad0:	fff54513          	not	a0,a0
     ad4:	8d79                	and	a0,a0,a4
     ad6:	cf88                	sw	a0,24(a5)
     ad8:	8082                	ret

00000ada <RCC_APB1PeriphClockCmd>:
     ada:	c599                	beqz	a1,ae8 <RCC_APB1PeriphClockCmd+0xe>
     adc:	40021737          	lui	a4,0x40021
     ae0:	4f5c                	lw	a5,28(a4)
     ae2:	8d5d                	or	a0,a0,a5
     ae4:	cf48                	sw	a0,28(a4)
     ae6:	8082                	ret
     ae8:	400217b7          	lui	a5,0x40021
     aec:	4fd8                	lw	a4,28(a5)
     aee:	fff54513          	not	a0,a0
     af2:	8d79                	and	a0,a0,a4
     af4:	cfc8                	sw	a0,28(a5)
     af6:	8082                	ret

00000af8 <TIM_TimeBaseInit>:
     af8:	211e                	lhu	a5,0(a0)
     afa:	40013737          	lui	a4,0x40013
     afe:	c0070693          	addi	a3,a4,-1024 # 40012c00 <_eusrstack+0x2000ac00>
     b02:	07c2                	slli	a5,a5,0x10
     b04:	83c1                	srli	a5,a5,0x10
     b06:	04d50063          	beq	a0,a3,b46 <TIM_TimeBaseInit+0x4e>
     b0a:	400006b7          	lui	a3,0x40000
     b0e:	02d50c63          	beq	a0,a3,b46 <TIM_TimeBaseInit+0x4e>
     b12:	40068693          	addi	a3,a3,1024 # 40000400 <_eusrstack+0x1fff8400>
     b16:	02d50863          	beq	a0,a3,b46 <TIM_TimeBaseInit+0x4e>
     b1a:	400016b7          	lui	a3,0x40001
     b1e:	80068613          	addi	a2,a3,-2048 # 40000800 <_eusrstack+0x1fff8800>
     b22:	02c50263          	beq	a0,a2,b46 <TIM_TimeBaseInit+0x4e>
     b26:	c0068693          	addi	a3,a3,-1024
     b2a:	00d50e63          	beq	a0,a3,b46 <TIM_TimeBaseInit+0x4e>
     b2e:	40070713          	addi	a4,a4,1024
     b32:	00e50a63          	beq	a0,a4,b46 <TIM_TimeBaseInit+0x4e>
     b36:	40015737          	lui	a4,0x40015
     b3a:	c0070693          	addi	a3,a4,-1024 # 40014c00 <_eusrstack+0x2000cc00>
     b3e:	00d50463          	beq	a0,a3,b46 <TIM_TimeBaseInit+0x4e>
     b42:	00e51663          	bne	a0,a4,b4e <TIM_TimeBaseInit+0x56>
     b46:	21ba                	lhu	a4,2(a1)
     b48:	f8f7f793          	andi	a5,a5,-113
     b4c:	8fd9                	or	a5,a5,a4
     b4e:	40001737          	lui	a4,0x40001
     b52:	00e50c63          	beq	a0,a4,b6a <TIM_TimeBaseInit+0x72>
     b56:	40070713          	addi	a4,a4,1024 # 40001400 <_eusrstack+0x1fff9400>
     b5a:	00e50863          	beq	a0,a4,b6a <TIM_TimeBaseInit+0x72>
     b5e:	cff7f793          	andi	a5,a5,-769
     b62:	21fa                	lhu	a4,6(a1)
     b64:	07c2                	slli	a5,a5,0x10
     b66:	83c1                	srli	a5,a5,0x10
     b68:	8fd9                	or	a5,a5,a4
     b6a:	a11e                	sh	a5,0(a0)
     b6c:	21de                	lhu	a5,4(a1)
     b6e:	b55e                	sh	a5,44(a0)
     b70:	219e                	lhu	a5,0(a1)
     b72:	b51e                	sh	a5,40(a0)
     b74:	400137b7          	lui	a5,0x40013
     b78:	c0078713          	addi	a4,a5,-1024 # 40012c00 <_eusrstack+0x2000ac00>
     b7c:	00e50e63          	beq	a0,a4,b98 <TIM_TimeBaseInit+0xa0>
     b80:	40078793          	addi	a5,a5,1024
     b84:	00f50a63          	beq	a0,a5,b98 <TIM_TimeBaseInit+0xa0>
     b88:	400157b7          	lui	a5,0x40015
     b8c:	c0078713          	addi	a4,a5,-1024 # 40014c00 <_eusrstack+0x2000cc00>
     b90:	00e50463          	beq	a0,a4,b98 <TIM_TimeBaseInit+0xa0>
     b94:	00f51463          	bne	a0,a5,b9c <TIM_TimeBaseInit+0xa4>
     b98:	259c                	lbu	a5,8(a1)
     b9a:	b91e                	sh	a5,48(a0)
     b9c:	4785                	li	a5,1
     b9e:	a95e                	sh	a5,20(a0)
     ba0:	8082                	ret

00000ba2 <TIM_OC1Init>:
     ba2:	311e                	lhu	a5,32(a0)
     ba4:	2192                	lhu	a2,0(a1)
     ba6:	0025d803          	lhu	a6,2(a1)
     baa:	07c2                	slli	a5,a5,0x10
     bac:	83c1                	srli	a5,a5,0x10
     bae:	9bf9                	andi	a5,a5,-2
     bb0:	07c2                	slli	a5,a5,0x10
     bb2:	83c1                	srli	a5,a5,0x10
     bb4:	b11e                	sh	a5,32(a0)
     bb6:	311e                	lhu	a5,32(a0)
     bb8:	2156                	lhu	a3,4(a0)
     bba:	2d1a                	lhu	a4,24(a0)
     bbc:	07c2                	slli	a5,a5,0x10
     bbe:	83c1                	srli	a5,a5,0x10
     bc0:	0742                	slli	a4,a4,0x10
     bc2:	8341                	srli	a4,a4,0x10
     bc4:	f8c77713          	andi	a4,a4,-116
     bc8:	8f51                	or	a4,a4,a2
     bca:	2592                	lhu	a2,8(a1)
     bcc:	9bf5                	andi	a5,a5,-3
     bce:	06c2                	slli	a3,a3,0x10
     bd0:	01066633          	or	a2,a2,a6
     bd4:	8fd1                	or	a5,a5,a2
     bd6:	40013637          	lui	a2,0x40013
     bda:	c0060813          	addi	a6,a2,-1024 # 40012c00 <_eusrstack+0x2000ac00>
     bde:	82c1                	srli	a3,a3,0x10
     be0:	01050e63          	beq	a0,a6,bfc <TIM_OC1Init+0x5a>
     be4:	40060613          	addi	a2,a2,1024
     be8:	00c50a63          	beq	a0,a2,bfc <TIM_OC1Init+0x5a>
     bec:	40015637          	lui	a2,0x40015
     bf0:	c0060813          	addi	a6,a2,-1024 # 40014c00 <_eusrstack+0x2000cc00>
     bf4:	01050463          	beq	a0,a6,bfc <TIM_OC1Init+0x5a>
     bf8:	02c51063          	bne	a0,a2,c18 <TIM_OC1Init+0x76>
     bfc:	25b2                	lhu	a2,10(a1)
     bfe:	9bdd                	andi	a5,a5,-9
     c00:	00e5d803          	lhu	a6,14(a1)
     c04:	8fd1                	or	a5,a5,a2
     c06:	21d2                	lhu	a2,4(a1)
     c08:	9bed                	andi	a5,a5,-5
     c0a:	cff6f693          	andi	a3,a3,-769
     c0e:	8fd1                	or	a5,a5,a2
     c10:	25d2                	lhu	a2,12(a1)
     c12:	01066633          	or	a2,a2,a6
     c16:	8ed1                	or	a3,a3,a2
     c18:	a156                	sh	a3,4(a0)
     c1a:	ad1a                	sh	a4,24(a0)
     c1c:	21fa                	lhu	a4,6(a1)
     c1e:	b95a                	sh	a4,52(a0)
     c20:	b11e                	sh	a5,32(a0)
     c22:	8082                	ret

00000c24 <TIM_OC3Init>:
     c24:	311e                	lhu	a5,32(a0)
     c26:	0085d803          	lhu	a6,8(a1)
     c2a:	07c2                	slli	a5,a5,0x10
     c2c:	83c1                	srli	a5,a5,0x10
     c2e:	eff7f793          	andi	a5,a5,-257
     c32:	07c2                	slli	a5,a5,0x10
     c34:	83c1                	srli	a5,a5,0x10
     c36:	b11e                	sh	a5,32(a0)
     c38:	311e                	lhu	a5,32(a0)
     c3a:	2156                	lhu	a3,4(a0)
     c3c:	2d5a                	lhu	a4,28(a0)
     c3e:	07c2                	slli	a5,a5,0x10
     c40:	01069613          	slli	a2,a3,0x10
     c44:	0742                	slli	a4,a4,0x10
     c46:	2196                	lhu	a3,0(a1)
     c48:	8341                	srli	a4,a4,0x10
     c4a:	f8c77713          	andi	a4,a4,-116
     c4e:	8f55                	or	a4,a4,a3
     c50:	21b6                	lhu	a3,2(a1)
     c52:	83c1                	srli	a5,a5,0x10
     c54:	dff7f793          	andi	a5,a5,-513
     c58:	0106e6b3          	or	a3,a3,a6
     c5c:	06a2                	slli	a3,a3,0x8
     c5e:	8fd5                	or	a5,a5,a3
     c60:	400136b7          	lui	a3,0x40013
     c64:	07c2                	slli	a5,a5,0x10
     c66:	c0068813          	addi	a6,a3,-1024 # 40012c00 <_eusrstack+0x2000ac00>
     c6a:	8241                	srli	a2,a2,0x10
     c6c:	83c1                	srli	a5,a5,0x10
     c6e:	01050e63          	beq	a0,a6,c8a <TIM_OC3Init+0x66>
     c72:	40068693          	addi	a3,a3,1024
     c76:	00d50a63          	beq	a0,a3,c8a <TIM_OC3Init+0x66>
     c7a:	400156b7          	lui	a3,0x40015
     c7e:	c0068813          	addi	a6,a3,-1024 # 40014c00 <_eusrstack+0x2000cc00>
     c82:	01050463          	beq	a0,a6,c8a <TIM_OC3Init+0x66>
     c86:	02d51f63          	bne	a0,a3,cc4 <TIM_OC3Init+0xa0>
     c8a:	76fd                	lui	a3,0xfffff
     c8c:	7ff68693          	addi	a3,a3,2047 # fffff7ff <_eusrstack+0xdfff77ff>
     c90:	8ff5                	and	a5,a5,a3
     c92:	25b6                	lhu	a3,10(a1)
     c94:	00c5d803          	lhu	a6,12(a1)
     c98:	06a2                	slli	a3,a3,0x8
     c9a:	8fd5                	or	a5,a5,a3
     c9c:	21d6                	lhu	a3,4(a1)
     c9e:	07c2                	slli	a5,a5,0x10
     ca0:	83c1                	srli	a5,a5,0x10
     ca2:	06a2                	slli	a3,a3,0x8
     ca4:	bff7f793          	andi	a5,a5,-1025
     ca8:	8fd5                	or	a5,a5,a3
     caa:	76f5                	lui	a3,0xffffd
     cac:	16fd                	addi	a3,a3,-1
     cae:	8ef1                	and	a3,a3,a2
     cb0:	25f2                	lhu	a2,14(a1)
     cb2:	07c2                	slli	a5,a5,0x10
     cb4:	83c1                	srli	a5,a5,0x10
     cb6:	01066633          	or	a2,a2,a6
     cba:	0612                	slli	a2,a2,0x4
     cbc:	8ed1                	or	a3,a3,a2
     cbe:	01069613          	slli	a2,a3,0x10
     cc2:	8241                	srli	a2,a2,0x10
     cc4:	a152                	sh	a2,4(a0)
     cc6:	ad5a                	sh	a4,28(a0)
     cc8:	21fa                	lhu	a4,6(a1)
     cca:	bd5a                	sh	a4,60(a0)
     ccc:	b11e                	sh	a5,32(a0)
     cce:	8082                	ret

00000cd0 <TIM_OC4Init>:
     cd0:	311a                	lhu	a4,32(a0)
     cd2:	77fd                	lui	a5,0xfffff
     cd4:	17fd                	addi	a5,a5,-1
     cd6:	8ff9                	and	a5,a5,a4
     cd8:	b11e                	sh	a5,32(a0)
     cda:	02055803          	lhu	a6,32(a0)
     cde:	2156                	lhu	a3,4(a0)
     ce0:	2d5e                	lhu	a5,28(a0)
     ce2:	7765                	lui	a4,0xffff9
     ce4:	01069613          	slli	a2,a3,0x10
     ce8:	2196                	lhu	a3,0(a1)
     cea:	cff70713          	addi	a4,a4,-769 # ffff8cff <_eusrstack+0xdfff0cff>
     cee:	8f7d                	and	a4,a4,a5
     cf0:	77f9                	lui	a5,0xffffe
     cf2:	06a2                	slli	a3,a3,0x8
     cf4:	17fd                	addi	a5,a5,-1
     cf6:	8f55                	or	a4,a4,a3
     cf8:	0107f7b3          	and	a5,a5,a6
     cfc:	21b6                	lhu	a3,2(a1)
     cfe:	0085d803          	lhu	a6,8(a1)
     d02:	0742                	slli	a4,a4,0x10
     d04:	8241                	srli	a2,a2,0x10
     d06:	0106e6b3          	or	a3,a3,a6
     d0a:	06b2                	slli	a3,a3,0xc
     d0c:	8fd5                	or	a5,a5,a3
     d0e:	400136b7          	lui	a3,0x40013
     d12:	07c2                	slli	a5,a5,0x10
     d14:	c0068813          	addi	a6,a3,-1024 # 40012c00 <_eusrstack+0x2000ac00>
     d18:	8341                	srli	a4,a4,0x10
     d1a:	83c1                	srli	a5,a5,0x10
     d1c:	01050e63          	beq	a0,a6,d38 <TIM_OC4Init+0x68>
     d20:	40068693          	addi	a3,a3,1024
     d24:	00d50a63          	beq	a0,a3,d38 <TIM_OC4Init+0x68>
     d28:	400156b7          	lui	a3,0x40015
     d2c:	c0068813          	addi	a6,a3,-1024 # 40014c00 <_eusrstack+0x2000cc00>
     d30:	01050463          	beq	a0,a6,d38 <TIM_OC4Init+0x68>
     d34:	00d51b63          	bne	a0,a3,d4a <TIM_OC4Init+0x7a>
     d38:	76f1                	lui	a3,0xffffc
     d3a:	16fd                	addi	a3,a3,-1
     d3c:	8ef1                	and	a3,a3,a2
     d3e:	25d2                	lhu	a2,12(a1)
     d40:	061a                	slli	a2,a2,0x6
     d42:	8ed1                	or	a3,a3,a2
     d44:	01069613          	slli	a2,a3,0x10
     d48:	8241                	srli	a2,a2,0x10
     d4a:	a152                	sh	a2,4(a0)
     d4c:	ad5a                	sh	a4,28(a0)
     d4e:	21fa                	lhu	a4,6(a1)
     d50:	04e51023          	sh	a4,64(a0)
     d54:	b11e                	sh	a5,32(a0)
     d56:	8082                	ret

00000d58 <TIM_Cmd>:
     d58:	211e                	lhu	a5,0(a0)
     d5a:	c589                	beqz	a1,d64 <TIM_Cmd+0xc>
     d5c:	0017e793          	ori	a5,a5,1
     d60:	a11e                	sh	a5,0(a0)
     d62:	8082                	ret
     d64:	07c2                	slli	a5,a5,0x10
     d66:	83c1                	srli	a5,a5,0x10
     d68:	9bf9                	andi	a5,a5,-2
     d6a:	07c2                	slli	a5,a5,0x10
     d6c:	83c1                	srli	a5,a5,0x10
     d6e:	bfcd                	j	d60 <TIM_Cmd+0x8>

00000d70 <TIM_CtrlPWMOutputs>:
     d70:	04455783          	lhu	a5,68(a0)
     d74:	c591                	beqz	a1,d80 <TIM_CtrlPWMOutputs+0x10>
     d76:	6721                	lui	a4,0x8
     d78:	8fd9                	or	a5,a5,a4
     d7a:	04f51223          	sh	a5,68(a0)
     d7e:	8082                	ret
     d80:	07c6                	slli	a5,a5,0x11
     d82:	83c5                	srli	a5,a5,0x11
     d84:	bfdd                	j	d7a <TIM_CtrlPWMOutputs+0xa>

00000d86 <TIM_ITConfig>:
     d86:	255e                	lhu	a5,12(a0)
     d88:	c601                	beqz	a2,d90 <TIM_ITConfig+0xa>
     d8a:	8ddd                	or	a1,a1,a5
     d8c:	a54e                	sh	a1,12(a0)
     d8e:	8082                	ret
     d90:	fff5c593          	not	a1,a1
     d94:	8dfd                	and	a1,a1,a5
     d96:	bfdd                	j	d8c <TIM_ITConfig+0x6>

00000d98 <TIM_ARRPreloadConfig>:
     d98:	211e                	lhu	a5,0(a0)
     d9a:	c589                	beqz	a1,da4 <TIM_ARRPreloadConfig+0xc>
     d9c:	0807e793          	ori	a5,a5,128
     da0:	a11e                	sh	a5,0(a0)
     da2:	8082                	ret
     da4:	07c2                	slli	a5,a5,0x10
     da6:	83c1                	srli	a5,a5,0x10
     da8:	f7f7f793          	andi	a5,a5,-129
     dac:	07c2                	slli	a5,a5,0x10
     dae:	83c1                	srli	a5,a5,0x10
     db0:	bfc5                	j	da0 <TIM_ARRPreloadConfig+0x8>

00000db2 <TIM_OC1PreloadConfig>:
     db2:	2d1e                	lhu	a5,24(a0)
     db4:	07c2                	slli	a5,a5,0x10
     db6:	83c1                	srli	a5,a5,0x10
     db8:	9bdd                	andi	a5,a5,-9
     dba:	8ddd                	or	a1,a1,a5
     dbc:	ad0e                	sh	a1,24(a0)
     dbe:	8082                	ret

00000dc0 <TIM_OC3PreloadConfig>:
     dc0:	2d5e                	lhu	a5,28(a0)
     dc2:	07c2                	slli	a5,a5,0x10
     dc4:	83c1                	srli	a5,a5,0x10
     dc6:	9bdd                	andi	a5,a5,-9
     dc8:	8ddd                	or	a1,a1,a5
     dca:	ad4e                	sh	a1,28(a0)
     dcc:	8082                	ret

00000dce <TIM_OC4PreloadConfig>:
     dce:	2d5a                	lhu	a4,28(a0)
     dd0:	77fd                	lui	a5,0xfffff
     dd2:	7ff78793          	addi	a5,a5,2047 # fffff7ff <_eusrstack+0xdfff77ff>
     dd6:	8ff9                	and	a5,a5,a4
     dd8:	05a2                	slli	a1,a1,0x8
     dda:	8fcd                	or	a5,a5,a1
     ddc:	07c2                	slli	a5,a5,0x10
     dde:	83c1                	srli	a5,a5,0x10
     de0:	ad5e                	sh	a5,28(a0)
     de2:	8082                	ret

00000de4 <TIM_CCxCmd>:
     de4:	311a                	lhu	a4,32(a0)
     de6:	4785                	li	a5,1
     de8:	00b797b3          	sll	a5,a5,a1
     dec:	fff7c793          	not	a5,a5
     df0:	8ff9                	and	a5,a5,a4
     df2:	b11e                	sh	a5,32(a0)
     df4:	311e                	lhu	a5,32(a0)
     df6:	00b615b3          	sll	a1,a2,a1
     dfa:	8ddd                	or	a1,a1,a5
     dfc:	05c2                	slli	a1,a1,0x10
     dfe:	81c1                	srli	a1,a1,0x10
     e00:	b10e                	sh	a1,32(a0)
     e02:	8082                	ret

00000e04 <TIM_SetCompare3>:
     e04:	bd4e                	sh	a1,60(a0)
     e06:	8082                	ret

00000e08 <TIM_SetCompare4>:
     e08:	04b51023          	sh	a1,64(a0)
     e0c:	8082                	ret

00000e0e <TIM_GetITStatus>:
     e0e:	291e                	lhu	a5,16(a0)
     e10:	254a                	lhu	a0,12(a0)
     e12:	8fed                	and	a5,a5,a1
     e14:	0542                	slli	a0,a0,0x10
     e16:	8141                	srli	a0,a0,0x10
     e18:	c789                	beqz	a5,e22 <TIM_GetITStatus+0x14>
     e1a:	8d6d                	and	a0,a0,a1
     e1c:	00a03533          	snez	a0,a0
     e20:	8082                	ret
     e22:	4501                	li	a0,0
     e24:	8082                	ret

00000e26 <TIM_ClearITPendingBit>:
     e26:	fff5c593          	not	a1,a1
     e2a:	05c2                	slli	a1,a1,0x10
     e2c:	81c1                	srli	a1,a1,0x10
     e2e:	a90e                	sh	a1,16(a0)
     e30:	8082                	ret

00000e32 <USART_Init>:
     e32:	bbeff2ef          	jal	t0,1f0 <__riscv_save_0>
     e36:	2916                	lhu	a3,16(a0)
     e38:	77f5                	lui	a5,0xffffd
     e3a:	17fd                	addi	a5,a5,-1
     e3c:	8ff5                	and	a5,a5,a3
     e3e:	21f6                	lhu	a3,6(a1)
     e40:	25da                	lhu	a4,12(a1)
     e42:	7179                	addi	sp,sp,-48
     e44:	8fd5                	or	a5,a5,a3
     e46:	a91e                	sh	a5,16(a0)
     e48:	2556                	lhu	a3,12(a0)
     e4a:	77fd                	lui	a5,0xfffff
     e4c:	9f378793          	addi	a5,a5,-1549 # ffffe9f3 <_eusrstack+0xdfff69f3>
     e50:	8ff5                	and	a5,a5,a3
     e52:	21d6                	lhu	a3,4(a1)
     e54:	842a                	mv	s0,a0
     e56:	c62e                	sw	a1,12(sp)
     e58:	8fd5                	or	a5,a5,a3
     e5a:	2596                	lhu	a3,8(a1)
     e5c:	8fd5                	or	a5,a5,a3
     e5e:	25b6                	lhu	a3,10(a1)
     e60:	8fd5                	or	a5,a5,a3
     e62:	a55e                	sh	a5,12(a0)
     e64:	295e                	lhu	a5,20(a0)
     e66:	07c2                	slli	a5,a5,0x10
     e68:	83c1                	srli	a5,a5,0x10
     e6a:	cff7f793          	andi	a5,a5,-769
     e6e:	8fd9                	or	a5,a5,a4
     e70:	a95e                	sh	a5,20(a0)
     e72:	0868                	addi	a0,sp,28
     e74:	3689                	jal	9b6 <RCC_GetClocksFreq>
     e76:	400147b7          	lui	a5,0x40014
     e7a:	80078793          	addi	a5,a5,-2048 # 40013800 <_eusrstack+0x2000b800>
     e7e:	45b2                	lw	a1,12(sp)
     e80:	02f41e63          	bne	s0,a5,ebc <USART_Init+0x8a>
     e84:	57a2                	lw	a5,40(sp)
     e86:	4765                	li	a4,25
     e88:	02e787b3          	mul	a5,a5,a4
     e8c:	4198                	lw	a4,0(a1)
     e8e:	06400693          	li	a3,100
     e92:	070a                	slli	a4,a4,0x2
     e94:	02e7d7b3          	divu	a5,a5,a4
     e98:	02d7d733          	divu	a4,a5,a3
     e9c:	02d7f7b3          	remu	a5,a5,a3
     ea0:	0712                	slli	a4,a4,0x4
     ea2:	0792                	slli	a5,a5,0x4
     ea4:	03278793          	addi	a5,a5,50
     ea8:	02d7d7b3          	divu	a5,a5,a3
     eac:	8bbd                	andi	a5,a5,15
     eae:	8fd9                	or	a5,a5,a4
     eb0:	07c2                	slli	a5,a5,0x10
     eb2:	83c1                	srli	a5,a5,0x10
     eb4:	a41e                	sh	a5,8(s0)
     eb6:	6145                	addi	sp,sp,48
     eb8:	b5cff06f          	j	214 <__riscv_restore_0>
     ebc:	5792                	lw	a5,36(sp)
     ebe:	b7e1                	j	e86 <USART_Init+0x54>

00000ec0 <USART_Cmd>:
     ec0:	c591                	beqz	a1,ecc <USART_Cmd+0xc>
     ec2:	255e                	lhu	a5,12(a0)
     ec4:	6709                	lui	a4,0x2
     ec6:	8fd9                	or	a5,a5,a4
     ec8:	a55e                	sh	a5,12(a0)
     eca:	8082                	ret
     ecc:	255a                	lhu	a4,12(a0)
     ece:	77f9                	lui	a5,0xffffe
     ed0:	17fd                	addi	a5,a5,-1
     ed2:	8ff9                	and	a5,a5,a4
     ed4:	bfd5                	j	ec8 <USART_Cmd+0x8>

00000ed6 <USART_SendData>:
     ed6:	1ff5f593          	andi	a1,a1,511
     eda:	a14e                	sh	a1,4(a0)
     edc:	8082                	ret

00000ede <USART_GetFlagStatus>:
     ede:	210a                	lhu	a0,0(a0)
     ee0:	8d6d                	and	a0,a0,a1
     ee2:	00a03533          	snez	a0,a0
     ee6:	8082                	ret

00000ee8 <Delay_Init>:
     ee8:	200007b7          	lui	a5,0x20000
     eec:	0847a783          	lw	a5,132(a5) # 20000084 <SystemCoreClock>
     ef0:	007a1737          	lui	a4,0x7a1
     ef4:	20070713          	addi	a4,a4,512 # 7a1200 <_data_lma+0x79ef7c>
     ef8:	02e7d7b3          	divu	a5,a5,a4
     efc:	0ff7f793          	andi	a5,a5,255
     f00:	82f18923          	sb	a5,-1998(gp) # 200000b2 <p_us>
     f04:	3e800713          	li	a4,1000
     f08:	02e787b3          	mul	a5,a5,a4
     f0c:	82f19823          	sh	a5,-2000(gp) # 200000b0 <p_ms>
     f10:	8082                	ret

00000f12 <Delay_Ms>:
     f12:	e000f7b7          	lui	a5,0xe000f
     f16:	43d8                	lw	a4,4(a5)
     f18:	4681                	li	a3,0
     f1a:	9b79                	andi	a4,a4,-2
     f1c:	c3d8                	sw	a4,4(a5)
     f1e:	8301d703          	lhu	a4,-2000(gp) # 200000b0 <p_ms>
     f22:	02a70633          	mul	a2,a4,a0
     f26:	cb90                	sw	a2,16(a5)
     f28:	cbd4                	sw	a3,20(a5)
     f2a:	4398                	lw	a4,0(a5)
     f2c:	01076713          	ori	a4,a4,16
     f30:	c398                	sw	a4,0(a5)
     f32:	4398                	lw	a4,0(a5)
     f34:	02176713          	ori	a4,a4,33
     f38:	c398                	sw	a4,0(a5)
     f3a:	43d8                	lw	a4,4(a5)
     f3c:	8b05                	andi	a4,a4,1
     f3e:	df75                	beqz	a4,f3a <Delay_Ms+0x28>
     f40:	4398                	lw	a4,0(a5)
     f42:	9b79                	andi	a4,a4,-2
     f44:	c398                	sw	a4,0(a5)
     f46:	8082                	ret

00000f48 <USART_Printf_Init>:
     f48:	aa8ff2ef          	jal	t0,1f0 <__riscv_save_0>
     f4c:	842a                	mv	s0,a0
     f4e:	6511                	lui	a0,0x4
     f50:	1101                	addi	sp,sp,-32
     f52:	4585                	li	a1,1
     f54:	0511                	addi	a0,a0,4
     f56:	369d                	jal	abc <RCC_APB2PeriphClockCmd>
     f58:	20000793          	li	a5,512
     f5c:	827c                	sh	a5,4(sp)
     f5e:	40011537          	lui	a0,0x40011
     f62:	478d                	li	a5,3
     f64:	c43e                	sw	a5,8(sp)
     f66:	004c                	addi	a1,sp,4
     f68:	47e1                	li	a5,24
     f6a:	80050513          	addi	a0,a0,-2048 # 40010800 <_eusrstack+0x20008800>
     f6e:	c63e                	sw	a5,12(sp)
     f70:	913ff0ef          	jal	ra,882 <GPIO_Init>
     f74:	c822                	sw	s0,16(sp)
     f76:	40014437          	lui	s0,0x40014
     f7a:	000807b7          	lui	a5,0x80
     f7e:	080c                	addi	a1,sp,16
     f80:	80040513          	addi	a0,s0,-2048 # 40013800 <_eusrstack+0x2000b800>
     f84:	cc3e                	sw	a5,24(sp)
     f86:	ca02                	sw	zero,20(sp)
     f88:	00011e23          	sh	zero,28(sp)
     f8c:	355d                	jal	e32 <USART_Init>
     f8e:	4585                	li	a1,1
     f90:	80040513          	addi	a0,s0,-2048
     f94:	3735                	jal	ec0 <USART_Cmd>
     f96:	6105                	addi	sp,sp,32
     f98:	a7cff06f          	j	214 <__riscv_restore_0>

00000f9c <_write>:
     f9c:	a3aff2ef          	jal	t0,1d6 <__riscv_save_4>
     fa0:	400144b7          	lui	s1,0x40014
     fa4:	89ae                	mv	s3,a1
     fa6:	8932                	mv	s2,a2
     fa8:	4401                	li	s0,0
     faa:	80048493          	addi	s1,s1,-2048 # 40013800 <_eusrstack+0x2000b800>
     fae:	01244563          	blt	s0,s2,fb8 <_write+0x1c>
     fb2:	854a                	mv	a0,s2
     fb4:	a56ff06f          	j	20a <__riscv_restore_4>
     fb8:	04000593          	li	a1,64
     fbc:	8526                	mv	a0,s1
     fbe:	3705                	jal	ede <USART_GetFlagStatus>
     fc0:	dd65                	beqz	a0,fb8 <_write+0x1c>
     fc2:	008987b3          	add	a5,s3,s0
     fc6:	00078583          	lb	a1,0(a5) # 80000 <_data_lma+0x7dd7c>
     fca:	8526                	mv	a0,s1
     fcc:	0405                	addi	s0,s0,1
     fce:	05c2                	slli	a1,a1,0x10
     fd0:	81c1                	srli	a1,a1,0x10
     fd2:	3711                	jal	ed6 <USART_SendData>
     fd4:	bfe9                	j	fae <_write+0x12>

00000fd6 <_sbrk>:
     fd6:	80c18713          	addi	a4,gp,-2036 # 2000008c <curbrk.5229>
     fda:	431c                	lw	a5,0(a4)
     fdc:	84018693          	addi	a3,gp,-1984 # 200000c0 <_ebss>
     fe0:	953e                	add	a0,a0,a5
     fe2:	00d56b63          	bltu	a0,a3,ff8 <_sbrk+0x22>
     fe6:	200086b7          	lui	a3,0x20008
     fea:	80068693          	addi	a3,a3,-2048 # 20007800 <_heap_end>
     fee:	00a6e563          	bltu	a3,a0,ff8 <_sbrk+0x22>
     ff2:	c308                	sw	a0,0(a4)
     ff4:	853e                	mv	a0,a5
     ff6:	8082                	ret
     ff8:	57fd                	li	a5,-1
     ffa:	bfed                	j	ff4 <_sbrk+0x1e>

00000ffc <iprintf>:
     ffc:	7139                	addi	sp,sp,-64
     ffe:	da3e                	sw	a5,52(sp)
    1000:	d22e                	sw	a1,36(sp)
    1002:	d432                	sw	a2,40(sp)
    1004:	d636                	sw	a3,44(sp)
    1006:	d83a                	sw	a4,48(sp)
    1008:	dc42                	sw	a6,56(sp)
    100a:	de46                	sw	a7,60(sp)
    100c:	81018793          	addi	a5,gp,-2032 # 20000090 <_impure_ptr>
    1010:	cc22                	sw	s0,24(sp)
    1012:	4380                	lw	s0,0(a5)
    1014:	ca26                	sw	s1,20(sp)
    1016:	ce06                	sw	ra,28(sp)
    1018:	84aa                	mv	s1,a0
    101a:	c409                	beqz	s0,1024 <iprintf+0x28>
    101c:	4c1c                	lw	a5,24(s0)
    101e:	e399                	bnez	a5,1024 <iprintf+0x28>
    1020:	8522                	mv	a0,s0
    1022:	29ed                	jal	151c <__sinit>
    1024:	440c                	lw	a1,8(s0)
    1026:	1054                	addi	a3,sp,36
    1028:	8626                	mv	a2,s1
    102a:	8522                	mv	a0,s0
    102c:	c636                	sw	a3,12(sp)
    102e:	127000ef          	jal	ra,1954 <_vfiprintf_r>
    1032:	40f2                	lw	ra,28(sp)
    1034:	4462                	lw	s0,24(sp)
    1036:	44d2                	lw	s1,20(sp)
    1038:	6121                	addi	sp,sp,64
    103a:	8082                	ret

0000103c <_puts_r>:
    103c:	1101                	addi	sp,sp,-32
    103e:	ca26                	sw	s1,20(sp)
    1040:	c84a                	sw	s2,16(sp)
    1042:	ce06                	sw	ra,28(sp)
    1044:	cc22                	sw	s0,24(sp)
    1046:	c64e                	sw	s3,12(sp)
    1048:	c452                	sw	s4,8(sp)
    104a:	84aa                	mv	s1,a0
    104c:	892e                	mv	s2,a1
    104e:	c501                	beqz	a0,1056 <_puts_r+0x1a>
    1050:	4d1c                	lw	a5,24(a0)
    1052:	e391                	bnez	a5,1056 <_puts_r+0x1a>
    1054:	21e1                	jal	151c <__sinit>
    1056:	4c9c                	lw	a5,24(s1)
    1058:	4480                	lw	s0,8(s1)
    105a:	e399                	bnez	a5,1060 <_puts_r+0x24>
    105c:	8526                	mv	a0,s1
    105e:	297d                	jal	151c <__sinit>
    1060:	00001797          	auipc	a5,0x1
    1064:	1a878793          	addi	a5,a5,424 # 2208 <__sf_fake_stdin>
    1068:	02f41b63          	bne	s0,a5,109e <_puts_r+0x62>
    106c:	40c0                	lw	s0,4(s1)
    106e:	245e                	lhu	a5,12(s0)
    1070:	8ba1                	andi	a5,a5,8
    1072:	c7b1                	beqz	a5,10be <_puts_r+0x82>
    1074:	481c                	lw	a5,16(s0)
    1076:	c7a1                	beqz	a5,10be <_puts_r+0x82>
    1078:	59fd                	li	s3,-1
    107a:	4a29                	li	s4,10
    107c:	441c                	lw	a5,8(s0)
    107e:	00094583          	lbu	a1,0(s2)
    1082:	17fd                	addi	a5,a5,-1
    1084:	e9b1                	bnez	a1,10d8 <_puts_r+0x9c>
    1086:	c41c                	sw	a5,8(s0)
    1088:	0607dd63          	bgez	a5,1102 <_puts_r+0xc6>
    108c:	8622                	mv	a2,s0
    108e:	45a9                	li	a1,10
    1090:	8526                	mv	a0,s1
    1092:	2061                	jal	111a <__swbuf_r>
    1094:	57fd                	li	a5,-1
    1096:	02f50863          	beq	a0,a5,10c6 <_puts_r+0x8a>
    109a:	4529                	li	a0,10
    109c:	a035                	j	10c8 <_puts_r+0x8c>
    109e:	00001797          	auipc	a5,0x1
    10a2:	18a78793          	addi	a5,a5,394 # 2228 <__sf_fake_stdout>
    10a6:	00f41463          	bne	s0,a5,10ae <_puts_r+0x72>
    10aa:	4480                	lw	s0,8(s1)
    10ac:	b7c9                	j	106e <_puts_r+0x32>
    10ae:	00001797          	auipc	a5,0x1
    10b2:	13a78793          	addi	a5,a5,314 # 21e8 <__sf_fake_stderr>
    10b6:	faf41ce3          	bne	s0,a5,106e <_puts_r+0x32>
    10ba:	44c0                	lw	s0,12(s1)
    10bc:	bf4d                	j	106e <_puts_r+0x32>
    10be:	85a2                	mv	a1,s0
    10c0:	8526                	mv	a0,s1
    10c2:	2a11                	jal	11d6 <__swsetup_r>
    10c4:	d955                	beqz	a0,1078 <_puts_r+0x3c>
    10c6:	557d                	li	a0,-1
    10c8:	40f2                	lw	ra,28(sp)
    10ca:	4462                	lw	s0,24(sp)
    10cc:	44d2                	lw	s1,20(sp)
    10ce:	4942                	lw	s2,16(sp)
    10d0:	49b2                	lw	s3,12(sp)
    10d2:	4a22                	lw	s4,8(sp)
    10d4:	6105                	addi	sp,sp,32
    10d6:	8082                	ret
    10d8:	c41c                	sw	a5,8(s0)
    10da:	0905                	addi	s2,s2,1
    10dc:	0007d763          	bgez	a5,10ea <_puts_r+0xae>
    10e0:	4c18                	lw	a4,24(s0)
    10e2:	00e7ca63          	blt	a5,a4,10f6 <_puts_r+0xba>
    10e6:	01458863          	beq	a1,s4,10f6 <_puts_r+0xba>
    10ea:	401c                	lw	a5,0(s0)
    10ec:	00178713          	addi	a4,a5,1
    10f0:	c018                	sw	a4,0(s0)
    10f2:	a38c                	sb	a1,0(a5)
    10f4:	b761                	j	107c <_puts_r+0x40>
    10f6:	8622                	mv	a2,s0
    10f8:	8526                	mv	a0,s1
    10fa:	2005                	jal	111a <__swbuf_r>
    10fc:	f93510e3          	bne	a0,s3,107c <_puts_r+0x40>
    1100:	b7d9                	j	10c6 <_puts_r+0x8a>
    1102:	401c                	lw	a5,0(s0)
    1104:	00178713          	addi	a4,a5,1
    1108:	c018                	sw	a4,0(s0)
    110a:	4729                	li	a4,10
    110c:	a398                	sb	a4,0(a5)
    110e:	b771                	j	109a <_puts_r+0x5e>

00001110 <puts>:
    1110:	81018793          	addi	a5,gp,-2032 # 20000090 <_impure_ptr>
    1114:	85aa                	mv	a1,a0
    1116:	4388                	lw	a0,0(a5)
    1118:	b715                	j	103c <_puts_r>

0000111a <__swbuf_r>:
    111a:	1101                	addi	sp,sp,-32
    111c:	cc22                	sw	s0,24(sp)
    111e:	ca26                	sw	s1,20(sp)
    1120:	c84a                	sw	s2,16(sp)
    1122:	ce06                	sw	ra,28(sp)
    1124:	c64e                	sw	s3,12(sp)
    1126:	84aa                	mv	s1,a0
    1128:	892e                	mv	s2,a1
    112a:	8432                	mv	s0,a2
    112c:	c501                	beqz	a0,1134 <__swbuf_r+0x1a>
    112e:	4d1c                	lw	a5,24(a0)
    1130:	e391                	bnez	a5,1134 <__swbuf_r+0x1a>
    1132:	26ed                	jal	151c <__sinit>
    1134:	00001797          	auipc	a5,0x1
    1138:	0d478793          	addi	a5,a5,212 # 2208 <__sf_fake_stdin>
    113c:	06f41763          	bne	s0,a5,11aa <__swbuf_r+0x90>
    1140:	40c0                	lw	s0,4(s1)
    1142:	4c1c                	lw	a5,24(s0)
    1144:	c41c                	sw	a5,8(s0)
    1146:	245e                	lhu	a5,12(s0)
    1148:	8ba1                	andi	a5,a5,8
    114a:	c3c1                	beqz	a5,11ca <__swbuf_r+0xb0>
    114c:	481c                	lw	a5,16(s0)
    114e:	cfb5                	beqz	a5,11ca <__swbuf_r+0xb0>
    1150:	481c                	lw	a5,16(s0)
    1152:	4008                	lw	a0,0(s0)
    1154:	0ff97993          	andi	s3,s2,255
    1158:	0ff97913          	andi	s2,s2,255
    115c:	8d1d                	sub	a0,a0,a5
    115e:	485c                	lw	a5,20(s0)
    1160:	00f54663          	blt	a0,a5,116c <__swbuf_r+0x52>
    1164:	85a2                	mv	a1,s0
    1166:	8526                	mv	a0,s1
    1168:	2c69                	jal	1402 <_fflush_r>
    116a:	e525                	bnez	a0,11d2 <__swbuf_r+0xb8>
    116c:	441c                	lw	a5,8(s0)
    116e:	0505                	addi	a0,a0,1
    1170:	17fd                	addi	a5,a5,-1
    1172:	c41c                	sw	a5,8(s0)
    1174:	401c                	lw	a5,0(s0)
    1176:	00178713          	addi	a4,a5,1
    117a:	c018                	sw	a4,0(s0)
    117c:	01378023          	sb	s3,0(a5)
    1180:	485c                	lw	a5,20(s0)
    1182:	00a78863          	beq	a5,a0,1192 <__swbuf_r+0x78>
    1186:	245e                	lhu	a5,12(s0)
    1188:	8b85                	andi	a5,a5,1
    118a:	cb81                	beqz	a5,119a <__swbuf_r+0x80>
    118c:	47a9                	li	a5,10
    118e:	00f91663          	bne	s2,a5,119a <__swbuf_r+0x80>
    1192:	85a2                	mv	a1,s0
    1194:	8526                	mv	a0,s1
    1196:	24b5                	jal	1402 <_fflush_r>
    1198:	ed0d                	bnez	a0,11d2 <__swbuf_r+0xb8>
    119a:	40f2                	lw	ra,28(sp)
    119c:	4462                	lw	s0,24(sp)
    119e:	854a                	mv	a0,s2
    11a0:	44d2                	lw	s1,20(sp)
    11a2:	4942                	lw	s2,16(sp)
    11a4:	49b2                	lw	s3,12(sp)
    11a6:	6105                	addi	sp,sp,32
    11a8:	8082                	ret
    11aa:	00001797          	auipc	a5,0x1
    11ae:	07e78793          	addi	a5,a5,126 # 2228 <__sf_fake_stdout>
    11b2:	00f41463          	bne	s0,a5,11ba <__swbuf_r+0xa0>
    11b6:	4480                	lw	s0,8(s1)
    11b8:	b769                	j	1142 <__swbuf_r+0x28>
    11ba:	00001797          	auipc	a5,0x1
    11be:	02e78793          	addi	a5,a5,46 # 21e8 <__sf_fake_stderr>
    11c2:	f8f410e3          	bne	s0,a5,1142 <__swbuf_r+0x28>
    11c6:	44c0                	lw	s0,12(s1)
    11c8:	bfad                	j	1142 <__swbuf_r+0x28>
    11ca:	85a2                	mv	a1,s0
    11cc:	8526                	mv	a0,s1
    11ce:	2021                	jal	11d6 <__swsetup_r>
    11d0:	d141                	beqz	a0,1150 <__swbuf_r+0x36>
    11d2:	597d                	li	s2,-1
    11d4:	b7d9                	j	119a <__swbuf_r+0x80>

000011d6 <__swsetup_r>:
    11d6:	1141                	addi	sp,sp,-16
    11d8:	81018793          	addi	a5,gp,-2032 # 20000090 <_impure_ptr>
    11dc:	c226                	sw	s1,4(sp)
    11de:	4384                	lw	s1,0(a5)
    11e0:	c422                	sw	s0,8(sp)
    11e2:	c04a                	sw	s2,0(sp)
    11e4:	c606                	sw	ra,12(sp)
    11e6:	892a                	mv	s2,a0
    11e8:	842e                	mv	s0,a1
    11ea:	c489                	beqz	s1,11f4 <__swsetup_r+0x1e>
    11ec:	4c9c                	lw	a5,24(s1)
    11ee:	e399                	bnez	a5,11f4 <__swsetup_r+0x1e>
    11f0:	8526                	mv	a0,s1
    11f2:	262d                	jal	151c <__sinit>
    11f4:	00001797          	auipc	a5,0x1
    11f8:	01478793          	addi	a5,a5,20 # 2208 <__sf_fake_stdin>
    11fc:	02f41b63          	bne	s0,a5,1232 <__swsetup_r+0x5c>
    1200:	40c0                	lw	s0,4(s1)
    1202:	00c41703          	lh	a4,12(s0)
    1206:	01071793          	slli	a5,a4,0x10
    120a:	83c1                	srli	a5,a5,0x10
    120c:	0087f693          	andi	a3,a5,8
    1210:	eaad                	bnez	a3,1282 <__swsetup_r+0xac>
    1212:	0107f693          	andi	a3,a5,16
    1216:	ee95                	bnez	a3,1252 <__swsetup_r+0x7c>
    1218:	47a5                	li	a5,9
    121a:	00f92023          	sw	a5,0(s2)
    121e:	04076713          	ori	a4,a4,64
    1222:	a45a                	sh	a4,12(s0)
    1224:	557d                	li	a0,-1
    1226:	40b2                	lw	ra,12(sp)
    1228:	4422                	lw	s0,8(sp)
    122a:	4492                	lw	s1,4(sp)
    122c:	4902                	lw	s2,0(sp)
    122e:	0141                	addi	sp,sp,16
    1230:	8082                	ret
    1232:	00001797          	auipc	a5,0x1
    1236:	ff678793          	addi	a5,a5,-10 # 2228 <__sf_fake_stdout>
    123a:	00f41463          	bne	s0,a5,1242 <__swsetup_r+0x6c>
    123e:	4480                	lw	s0,8(s1)
    1240:	b7c9                	j	1202 <__swsetup_r+0x2c>
    1242:	00001797          	auipc	a5,0x1
    1246:	fa678793          	addi	a5,a5,-90 # 21e8 <__sf_fake_stderr>
    124a:	faf41ce3          	bne	s0,a5,1202 <__swsetup_r+0x2c>
    124e:	44c0                	lw	s0,12(s1)
    1250:	bf4d                	j	1202 <__swsetup_r+0x2c>
    1252:	8b91                	andi	a5,a5,4
    1254:	c39d                	beqz	a5,127a <__swsetup_r+0xa4>
    1256:	584c                	lw	a1,52(s0)
    1258:	c989                	beqz	a1,126a <__swsetup_r+0x94>
    125a:	04440793          	addi	a5,s0,68
    125e:	00f58463          	beq	a1,a5,1266 <__swsetup_r+0x90>
    1262:	854a                	mv	a0,s2
    1264:	2331                	jal	1770 <_free_r>
    1266:	02042a23          	sw	zero,52(s0)
    126a:	245e                	lhu	a5,12(s0)
    126c:	00042223          	sw	zero,4(s0)
    1270:	fdb7f793          	andi	a5,a5,-37
    1274:	a45e                	sh	a5,12(s0)
    1276:	481c                	lw	a5,16(s0)
    1278:	c01c                	sw	a5,0(s0)
    127a:	245e                	lhu	a5,12(s0)
    127c:	0087e793          	ori	a5,a5,8
    1280:	a45e                	sh	a5,12(s0)
    1282:	481c                	lw	a5,16(s0)
    1284:	eb99                	bnez	a5,129a <__swsetup_r+0xc4>
    1286:	245e                	lhu	a5,12(s0)
    1288:	20000713          	li	a4,512
    128c:	2807f793          	andi	a5,a5,640
    1290:	00e78563          	beq	a5,a4,129a <__swsetup_r+0xc4>
    1294:	85a2                	mv	a1,s0
    1296:	854a                	mv	a0,s2
    1298:	21a1                	jal	16e0 <__smakebuf_r>
    129a:	245e                	lhu	a5,12(s0)
    129c:	0017f713          	andi	a4,a5,1
    12a0:	c31d                	beqz	a4,12c6 <__swsetup_r+0xf0>
    12a2:	485c                	lw	a5,20(s0)
    12a4:	00042423          	sw	zero,8(s0)
    12a8:	40f007b3          	neg	a5,a5
    12ac:	cc1c                	sw	a5,24(s0)
    12ae:	481c                	lw	a5,16(s0)
    12b0:	4501                	li	a0,0
    12b2:	fbb5                	bnez	a5,1226 <__swsetup_r+0x50>
    12b4:	00c41783          	lh	a5,12(s0)
    12b8:	0807f713          	andi	a4,a5,128
    12bc:	d72d                	beqz	a4,1226 <__swsetup_r+0x50>
    12be:	0407e793          	ori	a5,a5,64
    12c2:	a45e                	sh	a5,12(s0)
    12c4:	b785                	j	1224 <__swsetup_r+0x4e>
    12c6:	8b89                	andi	a5,a5,2
    12c8:	4701                	li	a4,0
    12ca:	e391                	bnez	a5,12ce <__swsetup_r+0xf8>
    12cc:	4858                	lw	a4,20(s0)
    12ce:	c418                	sw	a4,8(s0)
    12d0:	bff9                	j	12ae <__swsetup_r+0xd8>

000012d2 <__sflush_r>:
    12d2:	25de                	lhu	a5,12(a1)
    12d4:	1101                	addi	sp,sp,-32
    12d6:	cc22                	sw	s0,24(sp)
    12d8:	ca26                	sw	s1,20(sp)
    12da:	ce06                	sw	ra,28(sp)
    12dc:	c84a                	sw	s2,16(sp)
    12de:	c64e                	sw	s3,12(sp)
    12e0:	0087f713          	andi	a4,a5,8
    12e4:	84aa                	mv	s1,a0
    12e6:	842e                	mv	s0,a1
    12e8:	eb79                	bnez	a4,13be <__sflush_r+0xec>
    12ea:	41d8                	lw	a4,4(a1)
    12ec:	00e04d63          	bgtz	a4,1306 <__sflush_r+0x34>
    12f0:	41b8                	lw	a4,64(a1)
    12f2:	00e04a63          	bgtz	a4,1306 <__sflush_r+0x34>
    12f6:	4501                	li	a0,0
    12f8:	40f2                	lw	ra,28(sp)
    12fa:	4462                	lw	s0,24(sp)
    12fc:	44d2                	lw	s1,20(sp)
    12fe:	4942                	lw	s2,16(sp)
    1300:	49b2                	lw	s3,12(sp)
    1302:	6105                	addi	sp,sp,32
    1304:	8082                	ret
    1306:	5458                	lw	a4,44(s0)
    1308:	d77d                	beqz	a4,12f6 <__sflush_r+0x24>
    130a:	0004a903          	lw	s2,0(s1)
    130e:	01379693          	slli	a3,a5,0x13
    1312:	0004a023          	sw	zero,0(s1)
    1316:	0606db63          	bgez	a3,138c <__sflush_r+0xba>
    131a:	4870                	lw	a2,84(s0)
    131c:	245e                	lhu	a5,12(s0)
    131e:	8b91                	andi	a5,a5,4
    1320:	c799                	beqz	a5,132e <__sflush_r+0x5c>
    1322:	405c                	lw	a5,4(s0)
    1324:	8e1d                	sub	a2,a2,a5
    1326:	585c                	lw	a5,52(s0)
    1328:	c399                	beqz	a5,132e <__sflush_r+0x5c>
    132a:	403c                	lw	a5,64(s0)
    132c:	8e1d                	sub	a2,a2,a5
    132e:	545c                	lw	a5,44(s0)
    1330:	500c                	lw	a1,32(s0)
    1332:	4681                	li	a3,0
    1334:	8526                	mv	a0,s1
    1336:	9782                	jalr	a5
    1338:	57fd                	li	a5,-1
    133a:	245a                	lhu	a4,12(s0)
    133c:	00f51d63          	bne	a0,a5,1356 <__sflush_r+0x84>
    1340:	4094                	lw	a3,0(s1)
    1342:	47f5                	li	a5,29
    1344:	06d7e863          	bltu	a5,a3,13b4 <__sflush_r+0xe2>
    1348:	204007b7          	lui	a5,0x20400
    134c:	0785                	addi	a5,a5,1
    134e:	00d7d7b3          	srl	a5,a5,a3
    1352:	8b85                	andi	a5,a5,1
    1354:	c3a5                	beqz	a5,13b4 <__sflush_r+0xe2>
    1356:	481c                	lw	a5,16(s0)
    1358:	00042223          	sw	zero,4(s0)
    135c:	c01c                	sw	a5,0(s0)
    135e:	01371793          	slli	a5,a4,0x13
    1362:	0007d863          	bgez	a5,1372 <__sflush_r+0xa0>
    1366:	57fd                	li	a5,-1
    1368:	00f51463          	bne	a0,a5,1370 <__sflush_r+0x9e>
    136c:	409c                	lw	a5,0(s1)
    136e:	e391                	bnez	a5,1372 <__sflush_r+0xa0>
    1370:	c868                	sw	a0,84(s0)
    1372:	584c                	lw	a1,52(s0)
    1374:	0124a023          	sw	s2,0(s1)
    1378:	ddbd                	beqz	a1,12f6 <__sflush_r+0x24>
    137a:	04440793          	addi	a5,s0,68
    137e:	00f58463          	beq	a1,a5,1386 <__sflush_r+0xb4>
    1382:	8526                	mv	a0,s1
    1384:	26f5                	jal	1770 <_free_r>
    1386:	02042a23          	sw	zero,52(s0)
    138a:	b7b5                	j	12f6 <__sflush_r+0x24>
    138c:	500c                	lw	a1,32(s0)
    138e:	4601                	li	a2,0
    1390:	4685                	li	a3,1
    1392:	8526                	mv	a0,s1
    1394:	9702                	jalr	a4
    1396:	57fd                	li	a5,-1
    1398:	862a                	mv	a2,a0
    139a:	f8f511e3          	bne	a0,a5,131c <__sflush_r+0x4a>
    139e:	409c                	lw	a5,0(s1)
    13a0:	dfb5                	beqz	a5,131c <__sflush_r+0x4a>
    13a2:	4775                	li	a4,29
    13a4:	00e78563          	beq	a5,a4,13ae <__sflush_r+0xdc>
    13a8:	4759                	li	a4,22
    13aa:	04e79363          	bne	a5,a4,13f0 <__sflush_r+0x11e>
    13ae:	0124a023          	sw	s2,0(s1)
    13b2:	b791                	j	12f6 <__sflush_r+0x24>
    13b4:	04076713          	ori	a4,a4,64
    13b8:	a45a                	sh	a4,12(s0)
    13ba:	557d                	li	a0,-1
    13bc:	bf35                	j	12f8 <__sflush_r+0x26>
    13be:	0105a983          	lw	s3,16(a1)
    13c2:	f2098ae3          	beqz	s3,12f6 <__sflush_r+0x24>
    13c6:	0005a903          	lw	s2,0(a1)
    13ca:	8b8d                	andi	a5,a5,3
    13cc:	0135a023          	sw	s3,0(a1)
    13d0:	41390933          	sub	s2,s2,s3
    13d4:	4701                	li	a4,0
    13d6:	e391                	bnez	a5,13da <__sflush_r+0x108>
    13d8:	49d8                	lw	a4,20(a1)
    13da:	c418                	sw	a4,8(s0)
    13dc:	f1205de3          	blez	s2,12f6 <__sflush_r+0x24>
    13e0:	541c                	lw	a5,40(s0)
    13e2:	500c                	lw	a1,32(s0)
    13e4:	86ca                	mv	a3,s2
    13e6:	864e                	mv	a2,s3
    13e8:	8526                	mv	a0,s1
    13ea:	9782                	jalr	a5
    13ec:	00a04763          	bgtz	a0,13fa <__sflush_r+0x128>
    13f0:	245e                	lhu	a5,12(s0)
    13f2:	0407e793          	ori	a5,a5,64
    13f6:	a45e                	sh	a5,12(s0)
    13f8:	b7c9                	j	13ba <__sflush_r+0xe8>
    13fa:	99aa                	add	s3,s3,a0
    13fc:	40a90933          	sub	s2,s2,a0
    1400:	bff1                	j	13dc <__sflush_r+0x10a>

00001402 <_fflush_r>:
    1402:	499c                	lw	a5,16(a1)
    1404:	cfb9                	beqz	a5,1462 <_fflush_r+0x60>
    1406:	1101                	addi	sp,sp,-32
    1408:	cc22                	sw	s0,24(sp)
    140a:	ce06                	sw	ra,28(sp)
    140c:	842a                	mv	s0,a0
    140e:	c511                	beqz	a0,141a <_fflush_r+0x18>
    1410:	4d1c                	lw	a5,24(a0)
    1412:	e781                	bnez	a5,141a <_fflush_r+0x18>
    1414:	c62e                	sw	a1,12(sp)
    1416:	2219                	jal	151c <__sinit>
    1418:	45b2                	lw	a1,12(sp)
    141a:	00001797          	auipc	a5,0x1
    141e:	dee78793          	addi	a5,a5,-530 # 2208 <__sf_fake_stdin>
    1422:	00f59b63          	bne	a1,a5,1438 <_fflush_r+0x36>
    1426:	404c                	lw	a1,4(s0)
    1428:	00c59783          	lh	a5,12(a1)
    142c:	c795                	beqz	a5,1458 <_fflush_r+0x56>
    142e:	8522                	mv	a0,s0
    1430:	4462                	lw	s0,24(sp)
    1432:	40f2                	lw	ra,28(sp)
    1434:	6105                	addi	sp,sp,32
    1436:	bd71                	j	12d2 <__sflush_r>
    1438:	00001797          	auipc	a5,0x1
    143c:	df078793          	addi	a5,a5,-528 # 2228 <__sf_fake_stdout>
    1440:	00f59463          	bne	a1,a5,1448 <_fflush_r+0x46>
    1444:	440c                	lw	a1,8(s0)
    1446:	b7cd                	j	1428 <_fflush_r+0x26>
    1448:	00001797          	auipc	a5,0x1
    144c:	da078793          	addi	a5,a5,-608 # 21e8 <__sf_fake_stderr>
    1450:	fcf59ce3          	bne	a1,a5,1428 <_fflush_r+0x26>
    1454:	444c                	lw	a1,12(s0)
    1456:	bfc9                	j	1428 <_fflush_r+0x26>
    1458:	40f2                	lw	ra,28(sp)
    145a:	4462                	lw	s0,24(sp)
    145c:	4501                	li	a0,0
    145e:	6105                	addi	sp,sp,32
    1460:	8082                	ret
    1462:	4501                	li	a0,0
    1464:	8082                	ret

00001466 <std>:
    1466:	1141                	addi	sp,sp,-16
    1468:	c422                	sw	s0,8(sp)
    146a:	c606                	sw	ra,12(sp)
    146c:	842a                	mv	s0,a0
    146e:	a54e                	sh	a1,12(a0)
    1470:	a572                	sh	a2,14(a0)
    1472:	00052023          	sw	zero,0(a0)
    1476:	00052223          	sw	zero,4(a0)
    147a:	00052423          	sw	zero,8(a0)
    147e:	06052223          	sw	zero,100(a0)
    1482:	00052823          	sw	zero,16(a0)
    1486:	00052a23          	sw	zero,20(a0)
    148a:	00052c23          	sw	zero,24(a0)
    148e:	4621                	li	a2,8
    1490:	4581                	li	a1,0
    1492:	05c50513          	addi	a0,a0,92
    1496:	d8bfe0ef          	jal	ra,220 <memset>
    149a:	00001797          	auipc	a5,0x1
    149e:	b1478793          	addi	a5,a5,-1260 # 1fae <__sread>
    14a2:	d05c                	sw	a5,36(s0)
    14a4:	00001797          	auipc	a5,0x1
    14a8:	b3678793          	addi	a5,a5,-1226 # 1fda <__swrite>
    14ac:	d41c                	sw	a5,40(s0)
    14ae:	00001797          	auipc	a5,0x1
    14b2:	b7478793          	addi	a5,a5,-1164 # 2022 <__sseek>
    14b6:	d45c                	sw	a5,44(s0)
    14b8:	00001797          	auipc	a5,0x1
    14bc:	b9a78793          	addi	a5,a5,-1126 # 2052 <__sclose>
    14c0:	d000                	sw	s0,32(s0)
    14c2:	d81c                	sw	a5,48(s0)
    14c4:	40b2                	lw	ra,12(sp)
    14c6:	4422                	lw	s0,8(sp)
    14c8:	0141                	addi	sp,sp,16
    14ca:	8082                	ret

000014cc <_cleanup_r>:
    14cc:	00000597          	auipc	a1,0x0
    14d0:	f3658593          	addi	a1,a1,-202 # 1402 <_fflush_r>
    14d4:	a2a9                	j	161e <_fwalk_reent>

000014d6 <__sfmoreglue>:
    14d6:	1141                	addi	sp,sp,-16
    14d8:	c226                	sw	s1,4(sp)
    14da:	06800613          	li	a2,104
    14de:	fff58493          	addi	s1,a1,-1
    14e2:	02c484b3          	mul	s1,s1,a2
    14e6:	c04a                	sw	s2,0(sp)
    14e8:	892e                	mv	s2,a1
    14ea:	c422                	sw	s0,8(sp)
    14ec:	c606                	sw	ra,12(sp)
    14ee:	07448593          	addi	a1,s1,116
    14f2:	261d                	jal	1818 <_malloc_r>
    14f4:	842a                	mv	s0,a0
    14f6:	cd01                	beqz	a0,150e <__sfmoreglue+0x38>
    14f8:	00052023          	sw	zero,0(a0)
    14fc:	01252223          	sw	s2,4(a0)
    1500:	0531                	addi	a0,a0,12
    1502:	c408                	sw	a0,8(s0)
    1504:	06848613          	addi	a2,s1,104
    1508:	4581                	li	a1,0
    150a:	d17fe0ef          	jal	ra,220 <memset>
    150e:	8522                	mv	a0,s0
    1510:	40b2                	lw	ra,12(sp)
    1512:	4422                	lw	s0,8(sp)
    1514:	4492                	lw	s1,4(sp)
    1516:	4902                	lw	s2,0(sp)
    1518:	0141                	addi	sp,sp,16
    151a:	8082                	ret

0000151c <__sinit>:
    151c:	4d1c                	lw	a5,24(a0)
    151e:	e3ad                	bnez	a5,1580 <__sinit+0x64>
    1520:	1141                	addi	sp,sp,-16
    1522:	c606                	sw	ra,12(sp)
    1524:	c422                	sw	s0,8(sp)
    1526:	00000797          	auipc	a5,0x0
    152a:	fa678793          	addi	a5,a5,-90 # 14cc <_cleanup_r>
    152e:	d51c                	sw	a5,40(a0)
    1530:	81418793          	addi	a5,gp,-2028 # 20000094 <_global_impure_ptr>
    1534:	439c                	lw	a5,0(a5)
    1536:	04052423          	sw	zero,72(a0)
    153a:	04052623          	sw	zero,76(a0)
    153e:	04052823          	sw	zero,80(a0)
    1542:	00f51463          	bne	a0,a5,154a <__sinit+0x2e>
    1546:	4785                	li	a5,1
    1548:	cd1c                	sw	a5,24(a0)
    154a:	842a                	mv	s0,a0
    154c:	281d                	jal	1582 <__sfp>
    154e:	c048                	sw	a0,4(s0)
    1550:	8522                	mv	a0,s0
    1552:	2805                	jal	1582 <__sfp>
    1554:	c408                	sw	a0,8(s0)
    1556:	8522                	mv	a0,s0
    1558:	202d                	jal	1582 <__sfp>
    155a:	c448                	sw	a0,12(s0)
    155c:	4048                	lw	a0,4(s0)
    155e:	4601                	li	a2,0
    1560:	4591                	li	a1,4
    1562:	3711                	jal	1466 <std>
    1564:	4408                	lw	a0,8(s0)
    1566:	4605                	li	a2,1
    1568:	45a5                	li	a1,9
    156a:	3df5                	jal	1466 <std>
    156c:	4448                	lw	a0,12(s0)
    156e:	4609                	li	a2,2
    1570:	45c9                	li	a1,18
    1572:	3dd5                	jal	1466 <std>
    1574:	4785                	li	a5,1
    1576:	cc1c                	sw	a5,24(s0)
    1578:	40b2                	lw	ra,12(sp)
    157a:	4422                	lw	s0,8(sp)
    157c:	0141                	addi	sp,sp,16
    157e:	8082                	ret
    1580:	8082                	ret

00001582 <__sfp>:
    1582:	1141                	addi	sp,sp,-16
    1584:	81418793          	addi	a5,gp,-2028 # 20000094 <_global_impure_ptr>
    1588:	c226                	sw	s1,4(sp)
    158a:	4384                	lw	s1,0(a5)
    158c:	c04a                	sw	s2,0(sp)
    158e:	c606                	sw	ra,12(sp)
    1590:	4c9c                	lw	a5,24(s1)
    1592:	c422                	sw	s0,8(sp)
    1594:	892a                	mv	s2,a0
    1596:	e399                	bnez	a5,159c <__sfp+0x1a>
    1598:	8526                	mv	a0,s1
    159a:	3749                	jal	151c <__sinit>
    159c:	04848493          	addi	s1,s1,72
    15a0:	4480                	lw	s0,8(s1)
    15a2:	40dc                	lw	a5,4(s1)
    15a4:	17fd                	addi	a5,a5,-1
    15a6:	0007d663          	bgez	a5,15b2 <__sfp+0x30>
    15aa:	409c                	lw	a5,0(s1)
    15ac:	cfb9                	beqz	a5,160a <__sfp+0x88>
    15ae:	4084                	lw	s1,0(s1)
    15b0:	bfc5                	j	15a0 <__sfp+0x1e>
    15b2:	00c41703          	lh	a4,12(s0)
    15b6:	e739                	bnez	a4,1604 <__sfp+0x82>
    15b8:	77c1                	lui	a5,0xffff0
    15ba:	0785                	addi	a5,a5,1
    15bc:	06042223          	sw	zero,100(s0)
    15c0:	00042023          	sw	zero,0(s0)
    15c4:	00042223          	sw	zero,4(s0)
    15c8:	00042423          	sw	zero,8(s0)
    15cc:	c45c                	sw	a5,12(s0)
    15ce:	00042823          	sw	zero,16(s0)
    15d2:	00042a23          	sw	zero,20(s0)
    15d6:	00042c23          	sw	zero,24(s0)
    15da:	4621                	li	a2,8
    15dc:	4581                	li	a1,0
    15de:	05c40513          	addi	a0,s0,92
    15e2:	c3ffe0ef          	jal	ra,220 <memset>
    15e6:	02042a23          	sw	zero,52(s0)
    15ea:	02042c23          	sw	zero,56(s0)
    15ee:	04042423          	sw	zero,72(s0)
    15f2:	04042623          	sw	zero,76(s0)
    15f6:	8522                	mv	a0,s0
    15f8:	40b2                	lw	ra,12(sp)
    15fa:	4422                	lw	s0,8(sp)
    15fc:	4492                	lw	s1,4(sp)
    15fe:	4902                	lw	s2,0(sp)
    1600:	0141                	addi	sp,sp,16
    1602:	8082                	ret
    1604:	06840413          	addi	s0,s0,104
    1608:	bf71                	j	15a4 <__sfp+0x22>
    160a:	4591                	li	a1,4
    160c:	854a                	mv	a0,s2
    160e:	35e1                	jal	14d6 <__sfmoreglue>
    1610:	c088                	sw	a0,0(s1)
    1612:	fd51                	bnez	a0,15ae <__sfp+0x2c>
    1614:	47b1                	li	a5,12
    1616:	00f92023          	sw	a5,0(s2)
    161a:	4401                	li	s0,0
    161c:	bfe9                	j	15f6 <__sfp+0x74>

0000161e <_fwalk_reent>:
    161e:	7179                	addi	sp,sp,-48
    1620:	d422                	sw	s0,40(sp)
    1622:	d04a                	sw	s2,32(sp)
    1624:	cc52                	sw	s4,24(sp)
    1626:	ca56                	sw	s5,20(sp)
    1628:	c85a                	sw	s6,16(sp)
    162a:	c65e                	sw	s7,12(sp)
    162c:	d606                	sw	ra,44(sp)
    162e:	d226                	sw	s1,36(sp)
    1630:	ce4e                	sw	s3,28(sp)
    1632:	8a2a                	mv	s4,a0
    1634:	8aae                	mv	s5,a1
    1636:	04850413          	addi	s0,a0,72
    163a:	4901                	li	s2,0
    163c:	4b05                	li	s6,1
    163e:	5bfd                	li	s7,-1
    1640:	ec09                	bnez	s0,165a <_fwalk_reent+0x3c>
    1642:	50b2                	lw	ra,44(sp)
    1644:	5422                	lw	s0,40(sp)
    1646:	854a                	mv	a0,s2
    1648:	5492                	lw	s1,36(sp)
    164a:	5902                	lw	s2,32(sp)
    164c:	49f2                	lw	s3,28(sp)
    164e:	4a62                	lw	s4,24(sp)
    1650:	4ad2                	lw	s5,20(sp)
    1652:	4b42                	lw	s6,16(sp)
    1654:	4bb2                	lw	s7,12(sp)
    1656:	6145                	addi	sp,sp,48
    1658:	8082                	ret
    165a:	4404                	lw	s1,8(s0)
    165c:	00442983          	lw	s3,4(s0)
    1660:	19fd                	addi	s3,s3,-1
    1662:	0009d463          	bgez	s3,166a <_fwalk_reent+0x4c>
    1666:	4000                	lw	s0,0(s0)
    1668:	bfe1                	j	1640 <_fwalk_reent+0x22>
    166a:	24de                	lhu	a5,12(s1)
    166c:	00fb7b63          	bgeu	s6,a5,1682 <_fwalk_reent+0x64>
    1670:	00e49783          	lh	a5,14(s1)
    1674:	01778763          	beq	a5,s7,1682 <_fwalk_reent+0x64>
    1678:	85a6                	mv	a1,s1
    167a:	8552                	mv	a0,s4
    167c:	9a82                	jalr	s5
    167e:	00a96933          	or	s2,s2,a0
    1682:	06848493          	addi	s1,s1,104
    1686:	bfe9                	j	1660 <_fwalk_reent+0x42>

00001688 <__swhatbuf_r>:
    1688:	7119                	addi	sp,sp,-128
    168a:	daa6                	sw	s1,116(sp)
    168c:	84ae                	mv	s1,a1
    168e:	00e59583          	lh	a1,14(a1)
    1692:	dca2                	sw	s0,120(sp)
    1694:	de86                	sw	ra,124(sp)
    1696:	8432                	mv	s0,a2
    1698:	0005db63          	bgez	a1,16ae <__swhatbuf_r+0x26>
    169c:	24de                	lhu	a5,12(s1)
    169e:	0006a023          	sw	zero,0(a3)
    16a2:	0807f793          	andi	a5,a5,128
    16a6:	e785                	bnez	a5,16ce <__swhatbuf_r+0x46>
    16a8:	40000793          	li	a5,1024
    16ac:	a01d                	j	16d2 <__swhatbuf_r+0x4a>
    16ae:	0830                	addi	a2,sp,24
    16b0:	c636                	sw	a3,12(sp)
    16b2:	1fd000ef          	jal	ra,20ae <_fstat_r>
    16b6:	46b2                	lw	a3,12(sp)
    16b8:	fe0542e3          	bltz	a0,169c <__swhatbuf_r+0x14>
    16bc:	4772                	lw	a4,28(sp)
    16be:	67bd                	lui	a5,0xf
    16c0:	8ff9                	and	a5,a5,a4
    16c2:	7779                	lui	a4,0xffffe
    16c4:	97ba                	add	a5,a5,a4
    16c6:	0017b793          	seqz	a5,a5
    16ca:	c29c                	sw	a5,0(a3)
    16cc:	bff1                	j	16a8 <__swhatbuf_r+0x20>
    16ce:	04000793          	li	a5,64
    16d2:	c01c                	sw	a5,0(s0)
    16d4:	50f6                	lw	ra,124(sp)
    16d6:	5466                	lw	s0,120(sp)
    16d8:	54d6                	lw	s1,116(sp)
    16da:	4501                	li	a0,0
    16dc:	6109                	addi	sp,sp,128
    16de:	8082                	ret

000016e0 <__smakebuf_r>:
    16e0:	25de                	lhu	a5,12(a1)
    16e2:	1101                	addi	sp,sp,-32
    16e4:	cc22                	sw	s0,24(sp)
    16e6:	ce06                	sw	ra,28(sp)
    16e8:	ca26                	sw	s1,20(sp)
    16ea:	c84a                	sw	s2,16(sp)
    16ec:	8b89                	andi	a5,a5,2
    16ee:	842e                	mv	s0,a1
    16f0:	cf89                	beqz	a5,170a <__smakebuf_r+0x2a>
    16f2:	04740793          	addi	a5,s0,71
    16f6:	c01c                	sw	a5,0(s0)
    16f8:	c81c                	sw	a5,16(s0)
    16fa:	4785                	li	a5,1
    16fc:	c85c                	sw	a5,20(s0)
    16fe:	40f2                	lw	ra,28(sp)
    1700:	4462                	lw	s0,24(sp)
    1702:	44d2                	lw	s1,20(sp)
    1704:	4942                	lw	s2,16(sp)
    1706:	6105                	addi	sp,sp,32
    1708:	8082                	ret
    170a:	0074                	addi	a3,sp,12
    170c:	0030                	addi	a2,sp,8
    170e:	84aa                	mv	s1,a0
    1710:	3fa5                	jal	1688 <__swhatbuf_r>
    1712:	45a2                	lw	a1,8(sp)
    1714:	892a                	mv	s2,a0
    1716:	8526                	mv	a0,s1
    1718:	2201                	jal	1818 <_malloc_r>
    171a:	e919                	bnez	a0,1730 <__smakebuf_r+0x50>
    171c:	00c41783          	lh	a5,12(s0)
    1720:	2007f713          	andi	a4,a5,512
    1724:	ff69                	bnez	a4,16fe <__smakebuf_r+0x1e>
    1726:	9bf1                	andi	a5,a5,-4
    1728:	0027e793          	ori	a5,a5,2
    172c:	a45e                	sh	a5,12(s0)
    172e:	b7d1                	j	16f2 <__smakebuf_r+0x12>
    1730:	00000797          	auipc	a5,0x0
    1734:	d9c78793          	addi	a5,a5,-612 # 14cc <_cleanup_r>
    1738:	d49c                	sw	a5,40(s1)
    173a:	245e                	lhu	a5,12(s0)
    173c:	c008                	sw	a0,0(s0)
    173e:	c808                	sw	a0,16(s0)
    1740:	0807e793          	ori	a5,a5,128
    1744:	a45e                	sh	a5,12(s0)
    1746:	47a2                	lw	a5,8(sp)
    1748:	c85c                	sw	a5,20(s0)
    174a:	47b2                	lw	a5,12(sp)
    174c:	cf81                	beqz	a5,1764 <__smakebuf_r+0x84>
    174e:	00e41583          	lh	a1,14(s0)
    1752:	8526                	mv	a0,s1
    1754:	185000ef          	jal	ra,20d8 <_isatty_r>
    1758:	c511                	beqz	a0,1764 <__smakebuf_r+0x84>
    175a:	245e                	lhu	a5,12(s0)
    175c:	9bf1                	andi	a5,a5,-4
    175e:	0017e793          	ori	a5,a5,1
    1762:	a45e                	sh	a5,12(s0)
    1764:	245e                	lhu	a5,12(s0)
    1766:	00f96933          	or	s2,s2,a5
    176a:	01241623          	sh	s2,12(s0)
    176e:	bf41                	j	16fe <__smakebuf_r+0x1e>

00001770 <_free_r>:
    1770:	c1dd                	beqz	a1,1816 <_free_r+0xa6>
    1772:	ffc5a783          	lw	a5,-4(a1)
    1776:	1141                	addi	sp,sp,-16
    1778:	c422                	sw	s0,8(sp)
    177a:	c606                	sw	ra,12(sp)
    177c:	c226                	sw	s1,4(sp)
    177e:	ffc58413          	addi	s0,a1,-4
    1782:	0007d363          	bgez	a5,1788 <_free_r+0x18>
    1786:	943e                	add	s0,s0,a5
    1788:	84aa                	mv	s1,a0
    178a:	1bb000ef          	jal	ra,2144 <__malloc_lock>
    178e:	83418793          	addi	a5,gp,-1996 # 200000b4 <__malloc_free_list>
    1792:	439c                	lw	a5,0(a5)
    1794:	ef81                	bnez	a5,17ac <_free_r+0x3c>
    1796:	00042223          	sw	zero,4(s0)
    179a:	8281aa23          	sw	s0,-1996(gp) # 200000b4 <__malloc_free_list>
    179e:	4422                	lw	s0,8(sp)
    17a0:	40b2                	lw	ra,12(sp)
    17a2:	8526                	mv	a0,s1
    17a4:	4492                	lw	s1,4(sp)
    17a6:	0141                	addi	sp,sp,16
    17a8:	19f0006f          	j	2146 <__malloc_unlock>
    17ac:	00f47e63          	bgeu	s0,a5,17c8 <_free_r+0x58>
    17b0:	4014                	lw	a3,0(s0)
    17b2:	00d40733          	add	a4,s0,a3
    17b6:	00e79663          	bne	a5,a4,17c2 <_free_r+0x52>
    17ba:	4398                	lw	a4,0(a5)
    17bc:	43dc                	lw	a5,4(a5)
    17be:	9736                	add	a4,a4,a3
    17c0:	c018                	sw	a4,0(s0)
    17c2:	c05c                	sw	a5,4(s0)
    17c4:	bfd9                	j	179a <_free_r+0x2a>
    17c6:	87ba                	mv	a5,a4
    17c8:	43d8                	lw	a4,4(a5)
    17ca:	c319                	beqz	a4,17d0 <_free_r+0x60>
    17cc:	fee47de3          	bgeu	s0,a4,17c6 <_free_r+0x56>
    17d0:	4394                	lw	a3,0(a5)
    17d2:	00d78633          	add	a2,a5,a3
    17d6:	00861f63          	bne	a2,s0,17f4 <_free_r+0x84>
    17da:	4010                	lw	a2,0(s0)
    17dc:	96b2                	add	a3,a3,a2
    17de:	c394                	sw	a3,0(a5)
    17e0:	00d78633          	add	a2,a5,a3
    17e4:	fac71de3          	bne	a4,a2,179e <_free_r+0x2e>
    17e8:	4310                	lw	a2,0(a4)
    17ea:	4358                	lw	a4,4(a4)
    17ec:	96b2                	add	a3,a3,a2
    17ee:	c394                	sw	a3,0(a5)
    17f0:	c3d8                	sw	a4,4(a5)
    17f2:	b775                	j	179e <_free_r+0x2e>
    17f4:	00c47563          	bgeu	s0,a2,17fe <_free_r+0x8e>
    17f8:	47b1                	li	a5,12
    17fa:	c09c                	sw	a5,0(s1)
    17fc:	b74d                	j	179e <_free_r+0x2e>
    17fe:	4010                	lw	a2,0(s0)
    1800:	00c406b3          	add	a3,s0,a2
    1804:	00d71663          	bne	a4,a3,1810 <_free_r+0xa0>
    1808:	4314                	lw	a3,0(a4)
    180a:	4358                	lw	a4,4(a4)
    180c:	96b2                	add	a3,a3,a2
    180e:	c014                	sw	a3,0(s0)
    1810:	c058                	sw	a4,4(s0)
    1812:	c3c0                	sw	s0,4(a5)
    1814:	b769                	j	179e <_free_r+0x2e>
    1816:	8082                	ret

00001818 <_malloc_r>:
    1818:	1101                	addi	sp,sp,-32
    181a:	ca26                	sw	s1,20(sp)
    181c:	00358493          	addi	s1,a1,3
    1820:	98f1                	andi	s1,s1,-4
    1822:	ce06                	sw	ra,28(sp)
    1824:	cc22                	sw	s0,24(sp)
    1826:	c84a                	sw	s2,16(sp)
    1828:	c64e                	sw	s3,12(sp)
    182a:	04a1                	addi	s1,s1,8
    182c:	47b1                	li	a5,12
    182e:	04f4f363          	bgeu	s1,a5,1874 <_malloc_r+0x5c>
    1832:	44b1                	li	s1,12
    1834:	04b4e263          	bltu	s1,a1,1878 <_malloc_r+0x60>
    1838:	892a                	mv	s2,a0
    183a:	10b000ef          	jal	ra,2144 <__malloc_lock>
    183e:	83418793          	addi	a5,gp,-1996 # 200000b4 <__malloc_free_list>
    1842:	4398                	lw	a4,0(a5)
    1844:	843a                	mv	s0,a4
    1846:	e039                	bnez	s0,188c <_malloc_r+0x74>
    1848:	83818793          	addi	a5,gp,-1992 # 200000b8 <__malloc_sbrk_start>
    184c:	439c                	lw	a5,0(a5)
    184e:	e791                	bnez	a5,185a <_malloc_r+0x42>
    1850:	4581                	li	a1,0
    1852:	854a                	mv	a0,s2
    1854:	2f05                	jal	1f84 <_sbrk_r>
    1856:	82a1ac23          	sw	a0,-1992(gp) # 200000b8 <__malloc_sbrk_start>
    185a:	85a6                	mv	a1,s1
    185c:	854a                	mv	a0,s2
    185e:	271d                	jal	1f84 <_sbrk_r>
    1860:	59fd                	li	s3,-1
    1862:	07351963          	bne	a0,s3,18d4 <_malloc_r+0xbc>
    1866:	47b1                	li	a5,12
    1868:	00f92023          	sw	a5,0(s2)
    186c:	854a                	mv	a0,s2
    186e:	0d9000ef          	jal	ra,2146 <__malloc_unlock>
    1872:	a029                	j	187c <_malloc_r+0x64>
    1874:	fc04d0e3          	bgez	s1,1834 <_malloc_r+0x1c>
    1878:	47b1                	li	a5,12
    187a:	c11c                	sw	a5,0(a0)
    187c:	4501                	li	a0,0
    187e:	40f2                	lw	ra,28(sp)
    1880:	4462                	lw	s0,24(sp)
    1882:	44d2                	lw	s1,20(sp)
    1884:	4942                	lw	s2,16(sp)
    1886:	49b2                	lw	s3,12(sp)
    1888:	6105                	addi	sp,sp,32
    188a:	8082                	ret
    188c:	401c                	lw	a5,0(s0)
    188e:	8f85                	sub	a5,a5,s1
    1890:	0207cf63          	bltz	a5,18ce <_malloc_r+0xb6>
    1894:	46ad                	li	a3,11
    1896:	00f6f663          	bgeu	a3,a5,18a2 <_malloc_r+0x8a>
    189a:	c01c                	sw	a5,0(s0)
    189c:	943e                	add	s0,s0,a5
    189e:	c004                	sw	s1,0(s0)
    18a0:	a031                	j	18ac <_malloc_r+0x94>
    18a2:	405c                	lw	a5,4(s0)
    18a4:	02871363          	bne	a4,s0,18ca <_malloc_r+0xb2>
    18a8:	82f1aa23          	sw	a5,-1996(gp) # 200000b4 <__malloc_free_list>
    18ac:	854a                	mv	a0,s2
    18ae:	099000ef          	jal	ra,2146 <__malloc_unlock>
    18b2:	00b40513          	addi	a0,s0,11
    18b6:	00440793          	addi	a5,s0,4
    18ba:	9961                	andi	a0,a0,-8
    18bc:	40f50733          	sub	a4,a0,a5
    18c0:	df5d                	beqz	a4,187e <_malloc_r+0x66>
    18c2:	943a                	add	s0,s0,a4
    18c4:	8f89                	sub	a5,a5,a0
    18c6:	c01c                	sw	a5,0(s0)
    18c8:	bf5d                	j	187e <_malloc_r+0x66>
    18ca:	c35c                	sw	a5,4(a4)
    18cc:	b7c5                	j	18ac <_malloc_r+0x94>
    18ce:	8722                	mv	a4,s0
    18d0:	4040                	lw	s0,4(s0)
    18d2:	bf95                	j	1846 <_malloc_r+0x2e>
    18d4:	00350413          	addi	s0,a0,3
    18d8:	9871                	andi	s0,s0,-4
    18da:	fc8502e3          	beq	a0,s0,189e <_malloc_r+0x86>
    18de:	40a405b3          	sub	a1,s0,a0
    18e2:	854a                	mv	a0,s2
    18e4:	2545                	jal	1f84 <_sbrk_r>
    18e6:	fb351ce3          	bne	a0,s3,189e <_malloc_r+0x86>
    18ea:	bfb5                	j	1866 <_malloc_r+0x4e>

000018ec <__sfputc_r>:
    18ec:	461c                	lw	a5,8(a2)
    18ee:	17fd                	addi	a5,a5,-1
    18f0:	c61c                	sw	a5,8(a2)
    18f2:	0007da63          	bgez	a5,1906 <__sfputc_r+0x1a>
    18f6:	4e18                	lw	a4,24(a2)
    18f8:	00e7c563          	blt	a5,a4,1902 <__sfputc_r+0x16>
    18fc:	47a9                	li	a5,10
    18fe:	00f59463          	bne	a1,a5,1906 <__sfputc_r+0x1a>
    1902:	819ff06f          	j	111a <__swbuf_r>
    1906:	421c                	lw	a5,0(a2)
    1908:	852e                	mv	a0,a1
    190a:	00178713          	addi	a4,a5,1
    190e:	c218                	sw	a4,0(a2)
    1910:	a38c                	sb	a1,0(a5)
    1912:	8082                	ret

00001914 <__sfputs_r>:
    1914:	1101                	addi	sp,sp,-32
    1916:	cc22                	sw	s0,24(sp)
    1918:	ca26                	sw	s1,20(sp)
    191a:	c84a                	sw	s2,16(sp)
    191c:	c64e                	sw	s3,12(sp)
    191e:	c452                	sw	s4,8(sp)
    1920:	ce06                	sw	ra,28(sp)
    1922:	892a                	mv	s2,a0
    1924:	89ae                	mv	s3,a1
    1926:	8432                	mv	s0,a2
    1928:	00d604b3          	add	s1,a2,a3
    192c:	5a7d                	li	s4,-1
    192e:	00941463          	bne	s0,s1,1936 <__sfputs_r+0x22>
    1932:	4501                	li	a0,0
    1934:	a801                	j	1944 <__sfputs_r+0x30>
    1936:	200c                	lbu	a1,0(s0)
    1938:	864e                	mv	a2,s3
    193a:	854a                	mv	a0,s2
    193c:	3f45                	jal	18ec <__sfputc_r>
    193e:	0405                	addi	s0,s0,1
    1940:	ff4517e3          	bne	a0,s4,192e <__sfputs_r+0x1a>
    1944:	40f2                	lw	ra,28(sp)
    1946:	4462                	lw	s0,24(sp)
    1948:	44d2                	lw	s1,20(sp)
    194a:	4942                	lw	s2,16(sp)
    194c:	49b2                	lw	s3,12(sp)
    194e:	4a22                	lw	s4,8(sp)
    1950:	6105                	addi	sp,sp,32
    1952:	8082                	ret

00001954 <_vfiprintf_r>:
    1954:	7135                	addi	sp,sp,-160
    1956:	cd22                	sw	s0,152(sp)
    1958:	cb26                	sw	s1,148(sp)
    195a:	c94a                	sw	s2,144(sp)
    195c:	c74e                	sw	s3,140(sp)
    195e:	cf06                	sw	ra,156(sp)
    1960:	c552                	sw	s4,136(sp)
    1962:	c356                	sw	s5,132(sp)
    1964:	c15a                	sw	s6,128(sp)
    1966:	dede                	sw	s7,124(sp)
    1968:	dce2                	sw	s8,120(sp)
    196a:	dae6                	sw	s9,116(sp)
    196c:	89aa                	mv	s3,a0
    196e:	84ae                	mv	s1,a1
    1970:	8932                	mv	s2,a2
    1972:	8436                	mv	s0,a3
    1974:	c501                	beqz	a0,197c <_vfiprintf_r+0x28>
    1976:	4d1c                	lw	a5,24(a0)
    1978:	e391                	bnez	a5,197c <_vfiprintf_r+0x28>
    197a:	364d                	jal	151c <__sinit>
    197c:	00001797          	auipc	a5,0x1
    1980:	88c78793          	addi	a5,a5,-1908 # 2208 <__sf_fake_stdin>
    1984:	0cf49763          	bne	s1,a5,1a52 <_vfiprintf_r+0xfe>
    1988:	0049a483          	lw	s1,4(s3)
    198c:	24de                	lhu	a5,12(s1)
    198e:	8ba1                	andi	a5,a5,8
    1990:	c3fd                	beqz	a5,1a76 <_vfiprintf_r+0x122>
    1992:	489c                	lw	a5,16(s1)
    1994:	c3ed                	beqz	a5,1a76 <_vfiprintf_r+0x122>
    1996:	02000793          	li	a5,32
    199a:	02f104a3          	sb	a5,41(sp)
    199e:	03000793          	li	a5,48
    19a2:	d202                	sw	zero,36(sp)
    19a4:	02f10523          	sb	a5,42(sp)
    19a8:	c622                	sw	s0,12(sp)
    19aa:	02500b93          	li	s7,37
    19ae:	00001a97          	auipc	s5,0x1
    19b2:	89aa8a93          	addi	s5,s5,-1894 # 2248 <__sf_fake_stdout+0x20>
    19b6:	4c05                	li	s8,1
    19b8:	4b29                	li	s6,10
    19ba:	844a                	mv	s0,s2
    19bc:	201c                	lbu	a5,0(s0)
    19be:	c399                	beqz	a5,19c4 <_vfiprintf_r+0x70>
    19c0:	0d779e63          	bne	a5,s7,1a9c <_vfiprintf_r+0x148>
    19c4:	41240cb3          	sub	s9,s0,s2
    19c8:	000c8d63          	beqz	s9,19e2 <_vfiprintf_r+0x8e>
    19cc:	86e6                	mv	a3,s9
    19ce:	864a                	mv	a2,s2
    19d0:	85a6                	mv	a1,s1
    19d2:	854e                	mv	a0,s3
    19d4:	3781                	jal	1914 <__sfputs_r>
    19d6:	57fd                	li	a5,-1
    19d8:	1cf50f63          	beq	a0,a5,1bb6 <_vfiprintf_r+0x262>
    19dc:	5692                	lw	a3,36(sp)
    19de:	96e6                	add	a3,a3,s9
    19e0:	d236                	sw	a3,36(sp)
    19e2:	201c                	lbu	a5,0(s0)
    19e4:	1c078963          	beqz	a5,1bb6 <_vfiprintf_r+0x262>
    19e8:	57fd                	li	a5,-1
    19ea:	00140913          	addi	s2,s0,1
    19ee:	c802                	sw	zero,16(sp)
    19f0:	ce02                	sw	zero,28(sp)
    19f2:	ca3e                	sw	a5,20(sp)
    19f4:	cc02                	sw	zero,24(sp)
    19f6:	040109a3          	sb	zero,83(sp)
    19fa:	d482                	sw	zero,104(sp)
    19fc:	00094583          	lbu	a1,0(s2)
    1a00:	4615                	li	a2,5
    1a02:	8556                	mv	a0,s5
    1a04:	2725                	jal	212c <memchr>
    1a06:	00190413          	addi	s0,s2,1
    1a0a:	47c2                	lw	a5,16(sp)
    1a0c:	e951                	bnez	a0,1aa0 <_vfiprintf_r+0x14c>
    1a0e:	0107f713          	andi	a4,a5,16
    1a12:	c709                	beqz	a4,1a1c <_vfiprintf_r+0xc8>
    1a14:	02000713          	li	a4,32
    1a18:	04e109a3          	sb	a4,83(sp)
    1a1c:	0087f713          	andi	a4,a5,8
    1a20:	c709                	beqz	a4,1a2a <_vfiprintf_r+0xd6>
    1a22:	02b00713          	li	a4,43
    1a26:	04e109a3          	sb	a4,83(sp)
    1a2a:	00094683          	lbu	a3,0(s2)
    1a2e:	02a00713          	li	a4,42
    1a32:	06e68f63          	beq	a3,a4,1ab0 <_vfiprintf_r+0x15c>
    1a36:	47f2                	lw	a5,28(sp)
    1a38:	844a                	mv	s0,s2
    1a3a:	4681                	li	a3,0
    1a3c:	4625                	li	a2,9
    1a3e:	2018                	lbu	a4,0(s0)
    1a40:	00140593          	addi	a1,s0,1
    1a44:	fd070713          	addi	a4,a4,-48 # ffffdfd0 <_eusrstack+0xdfff5fd0>
    1a48:	0ae67763          	bgeu	a2,a4,1af6 <_vfiprintf_r+0x1a2>
    1a4c:	cab5                	beqz	a3,1ac0 <_vfiprintf_r+0x16c>
    1a4e:	ce3e                	sw	a5,28(sp)
    1a50:	a885                	j	1ac0 <_vfiprintf_r+0x16c>
    1a52:	00000797          	auipc	a5,0x0
    1a56:	7d678793          	addi	a5,a5,2006 # 2228 <__sf_fake_stdout>
    1a5a:	00f49563          	bne	s1,a5,1a64 <_vfiprintf_r+0x110>
    1a5e:	0089a483          	lw	s1,8(s3)
    1a62:	b72d                	j	198c <_vfiprintf_r+0x38>
    1a64:	00000797          	auipc	a5,0x0
    1a68:	78478793          	addi	a5,a5,1924 # 21e8 <__sf_fake_stderr>
    1a6c:	f2f490e3          	bne	s1,a5,198c <_vfiprintf_r+0x38>
    1a70:	00c9a483          	lw	s1,12(s3)
    1a74:	bf21                	j	198c <_vfiprintf_r+0x38>
    1a76:	85a6                	mv	a1,s1
    1a78:	854e                	mv	a0,s3
    1a7a:	f5cff0ef          	jal	ra,11d6 <__swsetup_r>
    1a7e:	dd01                	beqz	a0,1996 <_vfiprintf_r+0x42>
    1a80:	557d                	li	a0,-1
    1a82:	40fa                	lw	ra,156(sp)
    1a84:	446a                	lw	s0,152(sp)
    1a86:	44da                	lw	s1,148(sp)
    1a88:	494a                	lw	s2,144(sp)
    1a8a:	49ba                	lw	s3,140(sp)
    1a8c:	4a2a                	lw	s4,136(sp)
    1a8e:	4a9a                	lw	s5,132(sp)
    1a90:	4b0a                	lw	s6,128(sp)
    1a92:	5bf6                	lw	s7,124(sp)
    1a94:	5c66                	lw	s8,120(sp)
    1a96:	5cd6                	lw	s9,116(sp)
    1a98:	610d                	addi	sp,sp,160
    1a9a:	8082                	ret
    1a9c:	0405                	addi	s0,s0,1
    1a9e:	bf39                	j	19bc <_vfiprintf_r+0x68>
    1aa0:	41550533          	sub	a0,a0,s5
    1aa4:	00ac1533          	sll	a0,s8,a0
    1aa8:	8fc9                	or	a5,a5,a0
    1aaa:	c83e                	sw	a5,16(sp)
    1aac:	8922                	mv	s2,s0
    1aae:	b7b9                	j	19fc <_vfiprintf_r+0xa8>
    1ab0:	4732                	lw	a4,12(sp)
    1ab2:	00470693          	addi	a3,a4,4
    1ab6:	4318                	lw	a4,0(a4)
    1ab8:	c636                	sw	a3,12(sp)
    1aba:	02074763          	bltz	a4,1ae8 <_vfiprintf_r+0x194>
    1abe:	ce3a                	sw	a4,28(sp)
    1ac0:	2018                	lbu	a4,0(s0)
    1ac2:	02e00793          	li	a5,46
    1ac6:	04f71d63          	bne	a4,a5,1b20 <_vfiprintf_r+0x1cc>
    1aca:	3018                	lbu	a4,1(s0)
    1acc:	02a00793          	li	a5,42
    1ad0:	02f71b63          	bne	a4,a5,1b06 <_vfiprintf_r+0x1b2>
    1ad4:	47b2                	lw	a5,12(sp)
    1ad6:	0409                	addi	s0,s0,2
    1ad8:	00478713          	addi	a4,a5,4
    1adc:	439c                	lw	a5,0(a5)
    1ade:	c63a                	sw	a4,12(sp)
    1ae0:	0207c163          	bltz	a5,1b02 <_vfiprintf_r+0x1ae>
    1ae4:	ca3e                	sw	a5,20(sp)
    1ae6:	a82d                	j	1b20 <_vfiprintf_r+0x1cc>
    1ae8:	40e00733          	neg	a4,a4
    1aec:	0027e793          	ori	a5,a5,2
    1af0:	ce3a                	sw	a4,28(sp)
    1af2:	c83e                	sw	a5,16(sp)
    1af4:	b7f1                	j	1ac0 <_vfiprintf_r+0x16c>
    1af6:	036787b3          	mul	a5,a5,s6
    1afa:	4685                	li	a3,1
    1afc:	842e                	mv	s0,a1
    1afe:	97ba                	add	a5,a5,a4
    1b00:	bf3d                	j	1a3e <_vfiprintf_r+0xea>
    1b02:	57fd                	li	a5,-1
    1b04:	b7c5                	j	1ae4 <_vfiprintf_r+0x190>
    1b06:	0405                	addi	s0,s0,1
    1b08:	ca02                	sw	zero,20(sp)
    1b0a:	4681                	li	a3,0
    1b0c:	4781                	li	a5,0
    1b0e:	4625                	li	a2,9
    1b10:	2018                	lbu	a4,0(s0)
    1b12:	00140593          	addi	a1,s0,1
    1b16:	fd070713          	addi	a4,a4,-48
    1b1a:	06e67463          	bgeu	a2,a4,1b82 <_vfiprintf_r+0x22e>
    1b1e:	f2f9                	bnez	a3,1ae4 <_vfiprintf_r+0x190>
    1b20:	200c                	lbu	a1,0(s0)
    1b22:	460d                	li	a2,3
    1b24:	00000517          	auipc	a0,0x0
    1b28:	72c50513          	addi	a0,a0,1836 # 2250 <__sf_fake_stdout+0x28>
    1b2c:	2501                	jal	212c <memchr>
    1b2e:	cd11                	beqz	a0,1b4a <_vfiprintf_r+0x1f6>
    1b30:	00000797          	auipc	a5,0x0
    1b34:	72078793          	addi	a5,a5,1824 # 2250 <__sf_fake_stdout+0x28>
    1b38:	8d1d                	sub	a0,a0,a5
    1b3a:	04000793          	li	a5,64
    1b3e:	00a797b3          	sll	a5,a5,a0
    1b42:	4542                	lw	a0,16(sp)
    1b44:	0405                	addi	s0,s0,1
    1b46:	8d5d                	or	a0,a0,a5
    1b48:	c82a                	sw	a0,16(sp)
    1b4a:	200c                	lbu	a1,0(s0)
    1b4c:	4619                	li	a2,6
    1b4e:	00000517          	auipc	a0,0x0
    1b52:	70650513          	addi	a0,a0,1798 # 2254 <__sf_fake_stdout+0x2c>
    1b56:	00140913          	addi	s2,s0,1
    1b5a:	02b10423          	sb	a1,40(sp)
    1b5e:	23f9                	jal	212c <memchr>
    1b60:	c135                	beqz	a0,1bc4 <_vfiprintf_r+0x270>
    1b62:	ffffe797          	auipc	a5,0xffffe
    1b66:	49e78793          	addi	a5,a5,1182 # 0 <_sinit>
    1b6a:	e795                	bnez	a5,1b96 <_vfiprintf_r+0x242>
    1b6c:	4742                	lw	a4,16(sp)
    1b6e:	47b2                	lw	a5,12(sp)
    1b70:	10077713          	andi	a4,a4,256
    1b74:	cf09                	beqz	a4,1b8e <_vfiprintf_r+0x23a>
    1b76:	0791                	addi	a5,a5,4
    1b78:	c63e                	sw	a5,12(sp)
    1b7a:	5792                	lw	a5,36(sp)
    1b7c:	97d2                	add	a5,a5,s4
    1b7e:	d23e                	sw	a5,36(sp)
    1b80:	bd2d                	j	19ba <_vfiprintf_r+0x66>
    1b82:	036787b3          	mul	a5,a5,s6
    1b86:	4685                	li	a3,1
    1b88:	842e                	mv	s0,a1
    1b8a:	97ba                	add	a5,a5,a4
    1b8c:	b751                	j	1b10 <_vfiprintf_r+0x1bc>
    1b8e:	079d                	addi	a5,a5,7
    1b90:	9be1                	andi	a5,a5,-8
    1b92:	07a1                	addi	a5,a5,8
    1b94:	b7d5                	j	1b78 <_vfiprintf_r+0x224>
    1b96:	0078                	addi	a4,sp,12
    1b98:	00000697          	auipc	a3,0x0
    1b9c:	d7c68693          	addi	a3,a3,-644 # 1914 <__sfputs_r>
    1ba0:	8626                	mv	a2,s1
    1ba2:	080c                	addi	a1,sp,16
    1ba4:	854e                	mv	a0,s3
    1ba6:	00000097          	auipc	ra,0x0
    1baa:	000000e7          	jalr	zero # 0 <_sinit>
    1bae:	57fd                	li	a5,-1
    1bb0:	8a2a                	mv	s4,a0
    1bb2:	fcf514e3          	bne	a0,a5,1b7a <_vfiprintf_r+0x226>
    1bb6:	24de                	lhu	a5,12(s1)
    1bb8:	0407f793          	andi	a5,a5,64
    1bbc:	ec0792e3          	bnez	a5,1a80 <_vfiprintf_r+0x12c>
    1bc0:	5512                	lw	a0,36(sp)
    1bc2:	b5c1                	j	1a82 <_vfiprintf_r+0x12e>
    1bc4:	0078                	addi	a4,sp,12
    1bc6:	00000697          	auipc	a3,0x0
    1bca:	d4e68693          	addi	a3,a3,-690 # 1914 <__sfputs_r>
    1bce:	8626                	mv	a2,s1
    1bd0:	080c                	addi	a1,sp,16
    1bd2:	854e                	mv	a0,s3
    1bd4:	2a01                	jal	1ce4 <_printf_i>
    1bd6:	bfe1                	j	1bae <_vfiprintf_r+0x25a>

00001bd8 <_printf_common>:
    1bd8:	7179                	addi	sp,sp,-48
    1bda:	ca56                	sw	s5,20(sp)
    1bdc:	499c                	lw	a5,16(a1)
    1bde:	8aba                	mv	s5,a4
    1be0:	4598                	lw	a4,8(a1)
    1be2:	d422                	sw	s0,40(sp)
    1be4:	d226                	sw	s1,36(sp)
    1be6:	ce4e                	sw	s3,28(sp)
    1be8:	cc52                	sw	s4,24(sp)
    1bea:	d606                	sw	ra,44(sp)
    1bec:	d04a                	sw	s2,32(sp)
    1bee:	c85a                	sw	s6,16(sp)
    1bf0:	c65e                	sw	s7,12(sp)
    1bf2:	89aa                	mv	s3,a0
    1bf4:	842e                	mv	s0,a1
    1bf6:	84b2                	mv	s1,a2
    1bf8:	8a36                	mv	s4,a3
    1bfa:	00e7d363          	bge	a5,a4,1c00 <_printf_common+0x28>
    1bfe:	87ba                	mv	a5,a4
    1c00:	c09c                	sw	a5,0(s1)
    1c02:	04344703          	lbu	a4,67(s0)
    1c06:	c319                	beqz	a4,1c0c <_printf_common+0x34>
    1c08:	0785                	addi	a5,a5,1
    1c0a:	c09c                	sw	a5,0(s1)
    1c0c:	401c                	lw	a5,0(s0)
    1c0e:	0207f793          	andi	a5,a5,32
    1c12:	c781                	beqz	a5,1c1a <_printf_common+0x42>
    1c14:	409c                	lw	a5,0(s1)
    1c16:	0789                	addi	a5,a5,2
    1c18:	c09c                	sw	a5,0(s1)
    1c1a:	00042903          	lw	s2,0(s0)
    1c1e:	00697913          	andi	s2,s2,6
    1c22:	00091a63          	bnez	s2,1c36 <_printf_common+0x5e>
    1c26:	01940b13          	addi	s6,s0,25
    1c2a:	5bfd                	li	s7,-1
    1c2c:	445c                	lw	a5,12(s0)
    1c2e:	4098                	lw	a4,0(s1)
    1c30:	8f99                	sub	a5,a5,a4
    1c32:	04f94c63          	blt	s2,a5,1c8a <_printf_common+0xb2>
    1c36:	401c                	lw	a5,0(s0)
    1c38:	04344683          	lbu	a3,67(s0)
    1c3c:	0207f793          	andi	a5,a5,32
    1c40:	00d036b3          	snez	a3,a3
    1c44:	eba5                	bnez	a5,1cb4 <_printf_common+0xdc>
    1c46:	04340613          	addi	a2,s0,67
    1c4a:	85d2                	mv	a1,s4
    1c4c:	854e                	mv	a0,s3
    1c4e:	9a82                	jalr	s5
    1c50:	57fd                	li	a5,-1
    1c52:	04f50363          	beq	a0,a5,1c98 <_printf_common+0xc0>
    1c56:	401c                	lw	a5,0(s0)
    1c58:	4611                	li	a2,4
    1c5a:	4098                	lw	a4,0(s1)
    1c5c:	8b99                	andi	a5,a5,6
    1c5e:	4454                	lw	a3,12(s0)
    1c60:	4481                	li	s1,0
    1c62:	00c79763          	bne	a5,a2,1c70 <_printf_common+0x98>
    1c66:	40e684b3          	sub	s1,a3,a4
    1c6a:	0004d363          	bgez	s1,1c70 <_printf_common+0x98>
    1c6e:	4481                	li	s1,0
    1c70:	441c                	lw	a5,8(s0)
    1c72:	4818                	lw	a4,16(s0)
    1c74:	00f75463          	bge	a4,a5,1c7c <_printf_common+0xa4>
    1c78:	8f99                	sub	a5,a5,a4
    1c7a:	94be                	add	s1,s1,a5
    1c7c:	4901                	li	s2,0
    1c7e:	0469                	addi	s0,s0,26
    1c80:	5b7d                	li	s6,-1
    1c82:	05249863          	bne	s1,s2,1cd2 <_printf_common+0xfa>
    1c86:	4501                	li	a0,0
    1c88:	a809                	j	1c9a <_printf_common+0xc2>
    1c8a:	4685                	li	a3,1
    1c8c:	865a                	mv	a2,s6
    1c8e:	85d2                	mv	a1,s4
    1c90:	854e                	mv	a0,s3
    1c92:	9a82                	jalr	s5
    1c94:	01751e63          	bne	a0,s7,1cb0 <_printf_common+0xd8>
    1c98:	557d                	li	a0,-1
    1c9a:	50b2                	lw	ra,44(sp)
    1c9c:	5422                	lw	s0,40(sp)
    1c9e:	5492                	lw	s1,36(sp)
    1ca0:	5902                	lw	s2,32(sp)
    1ca2:	49f2                	lw	s3,28(sp)
    1ca4:	4a62                	lw	s4,24(sp)
    1ca6:	4ad2                	lw	s5,20(sp)
    1ca8:	4b42                	lw	s6,16(sp)
    1caa:	4bb2                	lw	s7,12(sp)
    1cac:	6145                	addi	sp,sp,48
    1cae:	8082                	ret
    1cb0:	0905                	addi	s2,s2,1
    1cb2:	bfad                	j	1c2c <_printf_common+0x54>
    1cb4:	00d40733          	add	a4,s0,a3
    1cb8:	03000613          	li	a2,48
    1cbc:	04c701a3          	sb	a2,67(a4)
    1cc0:	04544703          	lbu	a4,69(s0)
    1cc4:	00168793          	addi	a5,a3,1
    1cc8:	97a2                	add	a5,a5,s0
    1cca:	0689                	addi	a3,a3,2
    1ccc:	04e781a3          	sb	a4,67(a5)
    1cd0:	bf9d                	j	1c46 <_printf_common+0x6e>
    1cd2:	4685                	li	a3,1
    1cd4:	8622                	mv	a2,s0
    1cd6:	85d2                	mv	a1,s4
    1cd8:	854e                	mv	a0,s3
    1cda:	9a82                	jalr	s5
    1cdc:	fb650ee3          	beq	a0,s6,1c98 <_printf_common+0xc0>
    1ce0:	0905                	addi	s2,s2,1
    1ce2:	b745                	j	1c82 <_printf_common+0xaa>

00001ce4 <_printf_i>:
    1ce4:	7179                	addi	sp,sp,-48
    1ce6:	d422                	sw	s0,40(sp)
    1ce8:	d226                	sw	s1,36(sp)
    1cea:	d04a                	sw	s2,32(sp)
    1cec:	ce4e                	sw	s3,28(sp)
    1cee:	d606                	sw	ra,44(sp)
    1cf0:	cc52                	sw	s4,24(sp)
    1cf2:	ca56                	sw	s5,20(sp)
    1cf4:	c85a                	sw	s6,16(sp)
    1cf6:	89b6                	mv	s3,a3
    1cf8:	2d94                	lbu	a3,24(a1)
    1cfa:	06900793          	li	a5,105
    1cfe:	8932                	mv	s2,a2
    1d00:	84aa                	mv	s1,a0
    1d02:	842e                	mv	s0,a1
    1d04:	04358613          	addi	a2,a1,67
    1d08:	02f68d63          	beq	a3,a5,1d42 <_printf_i+0x5e>
    1d0c:	06d7e263          	bltu	a5,a3,1d70 <_printf_i+0x8c>
    1d10:	05800793          	li	a5,88
    1d14:	18f68563          	beq	a3,a5,1e9e <_printf_i+0x1ba>
    1d18:	00d7ed63          	bltu	a5,a3,1d32 <_printf_i+0x4e>
    1d1c:	20068d63          	beqz	a3,1f36 <_printf_i+0x252>
    1d20:	04300793          	li	a5,67
    1d24:	0af68e63          	beq	a3,a5,1de0 <_printf_i+0xfc>
    1d28:	04240a93          	addi	s5,s0,66
    1d2c:	04d40123          	sb	a3,66(s0)
    1d30:	a0c9                	j	1df2 <_printf_i+0x10e>
    1d32:	06300793          	li	a5,99
    1d36:	0af68563          	beq	a3,a5,1de0 <_printf_i+0xfc>
    1d3a:	06400793          	li	a5,100
    1d3e:	fef695e3          	bne	a3,a5,1d28 <_printf_i+0x44>
    1d42:	401c                	lw	a5,0(s0)
    1d44:	4308                	lw	a0,0(a4)
    1d46:	0807f693          	andi	a3,a5,128
    1d4a:	00450593          	addi	a1,a0,4
    1d4e:	c6c5                	beqz	a3,1df6 <_printf_i+0x112>
    1d50:	411c                	lw	a5,0(a0)
    1d52:	c30c                	sw	a1,0(a4)
    1d54:	0007d863          	bgez	a5,1d64 <_printf_i+0x80>
    1d58:	02d00713          	li	a4,45
    1d5c:	40f007b3          	neg	a5,a5
    1d60:	04e401a3          	sb	a4,67(s0)
    1d64:	00000697          	auipc	a3,0x0
    1d68:	4f868693          	addi	a3,a3,1272 # 225c <__sf_fake_stdout+0x34>
    1d6c:	4729                	li	a4,10
    1d6e:	a865                	j	1e26 <_printf_i+0x142>
    1d70:	07000793          	li	a5,112
    1d74:	16f68163          	beq	a3,a5,1ed6 <_printf_i+0x1f2>
    1d78:	02d7e563          	bltu	a5,a3,1da2 <_printf_i+0xbe>
    1d7c:	06e00793          	li	a5,110
    1d80:	18f68863          	beq	a3,a5,1f10 <_printf_i+0x22c>
    1d84:	06f00793          	li	a5,111
    1d88:	faf690e3          	bne	a3,a5,1d28 <_printf_i+0x44>
    1d8c:	400c                	lw	a1,0(s0)
    1d8e:	431c                	lw	a5,0(a4)
    1d90:	0805f813          	andi	a6,a1,128
    1d94:	00478513          	addi	a0,a5,4
    1d98:	06080763          	beqz	a6,1e06 <_printf_i+0x122>
    1d9c:	c308                	sw	a0,0(a4)
    1d9e:	439c                	lw	a5,0(a5)
    1da0:	a885                	j	1e10 <_printf_i+0x12c>
    1da2:	07500793          	li	a5,117
    1da6:	fef683e3          	beq	a3,a5,1d8c <_printf_i+0xa8>
    1daa:	07800793          	li	a5,120
    1dae:	12f68863          	beq	a3,a5,1ede <_printf_i+0x1fa>
    1db2:	07300793          	li	a5,115
    1db6:	f6f699e3          	bne	a3,a5,1d28 <_printf_i+0x44>
    1dba:	431c                	lw	a5,0(a4)
    1dbc:	41d0                	lw	a2,4(a1)
    1dbe:	4581                	li	a1,0
    1dc0:	00478693          	addi	a3,a5,4
    1dc4:	c314                	sw	a3,0(a4)
    1dc6:	0007aa83          	lw	s5,0(a5)
    1dca:	8556                	mv	a0,s5
    1dcc:	2685                	jal	212c <memchr>
    1dce:	c501                	beqz	a0,1dd6 <_printf_i+0xf2>
    1dd0:	41550533          	sub	a0,a0,s5
    1dd4:	c048                	sw	a0,4(s0)
    1dd6:	405c                	lw	a5,4(s0)
    1dd8:	c81c                	sw	a5,16(s0)
    1dda:	040401a3          	sb	zero,67(s0)
    1dde:	a861                	j	1e76 <_printf_i+0x192>
    1de0:	431c                	lw	a5,0(a4)
    1de2:	04240a93          	addi	s5,s0,66
    1de6:	00478693          	addi	a3,a5,4
    1dea:	439c                	lw	a5,0(a5)
    1dec:	c314                	sw	a3,0(a4)
    1dee:	04f40123          	sb	a5,66(s0)
    1df2:	4785                	li	a5,1
    1df4:	b7d5                	j	1dd8 <_printf_i+0xf4>
    1df6:	0407f693          	andi	a3,a5,64
    1dfa:	411c                	lw	a5,0(a0)
    1dfc:	c30c                	sw	a1,0(a4)
    1dfe:	dab9                	beqz	a3,1d54 <_printf_i+0x70>
    1e00:	07c2                	slli	a5,a5,0x10
    1e02:	87c1                	srai	a5,a5,0x10
    1e04:	bf81                	j	1d54 <_printf_i+0x70>
    1e06:	0405f593          	andi	a1,a1,64
    1e0a:	c308                	sw	a0,0(a4)
    1e0c:	d9c9                	beqz	a1,1d9e <_printf_i+0xba>
    1e0e:	239e                	lhu	a5,0(a5)
    1e10:	06f00713          	li	a4,111
    1e14:	0ee68663          	beq	a3,a4,1f00 <_printf_i+0x21c>
    1e18:	00000697          	auipc	a3,0x0
    1e1c:	44468693          	addi	a3,a3,1092 # 225c <__sf_fake_stdout+0x34>
    1e20:	4729                	li	a4,10
    1e22:	040401a3          	sb	zero,67(s0)
    1e26:	404c                	lw	a1,4(s0)
    1e28:	c40c                	sw	a1,8(s0)
    1e2a:	0005c563          	bltz	a1,1e34 <_printf_i+0x150>
    1e2e:	4008                	lw	a0,0(s0)
    1e30:	996d                	andi	a0,a0,-5
    1e32:	c008                	sw	a0,0(s0)
    1e34:	e399                	bnez	a5,1e3a <_printf_i+0x156>
    1e36:	8ab2                	mv	s5,a2
    1e38:	cd89                	beqz	a1,1e52 <_printf_i+0x16e>
    1e3a:	8ab2                	mv	s5,a2
    1e3c:	02e7f5b3          	remu	a1,a5,a4
    1e40:	1afd                	addi	s5,s5,-1
    1e42:	95b6                	add	a1,a1,a3
    1e44:	218c                	lbu	a1,0(a1)
    1e46:	00ba8023          	sb	a1,0(s5)
    1e4a:	02e7d5b3          	divu	a1,a5,a4
    1e4e:	0ae7ff63          	bgeu	a5,a4,1f0c <_printf_i+0x228>
    1e52:	47a1                	li	a5,8
    1e54:	00f71e63          	bne	a4,a5,1e70 <_printf_i+0x18c>
    1e58:	401c                	lw	a5,0(s0)
    1e5a:	8b85                	andi	a5,a5,1
    1e5c:	cb91                	beqz	a5,1e70 <_printf_i+0x18c>
    1e5e:	4058                	lw	a4,4(s0)
    1e60:	481c                	lw	a5,16(s0)
    1e62:	00e7c763          	blt	a5,a4,1e70 <_printf_i+0x18c>
    1e66:	03000793          	li	a5,48
    1e6a:	fefa8fa3          	sb	a5,-1(s5)
    1e6e:	1afd                	addi	s5,s5,-1
    1e70:	41560633          	sub	a2,a2,s5
    1e74:	c810                	sw	a2,16(s0)
    1e76:	874e                	mv	a4,s3
    1e78:	86ca                	mv	a3,s2
    1e7a:	0070                	addi	a2,sp,12
    1e7c:	85a2                	mv	a1,s0
    1e7e:	8526                	mv	a0,s1
    1e80:	3ba1                	jal	1bd8 <_printf_common>
    1e82:	5a7d                	li	s4,-1
    1e84:	0b451d63          	bne	a0,s4,1f3e <_printf_i+0x25a>
    1e88:	557d                	li	a0,-1
    1e8a:	50b2                	lw	ra,44(sp)
    1e8c:	5422                	lw	s0,40(sp)
    1e8e:	5492                	lw	s1,36(sp)
    1e90:	5902                	lw	s2,32(sp)
    1e92:	49f2                	lw	s3,28(sp)
    1e94:	4a62                	lw	s4,24(sp)
    1e96:	4ad2                	lw	s5,20(sp)
    1e98:	4b42                	lw	s6,16(sp)
    1e9a:	6145                	addi	sp,sp,48
    1e9c:	8082                	ret
    1e9e:	04d582a3          	sb	a3,69(a1)
    1ea2:	00000697          	auipc	a3,0x0
    1ea6:	3ba68693          	addi	a3,a3,954 # 225c <__sf_fake_stdout+0x34>
    1eaa:	400c                	lw	a1,0(s0)
    1eac:	4308                	lw	a0,0(a4)
    1eae:	0805f813          	andi	a6,a1,128
    1eb2:	411c                	lw	a5,0(a0)
    1eb4:	0511                	addi	a0,a0,4
    1eb6:	02080d63          	beqz	a6,1ef0 <_printf_i+0x20c>
    1eba:	c308                	sw	a0,0(a4)
    1ebc:	0015f713          	andi	a4,a1,1
    1ec0:	c701                	beqz	a4,1ec8 <_printf_i+0x1e4>
    1ec2:	0205e593          	ori	a1,a1,32
    1ec6:	c00c                	sw	a1,0(s0)
    1ec8:	4741                	li	a4,16
    1eca:	ffa1                	bnez	a5,1e22 <_printf_i+0x13e>
    1ecc:	400c                	lw	a1,0(s0)
    1ece:	fdf5f593          	andi	a1,a1,-33
    1ed2:	c00c                	sw	a1,0(s0)
    1ed4:	b7b9                	j	1e22 <_printf_i+0x13e>
    1ed6:	419c                	lw	a5,0(a1)
    1ed8:	0207e793          	ori	a5,a5,32
    1edc:	c19c                	sw	a5,0(a1)
    1ede:	07800793          	li	a5,120
    1ee2:	04f402a3          	sb	a5,69(s0)
    1ee6:	00000697          	auipc	a3,0x0
    1eea:	38a68693          	addi	a3,a3,906 # 2270 <__sf_fake_stdout+0x48>
    1eee:	bf75                	j	1eaa <_printf_i+0x1c6>
    1ef0:	0405f813          	andi	a6,a1,64
    1ef4:	c308                	sw	a0,0(a4)
    1ef6:	fc0803e3          	beqz	a6,1ebc <_printf_i+0x1d8>
    1efa:	07c2                	slli	a5,a5,0x10
    1efc:	83c1                	srli	a5,a5,0x10
    1efe:	bf7d                	j	1ebc <_printf_i+0x1d8>
    1f00:	00000697          	auipc	a3,0x0
    1f04:	35c68693          	addi	a3,a3,860 # 225c <__sf_fake_stdout+0x34>
    1f08:	4721                	li	a4,8
    1f0a:	bf21                	j	1e22 <_printf_i+0x13e>
    1f0c:	87ae                	mv	a5,a1
    1f0e:	b73d                	j	1e3c <_printf_i+0x158>
    1f10:	4194                	lw	a3,0(a1)
    1f12:	431c                	lw	a5,0(a4)
    1f14:	49cc                	lw	a1,20(a1)
    1f16:	0806f813          	andi	a6,a3,128
    1f1a:	00478513          	addi	a0,a5,4
    1f1e:	00080663          	beqz	a6,1f2a <_printf_i+0x246>
    1f22:	c308                	sw	a0,0(a4)
    1f24:	439c                	lw	a5,0(a5)
    1f26:	c38c                	sw	a1,0(a5)
    1f28:	a039                	j	1f36 <_printf_i+0x252>
    1f2a:	c308                	sw	a0,0(a4)
    1f2c:	0406f693          	andi	a3,a3,64
    1f30:	439c                	lw	a5,0(a5)
    1f32:	daf5                	beqz	a3,1f26 <_printf_i+0x242>
    1f34:	a38e                	sh	a1,0(a5)
    1f36:	00042823          	sw	zero,16(s0)
    1f3a:	8ab2                	mv	s5,a2
    1f3c:	bf2d                	j	1e76 <_printf_i+0x192>
    1f3e:	4814                	lw	a3,16(s0)
    1f40:	8656                	mv	a2,s5
    1f42:	85ca                	mv	a1,s2
    1f44:	8526                	mv	a0,s1
    1f46:	9982                	jalr	s3
    1f48:	f54500e3          	beq	a0,s4,1e88 <_printf_i+0x1a4>
    1f4c:	401c                	lw	a5,0(s0)
    1f4e:	8b89                	andi	a5,a5,2
    1f50:	e78d                	bnez	a5,1f7a <_printf_i+0x296>
    1f52:	47b2                	lw	a5,12(sp)
    1f54:	4448                	lw	a0,12(s0)
    1f56:	f2f55ae3          	bge	a0,a5,1e8a <_printf_i+0x1a6>
    1f5a:	853e                	mv	a0,a5
    1f5c:	b73d                	j	1e8a <_printf_i+0x1a6>
    1f5e:	4685                	li	a3,1
    1f60:	8656                	mv	a2,s5
    1f62:	85ca                	mv	a1,s2
    1f64:	8526                	mv	a0,s1
    1f66:	9982                	jalr	s3
    1f68:	f36500e3          	beq	a0,s6,1e88 <_printf_i+0x1a4>
    1f6c:	0a05                	addi	s4,s4,1
    1f6e:	445c                	lw	a5,12(s0)
    1f70:	4732                	lw	a4,12(sp)
    1f72:	8f99                	sub	a5,a5,a4
    1f74:	fefa45e3          	blt	s4,a5,1f5e <_printf_i+0x27a>
    1f78:	bfe9                	j	1f52 <_printf_i+0x26e>
    1f7a:	4a01                	li	s4,0
    1f7c:	01940a93          	addi	s5,s0,25
    1f80:	5b7d                	li	s6,-1
    1f82:	b7f5                	j	1f6e <_printf_i+0x28a>

00001f84 <_sbrk_r>:
    1f84:	1141                	addi	sp,sp,-16
    1f86:	c422                	sw	s0,8(sp)
    1f88:	842a                	mv	s0,a0
    1f8a:	852e                	mv	a0,a1
    1f8c:	8201ae23          	sw	zero,-1988(gp) # 200000bc <errno>
    1f90:	c606                	sw	ra,12(sp)
    1f92:	844ff0ef          	jal	ra,fd6 <_sbrk>
    1f96:	57fd                	li	a5,-1
    1f98:	00f51763          	bne	a0,a5,1fa6 <_sbrk_r+0x22>
    1f9c:	83c18793          	addi	a5,gp,-1988 # 200000bc <errno>
    1fa0:	439c                	lw	a5,0(a5)
    1fa2:	c391                	beqz	a5,1fa6 <_sbrk_r+0x22>
    1fa4:	c01c                	sw	a5,0(s0)
    1fa6:	40b2                	lw	ra,12(sp)
    1fa8:	4422                	lw	s0,8(sp)
    1faa:	0141                	addi	sp,sp,16
    1fac:	8082                	ret

00001fae <__sread>:
    1fae:	1141                	addi	sp,sp,-16
    1fb0:	c422                	sw	s0,8(sp)
    1fb2:	842e                	mv	s0,a1
    1fb4:	00e59583          	lh	a1,14(a1)
    1fb8:	c606                	sw	ra,12(sp)
    1fba:	2279                	jal	2148 <_read_r>
    1fbc:	00054963          	bltz	a0,1fce <__sread+0x20>
    1fc0:	487c                	lw	a5,84(s0)
    1fc2:	97aa                	add	a5,a5,a0
    1fc4:	c87c                	sw	a5,84(s0)
    1fc6:	40b2                	lw	ra,12(sp)
    1fc8:	4422                	lw	s0,8(sp)
    1fca:	0141                	addi	sp,sp,16
    1fcc:	8082                	ret
    1fce:	245e                	lhu	a5,12(s0)
    1fd0:	777d                	lui	a4,0xfffff
    1fd2:	177d                	addi	a4,a4,-1
    1fd4:	8ff9                	and	a5,a5,a4
    1fd6:	a45e                	sh	a5,12(s0)
    1fd8:	b7fd                	j	1fc6 <__sread+0x18>

00001fda <__swrite>:
    1fda:	25de                	lhu	a5,12(a1)
    1fdc:	1101                	addi	sp,sp,-32
    1fde:	cc22                	sw	s0,24(sp)
    1fe0:	ca26                	sw	s1,20(sp)
    1fe2:	c84a                	sw	s2,16(sp)
    1fe4:	c64e                	sw	s3,12(sp)
    1fe6:	ce06                	sw	ra,28(sp)
    1fe8:	1007f793          	andi	a5,a5,256
    1fec:	84aa                	mv	s1,a0
    1fee:	842e                	mv	s0,a1
    1ff0:	8932                	mv	s2,a2
    1ff2:	89b6                	mv	s3,a3
    1ff4:	c791                	beqz	a5,2000 <__swrite+0x26>
    1ff6:	00e59583          	lh	a1,14(a1)
    1ffa:	4689                	li	a3,2
    1ffc:	4601                	li	a2,0
    1ffe:	2209                	jal	2100 <_lseek_r>
    2000:	245e                	lhu	a5,12(s0)
    2002:	777d                	lui	a4,0xfffff
    2004:	177d                	addi	a4,a4,-1
    2006:	8ff9                	and	a5,a5,a4
    2008:	a45e                	sh	a5,12(s0)
    200a:	00e41583          	lh	a1,14(s0)
    200e:	4462                	lw	s0,24(sp)
    2010:	40f2                	lw	ra,28(sp)
    2012:	86ce                	mv	a3,s3
    2014:	864a                	mv	a2,s2
    2016:	49b2                	lw	s3,12(sp)
    2018:	4942                	lw	s2,16(sp)
    201a:	8526                	mv	a0,s1
    201c:	44d2                	lw	s1,20(sp)
    201e:	6105                	addi	sp,sp,32
    2020:	a825                	j	2058 <_write_r>

00002022 <__sseek>:
    2022:	1141                	addi	sp,sp,-16
    2024:	c422                	sw	s0,8(sp)
    2026:	842e                	mv	s0,a1
    2028:	00e59583          	lh	a1,14(a1)
    202c:	c606                	sw	ra,12(sp)
    202e:	28c9                	jal	2100 <_lseek_r>
    2030:	57fd                	li	a5,-1
    2032:	245a                	lhu	a4,12(s0)
    2034:	00f51a63          	bne	a0,a5,2048 <__sseek+0x26>
    2038:	77fd                	lui	a5,0xfffff
    203a:	17fd                	addi	a5,a5,-1
    203c:	8ff9                	and	a5,a5,a4
    203e:	a45e                	sh	a5,12(s0)
    2040:	40b2                	lw	ra,12(sp)
    2042:	4422                	lw	s0,8(sp)
    2044:	0141                	addi	sp,sp,16
    2046:	8082                	ret
    2048:	6785                	lui	a5,0x1
    204a:	8fd9                	or	a5,a5,a4
    204c:	a45e                	sh	a5,12(s0)
    204e:	c868                	sw	a0,84(s0)
    2050:	bfc5                	j	2040 <__sseek+0x1e>

00002052 <__sclose>:
    2052:	00e59583          	lh	a1,14(a1)
    2056:	a805                	j	2086 <_close_r>

00002058 <_write_r>:
    2058:	1141                	addi	sp,sp,-16
    205a:	c422                	sw	s0,8(sp)
    205c:	842a                	mv	s0,a0
    205e:	852e                	mv	a0,a1
    2060:	85b2                	mv	a1,a2
    2062:	8636                	mv	a2,a3
    2064:	8201ae23          	sw	zero,-1988(gp) # 200000bc <errno>
    2068:	c606                	sw	ra,12(sp)
    206a:	f33fe0ef          	jal	ra,f9c <_write>
    206e:	57fd                	li	a5,-1
    2070:	00f51763          	bne	a0,a5,207e <_write_r+0x26>
    2074:	83c18793          	addi	a5,gp,-1988 # 200000bc <errno>
    2078:	439c                	lw	a5,0(a5)
    207a:	c391                	beqz	a5,207e <_write_r+0x26>
    207c:	c01c                	sw	a5,0(s0)
    207e:	40b2                	lw	ra,12(sp)
    2080:	4422                	lw	s0,8(sp)
    2082:	0141                	addi	sp,sp,16
    2084:	8082                	ret

00002086 <_close_r>:
    2086:	1141                	addi	sp,sp,-16
    2088:	c422                	sw	s0,8(sp)
    208a:	842a                	mv	s0,a0
    208c:	852e                	mv	a0,a1
    208e:	8201ae23          	sw	zero,-1988(gp) # 200000bc <errno>
    2092:	c606                	sw	ra,12(sp)
    2094:	20c5                	jal	2174 <_close>
    2096:	57fd                	li	a5,-1
    2098:	00f51763          	bne	a0,a5,20a6 <_close_r+0x20>
    209c:	83c18793          	addi	a5,gp,-1988 # 200000bc <errno>
    20a0:	439c                	lw	a5,0(a5)
    20a2:	c391                	beqz	a5,20a6 <_close_r+0x20>
    20a4:	c01c                	sw	a5,0(s0)
    20a6:	40b2                	lw	ra,12(sp)
    20a8:	4422                	lw	s0,8(sp)
    20aa:	0141                	addi	sp,sp,16
    20ac:	8082                	ret

000020ae <_fstat_r>:
    20ae:	1141                	addi	sp,sp,-16
    20b0:	c422                	sw	s0,8(sp)
    20b2:	842a                	mv	s0,a0
    20b4:	852e                	mv	a0,a1
    20b6:	85b2                	mv	a1,a2
    20b8:	8201ae23          	sw	zero,-1988(gp) # 200000bc <errno>
    20bc:	c606                	sw	ra,12(sp)
    20be:	20c9                	jal	2180 <_fstat>
    20c0:	57fd                	li	a5,-1
    20c2:	00f51763          	bne	a0,a5,20d0 <_fstat_r+0x22>
    20c6:	83c18793          	addi	a5,gp,-1988 # 200000bc <errno>
    20ca:	439c                	lw	a5,0(a5)
    20cc:	c391                	beqz	a5,20d0 <_fstat_r+0x22>
    20ce:	c01c                	sw	a5,0(s0)
    20d0:	40b2                	lw	ra,12(sp)
    20d2:	4422                	lw	s0,8(sp)
    20d4:	0141                	addi	sp,sp,16
    20d6:	8082                	ret

000020d8 <_isatty_r>:
    20d8:	1141                	addi	sp,sp,-16
    20da:	c422                	sw	s0,8(sp)
    20dc:	842a                	mv	s0,a0
    20de:	852e                	mv	a0,a1
    20e0:	8201ae23          	sw	zero,-1988(gp) # 200000bc <errno>
    20e4:	c606                	sw	ra,12(sp)
    20e6:	205d                	jal	218c <_isatty>
    20e8:	57fd                	li	a5,-1
    20ea:	00f51763          	bne	a0,a5,20f8 <_isatty_r+0x20>
    20ee:	83c18793          	addi	a5,gp,-1988 # 200000bc <errno>
    20f2:	439c                	lw	a5,0(a5)
    20f4:	c391                	beqz	a5,20f8 <_isatty_r+0x20>
    20f6:	c01c                	sw	a5,0(s0)
    20f8:	40b2                	lw	ra,12(sp)
    20fa:	4422                	lw	s0,8(sp)
    20fc:	0141                	addi	sp,sp,16
    20fe:	8082                	ret

00002100 <_lseek_r>:
    2100:	1141                	addi	sp,sp,-16
    2102:	c422                	sw	s0,8(sp)
    2104:	842a                	mv	s0,a0
    2106:	852e                	mv	a0,a1
    2108:	85b2                	mv	a1,a2
    210a:	8636                	mv	a2,a3
    210c:	8201ae23          	sw	zero,-1988(gp) # 200000bc <errno>
    2110:	c606                	sw	ra,12(sp)
    2112:	2059                	jal	2198 <_lseek>
    2114:	57fd                	li	a5,-1
    2116:	00f51763          	bne	a0,a5,2124 <_lseek_r+0x24>
    211a:	83c18793          	addi	a5,gp,-1988 # 200000bc <errno>
    211e:	439c                	lw	a5,0(a5)
    2120:	c391                	beqz	a5,2124 <_lseek_r+0x24>
    2122:	c01c                	sw	a5,0(s0)
    2124:	40b2                	lw	ra,12(sp)
    2126:	4422                	lw	s0,8(sp)
    2128:	0141                	addi	sp,sp,16
    212a:	8082                	ret

0000212c <memchr>:
    212c:	0ff5f593          	andi	a1,a1,255
    2130:	962a                	add	a2,a2,a0
    2132:	00c51463          	bne	a0,a2,213a <memchr+0xe>
    2136:	4501                	li	a0,0
    2138:	8082                	ret
    213a:	211c                	lbu	a5,0(a0)
    213c:	feb78ee3          	beq	a5,a1,2138 <memchr+0xc>
    2140:	0505                	addi	a0,a0,1
    2142:	bfc5                	j	2132 <memchr+0x6>

00002144 <__malloc_lock>:
    2144:	8082                	ret

00002146 <__malloc_unlock>:
    2146:	8082                	ret

00002148 <_read_r>:
    2148:	1141                	addi	sp,sp,-16
    214a:	c422                	sw	s0,8(sp)
    214c:	842a                	mv	s0,a0
    214e:	852e                	mv	a0,a1
    2150:	85b2                	mv	a1,a2
    2152:	8636                	mv	a2,a3
    2154:	8201ae23          	sw	zero,-1988(gp) # 200000bc <errno>
    2158:	c606                	sw	ra,12(sp)
    215a:	20a9                	jal	21a4 <_read>
    215c:	57fd                	li	a5,-1
    215e:	00f51763          	bne	a0,a5,216c <_read_r+0x24>
    2162:	83c18793          	addi	a5,gp,-1988 # 200000bc <errno>
    2166:	439c                	lw	a5,0(a5)
    2168:	c391                	beqz	a5,216c <_read_r+0x24>
    216a:	c01c                	sw	a5,0(s0)
    216c:	40b2                	lw	ra,12(sp)
    216e:	4422                	lw	s0,8(sp)
    2170:	0141                	addi	sp,sp,16
    2172:	8082                	ret

00002174 <_close>:
    2174:	05800793          	li	a5,88
    2178:	82f1ae23          	sw	a5,-1988(gp) # 200000bc <errno>
    217c:	557d                	li	a0,-1
    217e:	8082                	ret

00002180 <_fstat>:
    2180:	05800793          	li	a5,88
    2184:	82f1ae23          	sw	a5,-1988(gp) # 200000bc <errno>
    2188:	557d                	li	a0,-1
    218a:	8082                	ret

0000218c <_isatty>:
    218c:	05800793          	li	a5,88
    2190:	82f1ae23          	sw	a5,-1988(gp) # 200000bc <errno>
    2194:	4501                	li	a0,0
    2196:	8082                	ret

00002198 <_lseek>:
    2198:	05800793          	li	a5,88
    219c:	82f1ae23          	sw	a5,-1988(gp) # 200000bc <errno>
    21a0:	557d                	li	a0,-1
    21a2:	8082                	ret

000021a4 <_read>:
    21a4:	05800793          	li	a5,88
    21a8:	82f1ae23          	sw	a5,-1988(gp) # 200000bc <errno>
    21ac:	557d                	li	a0,-1
    21ae:	8082                	ret
    21b0:	74737953          	0x74737953
    21b4:	6d65                	lui	s10,0x19
    21b6:	3a6b6c43          	fmadd.d	fs8,fs6,ft6,ft7,unknown
    21ba:	6425                	lui	s0,0x9
    21bc:	0a0d                	addi	s4,s4,3
    21be:	0000                	unimp
    21c0:	70696843          	fmadd.s	fa6,fs2,ft6,fa4,unknown
    21c4:	4449                	li	s0,18
    21c6:	253a                	lhu	a4,10(a0)
    21c8:	3830                	lbu	a2,19(s0)
    21ca:	0d78                	addi	a4,sp,668
    21cc:	000a                	c.slli	zero,0x2
    21ce:	0000                	unimp
    21d0:	6854                	flw	fa3,20(s0)
    21d2:	7369                	lui	t1,0xffffa
    21d4:	6920                	flw	fs0,80(a0)
    21d6:	72702073          	csrr	zero,0x727
    21da:	6e69                	lui	t3,0x1a
    21dc:	6674                	flw	fa3,76(a2)
    21de:	6520                	flw	fs0,72(a0)
    21e0:	6178                	flw	fa4,68(a0)
    21e2:	706d                	c.lui	zero,0xffffb
    21e4:	656c                	flw	fa1,76(a0)
    21e6:	000d                	c.nop	3

000021e8 <__sf_fake_stderr>:
	...

00002208 <__sf_fake_stdin>:
	...

00002228 <__sf_fake_stdout>:
	...
    2248:	2d23 2b30 0020 0000 6c68 004c 6665 4567     #-0+ ...hlL.efgE
    2258:	4746 0000 3130 3332 3534 3736 3938 4241     FG..0123456789AB
    2268:	4443 4645 0000 0000 3130 3332 3534 3736     CDEF....01234567
    2278:	3938 6261 6463 6665 0000 0000               89abcdef....
