:040000006F40D03647
:1000040000000000000000002C4000002E40000012
:10001400000000006A4B0000000000000000000027
:100024006A4B00006A4B0000000000000000000062
:100034006A4B0000000000006A4B00000000000052
:100044006A4B00006A4B00006A4B00006A4B0000D8
:100054006A4B00006A4B00006A4B00006A4B0000C8
:100064006A4B00006A4B00006A4B00006A4B0000B8
:100074006A4B00006A4B00006A4B00006A4B0000A8
:100084006A4B00006A4B00006A4B00006A4B000098
:100094006A4B00006A4B00006A4B00006A4B000088
:1000A4006A4B00006A4B00006A4B00006A4B000078
:1000B4006A4B00006A4B00006A4B00006A4B000068
:1000C4006A4B00006A4B00006A4B00006A4B000058
:1000D4006A4B00006A4B00000A0F0000082200006F
:1000E4006A4B00006A4B00006A4B00006A4B000038
:1000F4006A4B00006A4B00006A4B00006A4B000028
:10010400000000006A4B00006A4B00006A4B0000CC
:100114005408000018340000AC3F00006A4B000093
:100124006A4B00006A4B00006A4B00006A4B0000F7
:100134006A4B00006A4B00006A4B00006A4B0000E7
:100144006A4B00006A4B00006A4B00006A4B0000D7
:100154006A4B00006A4B00006A4B00006A4B0000C7
:100164006A4B00003C1A00006A4B00006A4B000016
:100174006A4B00006A4B00006A4B00006A4B0000A7
:100184006A4B00006A4B00006A4B00006A4B000097
:100194006A4B00006A4B00006A4B00006A4B000087
:1001A400000000000000000000000000000000004B
:0C01B4000000000000000000000000003F
:1001C000397101436EC619A0397141536AC866CAB4
:1001D00062CC5ECE19A0397101535AD056D252D496
:1001E0004ED64AD826DA22DC06DE3301614082820E
:1001F00041114AC026C222C406C68282B24D4101C4
:10020000024D924C224CB24B4101024B924A224A7F
:10021000B2494101024992442244B24041018280E4
:100220003D432A876373C3029377F700BDEFADE5C3
:10023000937606FF3D8ABA960CC34CC30CC74CC7D5
:100240004107E36BD7FE11E28280B306C3408A0602
:100250009702000096966780A6002307B700A306C2
:10026000B7002306B700A305B7002305B700A30412
:10027000B7002304B700A303B7002303B700A3020A
:10028000B7002302B700A301B7002301B700A30002
:10029000B7002300B700828093F5F50F9396850091
:1002A000D58D93960501D58D61B79396270097025A
:1002B000000096968682E78086FA9680C1171D8F89
:1002C0003E96E374C3F8A5B7EFF29FF20144994458
:1002D0001375F40F9305C05D0504EF205079E31901
:1002E00094FE238E018C3DB7EFF29FED3971328C75
:1002F00036C637E40000AE84EF90B00A8325842E22
:10030000B7EB0000EF80D056AA8A2685EF907009DF
:100310008325842EEF80D0552A8B6285EF9070085C
:100320008325842EEF80D054B246AA843685EF9080
:1003300050078325842EEF80B05303A40B2D2A8A07
:100340005685A285EF90000C634C0500B7E70000CE
:1003500003A4472D5685A285EF9060026353A00049
:10036000A28A03A40B2D5A85A285EF90A009634CA5
:100370000500B7E7000003A4472D5A85A285EF903A
:1003800000006353A000228B03A40B2D2685A285B9
:10039000EF904007634C0500B7E7000003A4472D2A
:1003A0002685A285EF80B07D6353A000A28403A4BC
:1003B0000B2D5285A285EF90E004634C0500B7E752
:1003C000000003A4472D5285A285EF80507B635324
:1003D000A000228A03A981829387418283AC07000F
:1003E00023A0270183C9C18D1384C18D631A0C38E2
:1003F000B7E40000639B090485471CA0EF209057D9
:10040000930700001CC45CC4AA8948C04A85EF90C9
:10041000B00583A5042EEF80B045B7E7000083A5A3
:10042000C72E08C84E85EF90A006EF9020729375F6
:10043000F50F9307400633F6F50237E50000130584
:100440004530B3D5F502EF90905733059941EF90C1
:10045000B00183A5042EEF80B0412A8CEF2090518B
:10046000AA854840EF90002CB7E7000083A5072F2E
:10047000AA8906050581EF809070635FA002CE8592
:100480006285EF90E0000C44EF80F007B7E70000D2
:1004900083AC872DAA84E685EF80D076634C050077
:1004A000B7E7000083ACC72D2685E685EF80306D69
:1004B0006353A000E68404C4B7E7000083A5472F78
:1004C000628593040000EF80906B635AA0004C4457
:1004D0004E85EF902025E285EF809039AA84B7E71A
:1004E000000083A5872F084437EC0000EF80507A86
:1004F0008325CC2FAA8C4E85EF809079AA856685BE
:10050000EF8070008325CC2FAA8C2685EF80507851
:10051000AA856685EF80207F83AB0B2DAA84DE85BC
:10052000EF80506E634C0500B7E7000083AB472DAA
:100530002685DE85EF80B0646353A000DE84232629
:1005400034018549D6855A85EF90C01DD285EF804C
:10055000807BDA852AD45685EF80E07AD285EF90C9
:10056000601CB70B0080DA852AD633C55B01EF909B
:10057000601BD285EF90001BDA852AD85685EF9054
:10058000601AD285EF802078130A81022ADA26DCED
:1005900026DE930C0104D28A130B000093CBFBFFE1
:1005A00003AC0A00DA85337C7C016285EF80305D24
:1005B0006353A000628B910AE3945CFFB7E70000ED
:1005C00083A5472D5A85D28AEF80705B6346A01CB5
:1005D000B7E7000083AB072EB7E7000083AD472ED7
:1005E000014C130B007D930C703E5E8D938A018F3E
:1005F00003250A00DE85EF80B069EF90004F931766
:100600000501C1879387873E1307803EB387E702C2
:100610006A85B3C767039387873E63DBFC009396C5
:100620000701C1866E856345FB003685EF906057F4
:10063000EF90A04B42057C08E29741858AA3B387DF
:100640008A018AA3090CB147110AE313FCFAAC86AC
:100650000145EF20D041AC870545EF20504183553F
:1006600001020945EF20B040835521020D45EF20DE
:100670001040835541021145EF20703F83556102C0
:100680001545EF20D03E638B090E83A70182130727
:10069000803E938A0182B307F9406371F70EEF2021
:1006A000702D37EB0000AA898325CB2E484037E414
:1006B0000000EF80F05D83250430EF80C064EF9090
:1006C000C0428325CB2E2A8A4E85EF80705C83251D
:1006D0000430EF804063EF9040418325CB2EAA8900
:1006E0002685EF80F05A83250430EF80C061EF90BB
:1006F000C03F2A8437E5000013054536EF90302CC3
:1007000063580A001305D002EF90902F330A40413E
:10071000930540063366BA0237E5000013058537B6
:10072000B345BA02EF90B02963D809001305D0028F
:10073000EF90102DB30930419305400633E6B9021E
:1007400037E500001305C538B3C5B902EF9030276F
:10075000635804001305D002EF90902A33048040C0
:10076000930540063366B40237E500001305053AE9
:10077000B345B402EF90B02423A02A012161BDBC8F
:10078000E38209DC37E500001305C533EF90F0374D
:100790008149230004007DB303A50A00DA85910A8C
:1007A000EF80100D23AEAAFEE3985CFF15B5EFF2C3
:1007B0003FA47971854537050800EF4050228545F3
:1007C0004145EF40F01F93070040FC828D473ECC2F
:1007D0004C08E147371501403ECEEF4000428567A7
:1007E00093870780FC824C089147371501403ECE25
:1007F000EF40A040B7C70500375400409387878D6E
:100800000C103ED0130504C0B7070C003ED402D232
:1008100023160102EF40B062930740147C86680003
:1008200085473EC823070100EF40607C054613055D
:1008300004C093055052EF40F06A8545130504C08B
:10084000EF40F06837E500001305853EEF90F02B90
:100850004561C9B2411122C6375400409305505238
:10086000130504C026C4EF40F06C1DC5130504C079
:10087000EF40306B138761841C231375F50F1384CD
:10088000618493F7F70F91EF930760066316F50005
:100890002380A18485471CA33244A24441017300F4
:1008A00020301820938701843E9708A3182095468E
:1008B00005071377F70F18A01820E3FFE6FC98331D
:1008C000AC23B033D4233D8BBD892E973D8AC833EA
:1008D0003297BD8A36979384C1826313A704883305
:1008E000AC23B0336205D4236185E205E185238C16
:1008F000A18262066186A38CB182E206E186A38DA5
:10090000C182238DD18203A7018323AAE182E93A20
:100910000547A383E1842380040023000400ADBFC6
:100920009C201147850793F7F70F9CA09C20E37646
:10093000F7FEEFF07F99D5B79387718498231377EB
:10094000F70F19C783A601832380070023AED18246
:10095000B707002083C7072193F7F70F95C7EFF27A
:100960003F89938401831384C18318409C40998FED
:10097000130740066378F700EFF01F952386018286
:100980009C401CC06FF01F898280EFF27F8603A716
:10099000018383A74183B307F7400387A18383863D
:1009A000B183038691838385818337E50000130536
:1009B000C53AEF90D0006FF0FF85EFF2DF812A8417
:1009C000AE893289368ABA84EF80D023930700003B
:1009D0006354A004A6852285EF80701A9307000057
:1009E000635C0502CE852285EF8070196359A002F1
:1009F000CA852285EF8010216343A002CE8522851F
:100A0000EF8050522A84CE854A85EF80B051AA8566
:100A10002285EF80E065AA873E856FF00FFFCA85CB
:100A20002285EF80D0156358A000D2852285EF8003
:100A3000701D635AA000A2852685EF80B04E2A84DF
:100A4000D2852685D9B7B7E7000083A7472DE9B738
:100A5000EFF26FF8B7E7000003AB0730930900002F
:100A6000138445002A8A938445074E894C400840E8
:100A7000832A0A004104EF800029DA85EF805021A3
:100A8000D685EF80F020AA854A85EF80C0272A8985
:100A9000D6854E85EF802027AA89110AE39884FC29
:100AA000B7E7000083A5472FEF80D015930700001C
:100AB00063470500CE854A85EF80805BAA873E8527
:100AC0006FF0AFF4EFF22FF151712E89B2848145AE
:100AD0001306C0212A8436C6EFF08FF4B7E7000072
:100AE00083A7C72EB246232624011CD0B7E70000F7
:100AF00083A7474023202401396904C844C054C84F
:100B000014C45CD013060007930509190801EF907F
:100B1000E05F9309010893048402130A840983A700
:100B20000900A68541469CC083A749001385040798
:100B3000C109DCC083A789FF9CC483A7C9FFDCC4AB
:100B4000EF90C05CA6851385040E4146C104EF906A
:100B5000E05BE39644FD13090919930509071306A1
:100B600010032808EF90805A9305490A13061003D2
:100B7000E800EF90A0599305890D130610030801B2
:100B8000EF90C0582C081306100313058417EF903C
:100B9000E057EC00130610031305941AEF9000576A
:100BA0000C01130610031305A41DEF9020566D6170
:100BB0006FF0AFE5EFF2CFE071712A842E85B28538
:100BC00036C6EF8030360C4CAA89B7E40000EF80BF
:100BD0007035B7E7000083A507302A8A4E85EF807D
:100BE000300B03A984402A8BCA85EF804079634C7F
:100BF000A000B7E7000003A9C7405A85CA85EF8067
:100C00007000635305004A8B03A984405285CA854E
:100C1000EF80E076634DA000B7E7000003A9C7406E
:100C20005285CA85EF80007E634305005289930B8D
:100C3000C105714681455E85EFF08FDE71468145C5
:100C4000A818EFF0EFDD714681454809EFF04FDD60
:100C500093048402814A714CD8449444D0408C401F
:100C60005A85C104993BF854B454F050AC505C1010
:100C7000D69788C34A8591339C00D69788C3910A3A
:100C8000E39C8AFD930714033EC8B7E7000083A7DF
:100C9000472F4410A28A3ECA194C03AD0400130B1F
:100CA00001045689832D0B006A85EE85EF808075DF
:100CB00063530500EA8DD2456E85EF80406C635228
:100CC000A008830689178D06635CDC20994603071C
:100CD000991A0D07635AEC2019478307A91D938CB5
:100CE000370063579C21994C1C198A06BE9683A530
:100CF000C6FA6E853ACE36CCEF806068724763558F
:100D0000A000E24623A6B6FB0A071C193E978325DE
:100D100087FC6E853ACCEF8080666355A000624701
:100D20002324B7FD93972C001819BA9783A547FE83
:100D30006E853ECCEF80A0646355A000E24723A2FD
:100D4000B7FF110B0509E39F6BF5C2479D0A91049C
:100D5000E39557F593048410A6855E85D539AA8A54
:100D6000A6852326A420A818E5312A89A68523284C
:100D7000A4204809F13937EB000083250B41AA84F0
:100D8000232AA4205685EF80A0700C40EF70B07726
:100D9000B7E7000083A5872FAA8A08C04A85EF809D
:100DA000206F4C40EF70307683250B4148C02A8974
:100DB0002685EF80E06D0C44EF70F074AA8408C4BF
:100DC000930500005685EF80E063635505009307A7
:100DD00000001CC0930500004A85EF80A0626355A7
:100DE0000500930700005CC0930500002685EF8096
:100DF000606163550500930700001CC4B7E700005D
:100E000083A447410840A685EF8060576353A00044
:100E100004C0B7E4000003A984414840CA85EF80BC
:100E200000566354A0002322240183A48441084473
:100E3000A685EF80C0546353A00004C4B2454E851C
:100E4000EF8000654C4CEF70106C0329040248CC15
:100E5000CA85EF80C0526354A000232E2401B7043A
:100E60000080484CB3C42401A685EF80A059635389
:100E7000050044CC4C4C4840EF8080610C40AA8473
:100E80004E85EF80E060AA852685EF70D067B24579
:100E9000AA845285EF80C01D0C44EF80605FAA8554
:100EA0002685EF705066032A4402AA84AA855285DB
:100EB000EF80405563530500D284370900803349E1
:100EC0004901A6854A85EF80804B6353A000CA8400
:100ED000232C3401232C942026854D616FF00FB212
:100EE000E3D706DE8146E5B3E35907DE0147F5B3F4
:100EF000E3DC0CDE814CCDBB1C419CC15C411CC2BF
:100F00001C459CC21C4D1CC38280411122C6374423
:100F100000409305505213050440EF40B0011DCD31
:100F20009305505213050440EF409004130504400C
:100F3000EF40207F138761851E2383D64185850777
:100F400093F7F73F6388F60012239386C110B29699
:100F500088A21EA303A7018A23A8E1843244410189
:100F600073002030EFF2CFA879718545154502CA8C
:100F700002CC02CE02D002D202D402D602C602C8ED
:100F8000EF400024854537050200EF40402591479A
:100F9000FC8237140140E1473ECE4C088D471305D3
:100FA00004803ECCEF307045A147FC824C0891474D
:100FB000130504803ECEEF305044F16737440040C3
:100FC000938707203ED00C10B7070C001305044090
:100FD0003ED402D223160102EF4060660546930517
:100FE000505213050440EF40E06F930760237C8666
:100FF00089475C87680085473EC8EF30507F85454C
:1010000013050440EF40A06C239B0184239A0184C4
:101010002394018437E5000023A801841305454685
:1010200023850184EF90602E45616FF0AF9EEFF253
:101030002F9C83D4818413848184A9C003A7018554
:1010400083A7018A998F130740066379F7029307F4
:10105000F03F63E397021389C1CF26869385C18F42
:101060001385C1CFEF90800A269923969184054776
:10107000230009002385E184231004001E2003D7E8
:101080004185814593864185130EE03F1385C18FCD
:101090001388C110AE881386618512226319C700B8
:1010A000638308009AA291C11EA06FF0AF963A86A2
:1010B00005071377F73F8548E36FFEFC4296102241
:1010C000B305F5008507C20790A1C1838545D9B74F
:1010D000EFF20F8F130101BC9304800873B00480FA
:1010E0000F10000003D4C1849385C1CF22868800ED
:1010F000EF90C001930701443E94230004C073A005
:101100000480B7E50000938505448800EF90E03344
:101110002A841DE1B7E50000938585448800EF909F
:10112000C0322A8411E9B7070020A38C07000145CB
:10113000130101446FF08F8CA9452285EF90402E5A
:101140002A8D01EDB5452285EF90802D2A8D11E580
:101150002285EF90602E330DA40083070D00B96A3D
:1011600023000D003EC602D002D202D402D602D81D
:1011700002DA02DC02DE130900038149014A814BD5
:10118000130CC002914C938ACA41394B8307040067
:1011900099C36363A413B2472300FD0083070102D0
:1011A000D9D383070103C1D39307E0046306FA0090
:1011B00093073005E319FAF6930750046386F900A4
:1011C00093077005E391F9F681450810EF90D0760A
:1011D000B7E4000003A6044383A644432A8BAE8BE6
:1011E000EF60007BEF709024130C4006AA8C33054F
:1011F0008503B7EA00003704002013040400EF70F1
:1012000070292A86AE865A85DE85EF70802A03A66D
:101210008A4383A6CA43EF60A0772A8B6685AE8B8C
:10122000EF705027AE862A86DE855A85EF60400330
:1012300008C04CC00818814523044401EF90D06FCA
:101240002ECEB7E500002ACC300893850545081856
:10125000EF90600C624BF24B03A6044383A6444319
:101260005A85DE85EF60C072EF70501CAA8433058A
:101270008503EF7030222A86AE865A85DE85EF70B0
:10128000402303A68A4383A6CA43EF6060702A8A7C
:101290002685AE8AEF7010202A86AE865285D685C6
:1012A000EF50107C08C813251903134515004CC8CE
:1012B000230C340108BCADBD93051400AE8D6396BC
:1012C0008705850B9346F4FF83870D00B384DD000B
:1012D00091C7938767FD93F7D70F89EB9387EBFF50
:1012E00063E5FC028A07D6979C438287850DE9BF98
:1012F0009387F4FF636BFB0026860810EF80106174
:1013000093070144BE94238004BE6E8441B5F5DC8E
:10131000030A1400DDBF9387F4FFE368FBFE268613
:101320000818EF80B05E93070144BE94238804BE82
:10133000E9BFE1DC83091400C9BFE1D80309140047
:10134000E9B7EFE2FFE7130101BB9304800873B034
:1013500004800F10000003D4C1849385C1CF22867E
:101360008808EF80B05A930701453E94230004C0DB
:1013700073A00480B7E50000938545458808EF9089
:10138000C00C2A840DE1B7E500009385C5458808A7
:10139000EF90A00B2A8401E9238401100145130179
:1013A00001456FE0BFE502C602C802CA02CC814C0B
:1013B000014A81440149194B930BC002894A0D4CE3
:1013C000054DA54D8307040099C363512B0D0304FC
:1013D000C10079D0F1D0E3010AFC9307F07CE3DD92
:1013E00097FBA947130404FD830A01013304F402A7
:1013F0008309E100938A0AFD8306D100938909FDE0
:1014000013FB3C00938606FDB38AFA0236948306EA
:10141000F100130C8400938606FDB389F90283075B
:101420001101938707FDBE9ADD47B69963D48719EA
:10143000B965130640039385C5296808130C04FF9A
:1014400013891400EF80904C63170B00930740063C
:10145000B3E7FC0291E793070019B3E7FC0299E3B5
:10146000F5473ED293172A0013070145BA9783A781
:10147000C7BC63DA270993061A00B147668663D5AD
:10148000D70013861C008546054941A00504228526
:10149000E39A77F305098307040091C7938767FDF3
:1014A00093F7D70F85EBB309A4406302590563C5D1
:1014B0002A03E319A9F19387A9FFE3E5FDF04E861E
:1014C000AA856800EF80904493070145BE99238E5A
:1014D00009BACDBD0504C1B7630189039147E31380
:1014E000F9EEE35130EFEF807041AA8CE1BDE35B90
:1014F00030EDEF80B040AA84F1B5E35530EDEF80D8
:10150000F03F2A8AC1B56686D2869387C10FB4A3FD
:10151000854692A3A3812701D4A723828701A382B2
:1015200037012383570101499307207B938BC10F18
:10153000930600191306400693F5370081E5B3E5DD
:10154000C702ADEDB3E5D702B5C91309D9168507B2
:10155000E394FCFEB965130640039385C52968082A
:10156000EF80D03A63170B0093074006B3E7FC0205
:1015700091E71305001933E5AC0219E1F5473ED2B6
:10158000854763C047058567938707E13304F40205
:101590009307C003FD14CA940545B389F902D567C2
:1015A00093870718B384F4024E945694269423A488
:1015B0008B00F5B36686D286268981BF1309E916AA
:1015C00079B71397270074083697184385073A9917
:1015D0004DBFEFE2FFC101112A848545214502C2BA
:1015E00002C402C602C802CA02CC02CEEF30503D8D
:1015F000854537054000EF30903E8567938707C0EB
:101600007C8237150140F1473EC64C008D471305DB
:1016100005C03EC4EF30605EB70700403ECAB70762
:10162000000422C8C107376400403ECC0C08916713
:1016300013050480FC86EF30E079854513050480AE
:10164000EF30300905616FE0FFBCEFE2DFB8AA8937
:1016500037650040411113050580EF3080748545E2
:10166000214502C202C402C6EF30903585679387D8
:1016700007C0371401407C82C147130504C03EC631
:101680004C008D473EC40569EF302057930509C0D3
:10169000130504C0EF3000631545EF404011A54429
:1016A000130404C013090980054A930500402285EC
:1016B000EF3080611545EF40800F93050040228593
:1016C000EF3040601545EF40800ECA852285EF302F
:1016D000C05E63064501FD1493F4F40FF9F437146A
:1016E0000140856493850480130504C0EF30C05D1C
:1016F0001545EF40C00B93050040130504C0EF30C3
:10170000605C1545EF40A00A93850480130504C072
:10171000EF30405B1545EF4080094E855D3D41014E
:101720006FE0BFAEEFE25FAA37E500001305054F9B
:10173000B7090300370A0700B70A0010EF80F03C32
:1017400001448144130B80078509130A2A08938BEF
:101750000A4037EC0000937784071379F40FADCF7C
:10176000638C670737650040854513050580B76CB6
:101770000040EF308077138D0C80CE856A85EF3086
:10178000807D65DD9315190013850C80014693F566
:10179000E50F0969B76C0040EF30C07A1309197181
:1017A000138D0C807D19630F0900D2856A85EF3097
:1017B000807A29C1A2851305CC508504EF803020A2
:1017C00093F4F40F37650040130505808545EF302D
:1017D00060730545EF400001050493070008E31C12
:1017E000F4F637E50000A68513054553EF80301D5C
:1017F0006FE01FA1DE856A85EF30407745D5938580
:101800000A4013850C80EF3080796DBFEFE25F9E58
:1018100001112A848545214502C202C402C602C8BC
:1018200002CA02CC02CEEF30B01985453705200040
:10183000EF30F01A9307000C7C8237150140F14716
:101840003EC64C008D47130505C03EC4EF30E03A5C
:10185000B70700403ECAB707000422C8C107375483
:1018600000403ECC0C08916713050440FC86EF3025
:101870006056854513050440EF30A06505616FE0B3
:101880007F99EFE25F952A89375500404111130592
:101890000540EF3000518545214502C202C402C611
:1018A000EF3010129307000C371401407C82C147BF
:1018B000130504C03EC64C008D473EC4EF30E033F4
:1018C000130504C09305000CEF30C03F1545EF3001
:1018D000106EA544130404C08549930500042285B5
:1018E000EF30803E1545EF30906C93050004228563
:1018F000EF30403D1545EF30906B93050008228591
:10190000EF30A03B63063501FD1493F4F40FF1F4BE
:101910003714014093050008130504C0EF30C03AA6
:101920001545EF30D06893050004130504C0EF306F
:1019300060391545EF30B06793050008130504C002
:10194000EF3040381545EF3090664A85C13541018A
:101950006FE0BF8BEFE25F8737E500001305C547F7
:10196000B7090300370A0700B70A0010EF80F01923
:1019700001448144130B80078509130A2A08938BBD
:101980000A4037EC0000937784071379F40FADCF4A
:10199000638C670737550040854513050540B75CE4
:1019A0000040EF308054138D0C40CE856A85EF30B7
:1019B000805A65DD9315190013850C40014693F597
:1019C000E50F0969B75C0040EF30C0571309197182
:1019D000138D0C407D19630F0900D2856A85EF30A5
:1019E000805729C1A28513058C498504EF80207D8D
:1019F00093F4F40F37550040130505408545EF304B
:101A000060500545EF30105E050493070008E31CA5
:101A1000F4F637E50000A6851305054CEF80207A23
:101A20006FE00FFEDE856A85EF30405445D5938523
:101A30000A4013850C40EF3080566DBF01119305AD
:101A400050523725004022CE26CC4ACA4EC852C634
:101A500056C4EF30304E1DC537250040EF30704C76
:101A60009387818598231375F50F138481851377E8
:101A7000F70F15E3130750056316E5002388A152FD
:101A8000054798A37244E2445249C249324AA24AE5
:101A9000056173002030982385466390E6021307A2
:101AA000F5FA1377F70F8D4663E6E600A388A15297
:101AB0000947C1BF23800700F1B7142013870153E2
:101AC000369708A31820A946938701530507137773
:101AD000F70F18A01820E3F7E6FA814601472946D8
:101AE000B385D7008C2185062E971377F70FE399DE
:101AF000C6FEB4276398E60898339306300563164C
:101B0000D70803C95700D823A83322093369E9004D
:101B1000E433F823BC232205A2045D8D42054185F0
:101B2000D98CB7EA0000EF80C00783A58A6637EA40
:101B300000004209EF70D0158325CA669389C15011
:101B4000EF7010151359094123A4A9004A85EF80AD
:101B5000400583A58A66C204C184EF707013832593
:101B6000CA66EF70F01223A2A9002685EF806003F9
:101B700083A58A66EF70D0118325CA66EF70501175
:101B800023A0A90023000400F5BD930610056314EB
:101B9000D70803C95700D823A83322093369E900BD
:101BA000E433F823BC232205A2045D8D4205418560
:101BB000D98CB7EA0000EF70D07E83A50A6737EAB8
:101BC00000004209EF70D00C8325CA669389C1508A
:101BD000EF70100C1359094123A6A9004A85EF7034
:101BE000507C83A50A67C204C184EF70700A832504
:101BF000CA66EF70F00923A8A9002685EF70707AF5
:101C000083A50A67EF70D0088325CA66EF70500875
:101C100023AAA90085BF93062005E315D7F603C9BB
:101C20005700D823A83322093369E900E433F823A5
:101C3000BC232205A2045D8D42054185D98CB7EAFB
:101C40000000EF70107683A54A2E37EA00004209A3
:101C5000EF7010048325CA669389C150EF7050035A
:101C60001359094123ACA9004A85EF70907383A5ED
:101C70004A2EC204C184EF70B0018325CA66EF709A
:101C8000300123AEA9002685EF70B07183A54A2EDE
:101C9000EF7010008325CA66EF70807F23A0A90231
:101CA000D5B5EFE2EFD47971854513051004EF3017
:101CB0002051854513050010EF30605237053880FC
:101CC000854513050520EF306000916737240140FA
:101CD000FC828D473ECC4C08E147130504803ECE84
:101CE000EF20B071E177FC824C0891471305048026
:101CF0003ECEEF209070F167938707200C103ED006
:101D000037250040B7070C003ED402D2231601024B
:101D1000EF30F012930790157C86680085473EC827
:101D200023070100EF30A02C0546930550523725BC
:101D30000040EF30301B854537250040EF3030192B
:101D400037E5000013054556EF80205C01454561ED
:101D50006FE04FCCEFE2CFC61389C150B7E400006B
:101D60000325090083A5C42E1384C150EF7040726F
:101D7000EF8080102A8A03250900AE8A93050000AF
:101D8000EF70E05F6355052CB7E7000003A68758A6
:101D900083A6C7585285D685EF50804CEF601069F6
:101DA00083A5C42EAA8B4840EF70806EEF80C00CD4
:101DB0002A894840AE8993050000EF70405C635F5C
:101DC0000528B7E7000003A6875883A6C7584A85A9
:101DD000CE85EF50E048EF60706583A5C42E2A8C55
:101DE0000844EF70E06AEF8020092A890844AE8930
:101DF00093050000EF70A05863590526B7E700006F
:101E000003A6875883A6C7584A85CE85EF5040451C
:101E1000EF60D06137E900008325092EAA8C484481
:101E2000EF700067EF8040052A8A4844AE8A930528
:101E30000000EF70C05463510524B7E7000003A60B
:101E4000875883A6C7585285D685EF506041EF600A
:101E5000F05D8325092E2A8A0848EF706063EF80C1
:101E6000A0012A8D0848AE8D93050000EF70205127
:101E7000635B0520B7E7000003A6875883A6C75811
:101E80006A85EE85EF50C03DEF60505A8325092EDC
:101E9000AA8A4848EF70C05FEF70107E2A894848D0
:101EA000AE8993050000EF70804D6355051EB7E7BE
:101EB000000003A6875883A6C7584A85CE85EF50F1
:101EC000203AEF60B05683A5C42E2A8B084CEF70E1
:101ED000205CEF70707A2A89084CAE899305000067
:101EE000EF70E049635F051AB7E7000003A6875863
:101EF00083A6C7584A85CE85EF508036EF601053D1
:101F000083A5C42E2A89484CEF708058EF70D07694
:101F10002A8D484CAE8D93050000EF704046635902
:101F20000518B7E7000003A6875883A6C7586A8537
:101F3000EE85EF50E032EF60704F83A5C42EAA8982
:101F40000850EF70E054EF7030732A8D0850AE8D5A
:101F500093050000EF70A04263530516B7E7000039
:101F600003A6875883A6C7586A85EE85EF50402F91
:101F700013044006EF60904BB3E78C02AA8413D59C
:101F8000F7413348F500B3678C023308A84037E5C2
:101F900000001305055993D6F74133C7F600B3E7A0
:101FA0008B02158F93D5F74133C6F500B3468C02EB
:101FB0000D8EB3C78C02B3C58B02EF804020930512
:101FC000803EB367BB0293D8F74133C8F800B3E74C
:101FD000BA023308184193D6F74133C7F600B36706
:101FE000BA02158F13D5F741B3C6BA023346F500CE
:101FF000098E37E500001305855DB347BB02B34585
:10200000BA02EF80C01BB3E7840213D5F74133480F
:10201000F500B3E789023308A84037E5000013054F
:10202000856193D6F74133C7F600B3678902158FF0
:1020300093D5F74133C6F5000D8EB3C78402B3C6FE
:102040008902B3458902EF8080176FE02F9BB7E7C5
:10205000000003A6075883A647582DBBB7E700002A
:1020600003A6075883A647589DB3B7E7000003A609
:10207000075883A6475849BBB7E7000003A607588F
:1020800083A64758C9B3B7E7000003A6075883A63D
:102090004758FDB3B7E7000003A6075883A6475883
:1020A00029BDB7E7000003A6075883A6475899B58E
:1020B000B7E7000003A6075883A647588DBDB7E7CA
:1020C000000003A6075883A6475879BD23A20186BE
:1020D00023900186239401868280EFE2CF8F03A4B0
:1020E0004186854463159402B72500209384C1532B
:1020F0001306D008938505CE1385C153EF800001E8
:1021000023868408A38C8184D1376FE00F908D479C
:10211000E31CF4FE03D4818637150020B725002088
:102120001309C5FD938905CE2286938505CE130537
:10213000C5FDEF70B07D4E940347F4FFA38DE1849D
:102140008567CA97A38197D0238D918475BFEFE2ED
:102150002F8A37050400797185450505EF30200881
:10216000854513050002EF30A005370514008545AD
:1021700013050503EF20903593070010FC823714F8
:1021800001408D473ECC4C08E147130504403ECE4C
:10219000EF20B02693070020FC824C0891471305DE
:1021A00004403ECEEF207025F167375400409387FE
:1021B00007200C103ED013050480B7070C003ED456
:1021C00002D223160102EF308047930770037C860A
:1021D000680085473EC823070100EF20506105468F
:1021E0001305048093055052EF30C04F8545130509
:1021F0000480EF30C04D37E5000013054567EF80E0
:10220000C01045616FE00F81011122CE37540040AC
:10221000930550521305048026CC4ACA4EC852C6B4
:10222000EF30405121CD13050480EF30804F03A7DC
:10223000018A9384418603A9040023AEE184854783
:102240001374F50F630EF904630B090089476307E4
:10225000F90C8D476300F910EFF05FE705A0130755
:1022600070076315E4029306C0082394D1869CC0CE
:102270002390F186B7270020238087CE7244E24462
:102280005249C249324A0561730020301307800762
:10229000E316E4FE89462394D186094798C0C9BF56
:1022A000930794F893F7F70F138A81869389018631
:1022B000636FF902EFF09FE113077007B727002063
:1022C000631DE4001307C0082310EA0023A02401C3
:1022D000238087CE2390290155B709472310EA00B0
:1022E000094798C0130780072380E7CEE5B783D757
:1022F000090003560A00E3F3C7F8138717004207E3
:1023000041832390E900B7260020938606CEB69736
:1023100080A3E365C7F6EFF05FDC8DB79387018696
:102320009A2393061700C206C18296A3B7270020FE
:10233000938707CE3E9700A3138781861223E3EF8E
:10234000C6F29C33B546B387D7028D071EA38D47CF
:102350009CC02DB7938601869E2203D68186E3FF1B
:10236000C7F013871700420741839AA269BF83A76A
:10237000418685C303A7C18583A7018A998F130767
:1023800040066378F700EFD2BFE6EFF03FD46FD09E
:102390007FE882801387A18518231377F70F59C32D
:1023A000EFD27FE39389A185B717002003C7C7FD4C
:1023B00083C6B18518A11387C7FD18332A841389F2
:1023C000C7FD18B105672A9754A3854654B3014A3F
:1023D0009384C7FD9C30130BD900930A0401634713
:1023E000FA002380090005456FD03FE283475BFF79
:1023F000930539001146238AFAFE13058400EF7015
:10240000F0509305790011461305C400EF70105089
:102410009305B90011465685EF70504F050A568452
:102420005A894DBF01458280EFD2FFDA1387C186FA
:1024300083290700B75400401384C1869384044065
:102440000549114AB70502002685EF2030326304A2
:102450002501054529A81C40B3873741E374FAFEDE
:1024600037250600130505A8EFF0AFC101456FD071
:10247000DFD9EFD25FD61387C18683290700B7540F
:1024800000402A891384C18693840440114ACA8576
:102490002685EF20502C19C1054529A81C40B3877B
:1024A0003741E376FAFE37250600130505A8EFF05D
:1024B0004FBD01456FD07FD5EFD2FFD1AA89EFF094
:1024C000BFF611E59304F00F26856FD01FD4375463
:1024D0000040130504408545EF203021B704030078
:1024E00013851400EFF0FFF871DD13050440014679
:1024F00093050006EF20102537090700130529086A
:10250000EFF03FF761D113050440CE85EF20D022D4
:1025100013054908EFF0FFF555D51305044085452F
:10252000EF20B01C13851400EFF0BFF441DD13055C
:102530000440054693051006EF20D02013852400A3
:10254000EFF03FF341D18357444183578441130453
:10255000044081452285EF20901C22858545EF208F
:10256000701A13850404EFF0DFF029DD2285EF20D7
:10257000F01CAA8485452285EF20701AB1B7EFD2EE
:102580009FC5AA892E89EFF03FEA2DC53754004038
:10259000130504408545EF20501537050300050558
:1025A000EFF03FED21C913050440014693050006F5
:1025B000EF205019B704070013852408EFF07FEBD4
:1025C00015C913050440CE85EF2010171385440864
:1025D000EFF03FEA05C113050440CA85EF20D0158E
:1025E00013854408EFF0FFE811C585451305044045
:1025F000EF2050116FD07FC1EFD29FBF1305900322
:10260000EFF09FEBAA852A8437E500001305056BE0
:10261000EF70F03AC1476308F40037E50000130596
:10262000456DEF70904E81457145EFF05FF537E5F0
:10263000000013050570EF70504D6145EFF0DFE7C6
:10264000AA8537E500001305C572EF70503737E5EE
:1026500000001305C575EF70504B01456FD09FBB4F
:10266000EFD21FB9930510026D45EFF05FF16FD007
:102670007FBAEFD25FB641112A8902C202C4230693
:102680000100EFF07FDA6300050E375400401305B8
:1026900004408545EF207005B7040300138514003E
:1026A000EFF03FDD69C113050440014693050006C4
:1026B000EF205009B709070013852908EFF07FDBE9
:1026C0005DC1130504408145EF20100713854908BB
:1026D000EFF03FDA49C9130504408545EF20F000CB
:1026E00013851400EFF0FFD83DCD130504400546D7
:1026F00093051006EF20100513852400EFF07FD717
:102700003DC1130404405E281E2C370A0300814992
:10271000130B0A04B7540040A14A5A85EFF07FD545
:1027200039C12285EF2090015C00CE9788A38509EE
:10273000E39559FF814513850440EF20407E1385C2
:1027400004408545EF20007C13050A04EFF07FD29A
:1027500019C913850440EF20607E4886854513859E
:102760000440EF20C07B04839C830084B204920762
:10277000DD8C9C85320408829183DD8C9C8432053B
:10278000B7E9000092075D8C1C8691835D8C9C826A
:1027900092075D8D1C8591835D8DB707F8FFBE9410
:1027A0003E943E9523229900232489002320A900EA
:1027B000EF70203F83A5497EEF60904DAA8A2326C3
:1027C000A9002685EF70E03D83A5497EEF60504C5F
:1027D0002A8A2328A9002285EF70A03C83A5497E80
:1027E00037E40000EF60D04A8325042EAA84232A10
:1027F000A9005685EF60D049EF70202F8325042E65
:10280000232CA9005285EF60B048EF70002E83257D
:10281000042E232EA9002685EF609047EF70E02C50
:102820002320A90241016FD05F9EEFD27F9CB707A2
:1028300000803D8DEF306026B7E7000083A58766F6
:10284000B7E40000EF60D044EF700063B7E700002A
:1028500003A6876A83A6C76AEF508013EF70806C67
:10286000B7E7000083A58769EF60E04993050000A2
:102870002A84EF6030396358050083A5C469228536
:10288000EF6060482A84B7E7000083A5076A2285C5
:10289000EF60604783A4C4692A84A685EF60302E68
:1028A000634A0500A6852285EF60D0672A842285C9
:1028B0006FD05F96930500002285EF60B034E35837
:1028C00005FEA6852285EF600044CDB7EFD25F926A
:1028D000374400201304C49EB7E4000083A5042EEF
:1028E00008484111EF60C07883A5042E2A89484426
:1028F000EF600078CA85EFF05FF3504C14505850E9
:1029000032C636C43AC22A89EF704024B7E50000C7
:1029100083A5C52E2AC04A85EF609037EF7000234B
:102920008345840213084006044C3378050382472C
:102930001247A246324699EDB7E80000938808781E
:1029400037E50000A68513058578EF705007410133
:102950006FD05F8CB7E8000093888877D5B7EFD247
:102960003F89374400201304C49EB7E4000083A5C8
:10297000042E0848EF60C06F83A5042E2A894844BE
:10298000EF60006FCA85EFF05FEA6FD0BF88EFD2CB
:102990009F841387018783290700B764004013844D
:1029A0000187938404800549114AB70502002685F2
:1029B000EF20C05B63042501054529A81C40B387AF
:1029C0003741E374FAFE37250600130505A8EFE04A
:1029D000DFC701456FD07F83EFD2EFFF13870187F9
:1029E00083290700B76400402A89138401879384F0
:1029F0000480114ACA852685EF20E05519C1054596
:102A000029A81C40B3873741E376FAFE3725060034
:102A1000130505A8EFE07FC301456FD00FFFEFD28C
:102A20002FFD37640040AA8513050480EF20C050B5
:102A30003705070013054508EFF01FFA11C5854556
:102A400013050480EF20004C6FD0CFFCEFD24FFA7B
:102A5000EFF0FFF309E937F5000013054591EF703A
:102A6000D00A6FD02FFB37640040130504808545E2
:102A7000EF20A047370503000505EFF0FFF511E54E
:102A800037F500001305C593D9BF1305048001462F
:102A90009305C00EEF20004BB704070013852408F0
:102AA000EFF09FF311E537F500001305059645BFDC
:102AB00013050480F945EF20204813854408EFF002
:102AC000BFF111E537F500001305859849BF85452D
:102AD00013050480EF20004369B7EFD2CFEFAA8936
:102AE000EFF0FFEA11E541647D1422856FD0EFF12C
:102AF000B7640040138504808545EF20003F370907
:102B0000030013051900EFF03FED71DD138504801C
:102B100001469305C00EEF20E0423704070013057D
:102B20002408EFF07FEB61D113850480CE85EF2080
:102B3000A04013054408EFF03FEA55D585451385BD
:102B40000480EF20203C138504808545EF20E03988
:102B500013051900EFF05FE859D513850480054689
:102B60009305D00EEF20003E13052900EFF0DFE6BD
:102B70003DD9138504808545EF20603A130509048B
:102B8000EFF09FE52DD113850480EF20203B814598
:102B90002A8413850480EF208038138504808545BE
:102BA000EF20403613050904EFF01FE3E30D05F2B3
:102BB0002204138504804204EF2040384180498C70
:102BC00042048545138504804180EF20403531BFA4
:102BD0001E213A214111D20778815A21D18323172E
:102BE000010078827A217C800D6678831A25C1469F
:102BF00078843A2578855A250145788601470C085E
:102C00009377E7FFAE979375170083D707FF95C9B2
:102C100093F7F70F3D8DA14793150501C185060573
:102C200063D50500318D42054185FD17420593F7B7
:102C3000F70F4181F5F30507E313D7FC318141011B
:102C40008280A183C1BFEFD20FD901112A8402C8AB
:102C500002CA02CC231E0100130901019304000AD9
:102C60009309E00A2685EFF05FE789042310A900A5
:102C700093F4F40F0909E39734FFBC8022851EA06A
:102C8000BC813EA0BC825EA0BC837EA0BC841EA48E
:102C9000BC853EA4BC865EA40E20B1812EC6EFF09A
:102CA0003FF3B2452A866388A50037F50000130577
:102CB000C58DEF70C0501E20D207D1831EA00561C4
:102CC0006FD0AFD4EFD2CFD2AA84EFF05FCC09E9B6
:102CD00037F500001305859DEF7020636FD08FD30B
:102CE00037640040130504808545EF200020370538
:102CF00003000505EFF05FCE75D113050480014692
:102D00009305C00EEF2000243705070013052508A2
:102D1000EFF09FCC61D52685EFF07FD0C1B7EFD221
:102D20002FCDAA84EFF0BFC609E937F500001305DF
:102D3000C59AEF70805D6FD0EFCD3764004013050A
:102D400004808545EF20601A370503000505EFF084
:102D5000BFC875D11305048001469305C00EEF204E
:102D6000601E3705070013052508EFF0FFC661D583
:102D70002685EFF0DFCAC1B7EFD2EFC5EFF03FC154
:102D800009E5FD5426856FD04FC837640040130510
:102D900004808545EF206015B709030013851900ED
:102DA000EFF09FC379DD1305048001469305C00E43
:102DB000EF204019B704070013852408EFF0DFC1A6
:102DC00069D1130504808145EF200017138544085D
:102DD000EFF09FC05DD5130504808545EF20E0101E
:102DE00013851900EFF05FBF49DD13050480054628
:102DF0009305D00EEF20001513852900EFF0DFBDFD
:102E000049D1130504808545EF206011138509041D
:102E1000EFF09FBC3DD513050480EF202012AA845B
:102E200013850904EFF05FBB29DD13050480EF2053
:102E3000E01081452A8913050480EF20400E130518
:102E400004808545EF20000C13850904EFF0DFB8FE
:102E5000E30905F213050480EF20400E9397040167
:102E600093148900DD8CC98C854513050480EF20FF
:102E7000000B09BFEFD2CFB7B225DE2522063306FD
:102E8000C5403335C500C2073307A040C183B30630
:102E9000F7023385C702B3B7C7025D81B697B306A1
:102EA000C702A6075D8D1305057D3307C60286069A
:102EB0003336C602B387C6009306F07C63C4A6020D
:102EC0008D46B387F60233B7E6023E970587198D24
:102ED000EF60304DB7E7000083A5C72EEF604019C3
:102EE0006FD04FB37D838607D98F95871D8DCDB762
:102EF000EFD20FB03626A206338ED540B3B5C5014A
:102F00003307B0404E2683584600C205C1813308BE
:102F1000B702C208B387C503B3B5C50313D377019E
:102F2000C295A60533E365000E26130F037DC20587
:102F3000C1813308B702B387C503B3B5C5039D8309
:102F4000C29593969501D58FBE98B3B7F8009D852D
:102F50003388B7002E227622BE05C206C18233070F
:102F6000D7023386C603B3B6C603218236979317BA
:102F700087015D8EB295218733B6C5009307F07C3B
:102F80003A963307630263CFE70B95478D4EB30E36
:102F9000D7033307F702930740A213DE1E4093DEE8
:102FA000FE41935637407D87635CFF0285679387B8
:102FB000C7DA9A97B387F7021D43338367028A07FC
:102FC000135FF341FA9E729313DFF741B697B33F55
:102FD000C3017A971A8E33B3D700FE9EBE861A9726
:102FE000B386D540B307E640B3B5D5008D8F3387A0
:102FF000A602B305D841B3B6A6025583B387A7028C
:103000003385D7009317B5005D8FB387C841B3B838
:10301000F800B38515415585B307F7403337F700FE
:10302000B305B540998DB583139535015D8DB58593
:10303000EF607050B7E7000083A5C72DEF604045F3
:103040006FD04F9D135E4740935EF7418146014725
:1030500041BFEFD2EF99B7E7000083A5877EEF600D
:10306000606C930500002A84EF60C039635405004A
:1030700013040000B7E7000083A5C77E2285EF6038
:1030800020416FD02F99EFD2AF96EFF03F9C130500
:103090002003EF20207513054006EF2040713749CB
:1030A0000020130589A1EFF01FBA930489A113052D
:1030B00089A18220EFF0DFB12A8937E500001305EE
:1030C000057FEF708024AE20D220F6209A24BE2403
:1030D00003D8C40037F5000042041305C5804180C1
:1030E000EF70E00D1355C400330525413335A000C2
:1030F0006FD04F92EFD2CF8FB747002003A687A2A1
:103100000545938787A2635306007D551357F64103
:10311000398E198E1307803EB345E6027D58D4439D
:103120003366E60229473346E6029847DC276314F4
:10313000050389EFB7E700009387077837F50000AC
:1031400013054585EF70A0076FD0CF8CB7E700005F
:1031500093878777E5B791EBB7E700009387077808
:1031600037F5000013058589F1BFB7E700009387A5
:103170008777FDB7EFD2CF87B747002003A507A316
:10318000EF603022B7E7000083A5072EEF50506EA6
:103190006FD04F88EFD22F84B73701409387074015
:1031A00001112A84AE84631CF50A85450965EF2068
:1031B00020019307F0083EC295679387F7E14C0022
:1031C00022853EC423060100EF20C00BC167938710
:1031D00007063EC89307B05DFC83231C010013FA69
:1031E000140063060A000C082285EF20401493F9AE
:1031F0002400638609000C082285EF20601B13F968
:103200004400630609000C082285EF204025A188B0
:1032100089C40C082285EF20402F63060A00A145CF
:103220002285EF20003B63860900A1452285EF201F
:10323000203B63060900A1452285EF20C03B89C4DD
:10324000A1452285EF20003C22858545EF20E03511
:1032500085452285EF20E03305616FC01FFBB7571E
:103260000140E318F5F485453705100089B71307C9
:10327000007D9307007D6363B700AE8793960701D7
:10328000C1821307803E63F4E6009307803EFD177A
:10329000C2071547C1836365A7043D67130747A0AD
:1032A0000A053A951841028737370140231AF74239
:1032B000828037370140231CF74282803737014034
:1032C000231EF7428280373701402310F744828063
:1032D000375701405EBB8280375701401EBF828056
:1032E000EFC21FF137F50000130545A3EF60306D05
:1032F0006FC05FF2EFC2DFEF41118D473EC48545DD
:10330000E14761453EC6EF10B06B9307003C4C00AF
:10331000371501407C82EF10500E3715014093079E
:1033200000304C00130505C07C82EF10100D3735BE
:103330000140BD4513050540EFF0DFE58D453755EC
:103340000140EFF03FE501449944228505049305CF
:10335000C05D1374F40FEFF09FF1E31894FE37F59E
:1033600000001305C5A1EF60507A41016FC09FEACC
:10337000EFC21FE8797185453705100002CA02CCFB
:1033800002CE02D002D202D402D602C602C8EF1088
:103390001065854513050003EF1090628567FC8278
:1033A0008D473ECC4C08E147371501403ECEEF102B
:1033B000D004914737150140FC824C089147130512
:1033C00005403ECEEF107003F167938707203ED093
:1033D0000C10B7070C00375500403ED402D223161C
:1033E0000102EF20C0250546930550523755004095
:1033F000EF20402F930750147C86680085473EC815
:1034000023070100EF10B03E854537550040EF20FF
:10341000002C45616FC01FE09305505237550040A6
:10342000EF2040312DC937550040EF20802F938782
:103430005187982385461375F50F1377F70F138877
:103440005187630AD70211CF0946630FC7048D461F
:1034500013864187630CD7062380070023000600EC
:103460002DA0130700056312E5023747002023044F
:10347000A7A494A319A8130770056310E5023747A2
:103480000020A304A7A4094798A3930550523755D9
:103490000040EF20E02D7300203013070005E30605
:1034A000E5FE23800700D5B713072005631BE50061
:1034B000374700202305A7A40D4798A3238AE18658
:1034C000E9B713070005E31EE5FC65B7182293066C
:1034D000C0021377F70F9307170093F7F70F1CA29B
:1034E000B7470020938787A43E9708A31822E3FEDE
:1034F000E6F89423B745002013070005938585A3BC
:103500006392E60C943313077005639DE60AB423B7
:10351000130720056398E60AD82789669386067103
:10352000130707FD3307D702D4371305803E130E68
:103530004006938606FD294383C89701938808FDBA
:10354000B386A6023697F427B388C803938606FD90
:10355000B386C6033697F437938606FDB3866602B4
:103560003697942B938606FD3697942F98C1B83FD3
:10357000938606FDB386A602130707FDC69683C889
:10358000A701938808FDB3886802C696BA9603C758
:103590004702D4C183C66702130707FD3307A7029A
:1035A00003C55702938606FD83C77702130505FD01
:1035B000938707FD3305C503B38666022A973697BE
:1035C000BA979CC523000800230006008547DCA5A8
:1035D0006DBDEFC2FFC1371501408565130505C0FC
:1035E000EF10806E6FC01FC3EFC29FC03744004012
:1035F000AA841309048089454A85EF10104865DDC7
:10360000A6851305048037440040EF1090469304CC
:10361000048085452685EF10504665DD130504803E
:10362000EF1070451375F50F6FC0DFBEEFC25FBCC2
:1036300009E5EFF01FFA6FC0FFBD37150140856542
:10364000130505C0EF100068FDB7EFC27FBA011186
:1036500085452145EF10D03685451165EF1030388E
:10366000E977371401407C80E1473EC48A858D4765
:10367000130504C03EC2EF10405891677C808A85D4
:103680009147130504C03EC4EF10205785677C8026
:103690008A85C147130504C03EC4EF1000561305C8
:1036A00004C08565EF100062B70704013EC6B70786
:1036B0000002374400403ECAA1473ECC6C009D4703
:1036C00013050480FC8602C8EF10303585451305CC
:1036D0000480EF107038EFF0DFEF1305700BEFF0A0
:1036E000BFF00545EFF09FF437F500001305C5A6C0
:1036F000EF60B04105616FC0FFB1EFC27FAFEFF087
:103700005FED1305F009EFF03FEE1305F00F3704FE
:103710000020EFF07FED1304442108A01305F00F03
:10372000EFF09FEC08B01305F00FEFF0FFEB28A0CF
:103730000545EFF0BFEF342010300C2037F50000C6
:103740001305C5A8EF60B02718209307F00E631289
:10375000F702183093070004631DF7003820930721
:1037600000026318F70037F50000130585ABEF6022
:10377000D0396FC03FAAEFC21FA641112A89AE8A75
:10378000AA85328536C632C437F40000EF509079EE
:103790008325C4AEB7E40000EF50904F83A50430FA
:1037A000EF50104FEF20A01B8325C4AEAA894A8595
:1037B000EF50104EEF20801222468325C4AE2A8996
:1037C0003285EF50F04CEF206011B2462A8AD68540
:1037D0003685EF5030758325C4AEEF50704B83A50E
:1037E0000430EF50F04AEF2080172A84D2854A85B2
:1037F000EF50104AA285EF50B049A285EF505049D2
:103800002A84CE854E85EF50B048AA852285EF5098
:10381000804FAA84EF208028EF2060142A84268518
:10382000EF20C027EF20800BAA852285EF20E0261D
:10383000AA85EF50404DB7F7000083A507AFEF50C2
:10384000304541016FC07F9CEFC2FF9841112A8A29
:10385000368532C637F40000EF50D06C8325C4AEF5
:10386000EF501043AA89EF20800F32468325C4AE63
:103870002A893285EF50D041AA8AEF20200683257D
:10388000C4AEAA845285EF50B0402A8AEF200005CA
:103890002A845685EF20A00C2AC65285EF20200CE2
:1038A0002A8A4E85EF208003B245AA892285EF50EF
:1038B000303E2A84D2852685EF50903DCE85EF504C
:1038C000303DAA852285EF50F0652A84A6854A8579
:1038D000EF50103CA285EF20401CB7F7000083A5F5
:1038E00087AEEF50F03AB7E7000083A5C769EF5005
:1038F000804141016FC07F91EFC2FF8D37040020EE
:1039000093070400CC4B884B93844189EF6080611E
:1039100083254400AA890325040013840189EF60EC
:1039200060602A89EFF0AF8394401040CE852A8AE8
:103930004A85EFF05FE4B7E7000083A58741AA8AD4
:10394000EF50502C93876187635D05000547014563
:1039500081460146814598A3EFC01F9905456FC078
:10396000DF8A94401040CE854A8523800700EFF01F
:10397000BFEDD285EF50105BB7E7000083A48766E8
:103980003E8AB7E7000003A9C7692A84A685228575
:10399000EF50F01E6346A00AB7F7000083A4C7B03B
:1039A000B7E7000003A9C769A6852285EF509025D7
:1039B000634E0508B7E7000083A507305685B7E9D1
:1039C0000000EF50F02C83A4892E2A8BA685EF509F
:1039D000101B6353A000268BB7F7000083A507B127
:1039E000131514000581EF5090196357A006B7F71F
:1039F000000083A547B12285EF509029EF60E00ECB
:103A0000AA86420541859307200363D4A700930645
:103A1000200393970601C1871307E0FC63D4E700F6
:103A20009306E0FC139906011359094101448147AB
:103A30003E85CA860146A285EFC01F8B014505B7AA
:103A40002285CA85EF50104E2A8489B72285CA85FF
:103A5000EF50602B2A8489BFB7E7000083A5C72FEA
:103A60002285B7F40000EF50B022EF600008B7F7EE
:103A7000000083A587B1131905012285EF5050215D
:103A800083258A6613590941EF50805E2A84EF101E
:103A9000F064DA85EF50D01FAA8A2285EF10306CCF
:103AA000DA85EF50F01E83A5C4B12A8A5685EF50FF
:103AB00070151304E0FC6341050283A5892E568529
:103AC00013042003EF50B00B6348A0005685EF604D
:103AD000C00113140501418483A5C4B15285EF5080
:103AE00070129307E0FCE34505F483A5892E528507
:103AF000EF50F00893072003E34CA0F25285EF50FB
:103B0000D07E93170501C18725B7EFC26FEE83C73B
:103B100041881384418895EBB73700209387479EEF
:103B2000944723AAD188D84723A8E18885471CA0B9
:103B300093870188904303A7018A118F13063006EB
:103B4000636EE60001456FC0EFEC0547E382E7FED8
:103B500018209307F007E317F7FE11A803A7018ABF
:103B600098C3EFF07FD96DD59307F0071CA02147CC
:103B700023A6E1880545C1BF93870188904303A729
:103B8000018A0145118F130610036375E616EFC213
:103B90008FE403A7018A98C383A68187B7370020E3
:103BA0009387479E903313871600636BC7000145C8
:103BB000814601468145EFC02FF305456FC0EFE414
:103BC000920612073E97B6978C47C847144750474E
:103BD000EFF09FC72A84EFE09FD8AA852285EF5097
:103BE0007034B7E7000083A487663E8AB7E7000019
:103BF00003A9C7692A84A6852285EF504078634FC0
:103C0000A00CB7F7000083A4C7B0BE89B7E70000D7
:103C100003A9C769A6852285EF50C07E6346050CBF
:103C200083A58189228513898189EF50B02F83254F
:103C30008A66AA84EF50A074635AA000B7E7000018
:103C400083A5C7692685EF50F02DAA8483A5C9B046
:103C50002685EF50207B635A0500B7E7000083A557
:103C6000C7692685EF50200AAA84B7E7000083A51C
:103C7000874113151400232089000581EF508078B7
:103C8000E357A0F2B7F7000083A547B02285EF50B5
:103C90003000B7F7000083A587B02A842685EF504F
:103CA000207FAA852285EF500006EF501064AA8677
:103CB00042054185D9576353F500D95693970601BC
:103CC000C18729476353F700A946C2060145C1864B
:103CD00001468145EFC04FE10145CDB52285CA853A
:103CE000EF5050242A8401BF2285CA85EF50A001DD
:103CF0002A840DB7828093870188904303A7018AA5
:103D0000118F130610036364E60001458280EFC241
:103D1000AFCB03A7018A41113734002098C3EFF0DD
:103D20006FC52A89EFE0BFC39387C15003AB8700FB
:103D300083AA470003AA070283A481871304449E31
:103D40002A8C939B4400A29B83A50B014A85850482
:103D5000EF50501D92049387C187269483A90700D2
:103D6000144488C3504483A58B002A8903A5CB0043
:103D7000EFF09FADE285EF50F01AB7E7000083A4A3
:103D80008766BE8CB7E7000083ABC7692A84A68527
:103D90002285EF50C05E6342A00CB7F7000083A4F9
:103DA000C7B03E8CB7E7000083ABC769A685228504
:103DB000EF5040656349050A83A5C1892285938B2D
:103DC000C189EF50301683A58C66AA84EF50205B22
:103DD000635AA000B7E7000083A5C7692685EF50A6
:103DE0007014AA848325CCB02685EF50A061635A55
:103DF0000500B7E7000083A5C7692685EF40B070CE
:103E0000AA84B7F7000003AC47AF23A08B00B70B21
:103E1000008093CBFBFFE28533F56B01EF5020561A
:103E20006343A002E28533F55B01EF504055634CDC
:103E3000A000B7F7000083A587AF33F54B01EF5023
:103E400000546358A0028146014681450145EFC0F8
:103E5000AFC9014541016FC0AFBA2285DE85EF5081
:103E6000700C2A842DB72285DE85EF40D0692A8424
:103E700035BFB7F7000083A547B02285EF504061FA
:103E8000B7F7000083A587B02A8A2685EF504060E7
:103E9000AA855285EF403067EF503045AA8642052B
:103EA000418589576353F500895693970601C18769
:103EB00079476353F700F946C206C186CE854A8525
:103EC00036C6EF503006B7F7000083A5C7AFEF50F6
:103ED000205CB7F7000083A507B0AA844A85EF509D
:103EE000205BAA852685EF401062EF5010402A869D
:103EF000420541858957B2466353F5000956931729
:103F00000601C18779476353F70079464206814528
:103F100001454186EFC04FBDB7E70000B704008000
:103F200083A5072F93C4F4FF33F52401EF50804D90
:103F3000E341A0F2B7E7000083A5874133F5840091
:103F4000EF50404CE347A0F00145814601468145D2
:103F5000EFC08FB90545FDBDEFC28FA901118545A1
:103F60004145EF10C027930770043ECA4C089307E1
:103F7000F07C371500403ECCEF10C030054685453B
:103F800037150040EF10C063930760047C8668001B
:103F900085473EC823070100EF10600585453715AA
:103FA0000040EF10005F05616FC0CFA6411185454D
:103FB0003715004022C626C4EF1020663DC1854556
:103FC00037150040EF10E0669384018A9C4013840B
:103FD000018A85079CC083A70183850723A8F182F6
:103FE000EFC09F95EFE0AFB883A70187850723A8AF
:103FF000F18683A7C186850723A6F1869C40514799
:10400000B3F7E70291E783A78182850723A4F182B2
:104010001C401307803EB3F7E70281E70547238C76
:10402000E18A3244A24441017300203001A0B70765
:10403000EFBE37E700E0938707083CC701A0EFC257
:10404000AF98B7F400002E8A83A504BB42843A8956
:10405000B28A368BBE89AA8BEF50804383A504BBFE
:104060002A8C5285EF50C042B7F7000083A547BBAA
:104070002A8A5E85EF50C041AA8BD2856285EF50B7
:10408000606ACE85EF50006ACA85EF40D047B7E43A
:10409000000083A58441EF50A03FEF501025130589
:1040A000C55D0AA0DE855285EF40F045CE85EF5014
:1040B0006067CA85EF50006783A58441EF50403D9B
:1040C000EF50B0221305C55D2AA0D2856285EF406E
:1040D0009043CE85EF403043CA85EF40D04283A560
:1040E0008441EF50E03AEF5050201305C55D4AA0DF
:1040F000D2855E85EF500063CE85EF40D040CA8503
:10410000EF50406283A58441EF508038EF50F01D9E
:104110001305C55D6AA0DA855685EF40D03E83A5BC
:104120008441EF50E036EF50501C1305C55D0AA4E2
:10413000DA855685EF50005F83A58441EF50403506
:10414000EF50B01A1305C55D2AA49306C4001306E8
:10415000703E9307007D9305803E1A206368E60059
:104160000EA00904E31BD4FE6FC08F89E3FBE7FEBA
:104170001EA0C5BFEFC22F86EFF0CF97B7F70000A4
:1041800003A487B5B7F7000083A447B1B7E70000E1
:1041900083A5874037450020A2862686130585A77C
:1041A000EFC05F92B7F7000083A9C7B5B7F700006B
:1041B00003A907B637450020CE864A86A285130597
:1041C00045C9EFC03F9037450020CE864A86A2857C
:1041D000130505EBEFC01F8FB7E7000003A4472DC1
:1041E000B7E7000003A6C72DB7F7000083A547B6C1
:1041F00037450020A2861305C50CEFC0BF8CB7E77A
:10420000000003A9073037450020A6864A86A2850C
:104210001305852EEFC01F8B37450020A6864A86E2
:10422000A28513054550EFC0FF8937F5000013053F
:1042300085B6EF60800D6FB05FFDEFB2DFF9B7E7D5
:10424000000083A50730B744002039712A84AA866C
:1042500013060000138584A7EFC0DF951306000046
:10426000AA8937450020A286B285130545C9EFC04B
:104270007F942A891306000037450020A286B28564
:10428000130505EBEFC01F93130600002ACC37453A
:104290000020A286B2851305C50CEFC0BF9162470E
:1042A00093050000AA87CA86130841034E862E850F
:1042B000EFF0FFD840180149194A0E201375F90F85
:1042C0000509EFE0DFFA0904E31949FF9387C18A82
:1042D000984393063006050763C6E60098C321613C
:1042E0006FB0BFF21818741030104C10138584A7EB
:1042F00023A00700EFC05FC04E85EF50F0372ACCF7
:10430000125537E400002ECEEF5010376248F248C5
:1043100003270458832744582AC037F500002EC2CB
:1043200001468146130505B9EF5070694DBFEFB2E4
:104330003FEC0945EF00504BEF008070EF108044D8
:1043400037C505001305858DEF10204DB7070020F8
:1043500083A5872137F500001305C5B3EF503066FC
:104360006FB05FEBEFB2DFE8156513055555EF0051
:10437000D0431945EF00F04313059013EF00F043CD
:10438000EF003044EF00D0446FB0DFE8EFB25FE3FE
:104390007971EFF0DFF9EFF0FFFCEFF0BFDDEFF048
:1043A000BFBBEFE03FF5EFC08FC013054006EF1035
:1043B000004037240600130504A8EFD00FA9130509
:1043C00004A8EFD00FCC13052003EF10A041EFD0CD
:1043D0006FB5EFD02FD8EFE01FCBEFE0EFA1EFD01C
:1043E0005F8CEFC03FB8EFF04FA6EFF00FB1EFD00A
:1043F0001FD6EFE0FFF785471305200323A6F188BA
:10440000EF10403E894723A6F188B7F7000083A745
:1044100087BBB7EA00003ECEB7F7000083ADC7BB4D
:10442000B7E7000083A7C72E3ED27245138AC18B1F
:10443000EFF0BFE083270A00A9CF0547638BE706AB
:104440009389418C03A70900054A83A7018A630F5A
:10445000470D4DCF89466303D7109387418B98430F
:1044600083A6018A13063006998E6377D600130758
:10447000470698C3EFC0BFBB83A7C1881947F91788
:10448000636DF72A3D678A07130707B2BA979C4303
:10449000828783A7018A5147B3F7E702D5F3EFE09C
:1044A0002F9C03A7018A23A0E18C85472320FA00D3
:1044B00041BF03A7018C83A7018A998F3947E37114
:1044C000F7F8B74900201385C99EEFE08F9A9389CA
:1044D000C99E83A7890103A7C90103A50902B38760
:1044E000F7023307E7023305A502BA973E95EF407E
:1044F000607AEF10004FEF40607323A2A9021325EA
:10450000953E2384A90223200A001DBF13074006FD
:10451000B3F7E702B9F313058005EFE0AFFA03A79D
:10452000018A23A0490123A4E18C05BF138A818C51
:1045300003270A00998F2547E371F7F2EFE0DF8345
:1045400023A4A18A13058004EFE06FFD83A7018AED
:104550002320FA00894723A0F90001B703A7818C23
:10456000998F2547E37BF7EEEFE01F81138A418A9D
:10457000138B818A2320AA0003250B00B74B002050
:1045800093858BA1EFE01F8F83250B002A8C0325D9
:104590000A0013868BA1374A0020EFE07F95AA8B93
:1045A000EFE03FABB7E7000083A5072E2A8B6285BB
:1045B000EF40106EEF5060532324AAA25E85EF50A7
:1045C000C052130A8AA22322AA005A85EF50E05152
:1045D000E1679387176A2324AA003335F500230681
:1045E000AA0023A0090095BD373A002013054A9E72
:1045F000EFD05FDA6303051413074A9E8567BA9705
:10460000D42303464A9E0C3337F50000130585BCBE
:10461000EF50F03A93074A9E93094A9E014B3ED0D1
:1046200082579C336346FB008D4723A6F18831A255
:1046300083A7890003C74900370A0080134AFAFF9D
:104640003375FA00EE853ACC3ED437EC0000EF40EB
:10465000306483250C3003ADC90083AC0901EF4001
:10466000806AEF508048B7F7000083A5C7BBAA8BCC
:104670003375AA01EF40D06183250C30EF40A0686C
:10468000EF50A04692552A8C33759A01EF40506046
:1046900083A50A30EF402067EF502045A2572A8AB1
:1046A000930500003E85EF40F0551306D0026344A9
:1046B000050013060002930500006A8532D4EF401E
:1046C00070549307D00222566344050093070002FA
:1046D0009305000066853ED632D4EF40B0521307F2
:1046E000D0022256B2576344050013070002930517
:1046F00040063365BA02B7460F00938606243AC0D7
:10470000050BC109334ABA02E2452AC437F5000055
:104710001305C5C0B368DC0252C23348DC0233E77C
:10472000DB02B3C6DB02EF509029DDBD03A7018A8F
:10473000914723A6F18823A8E18A83A781880D47A2
:104740006384E71E6365F71C89466387D71E9387DA
:10475000818B9C239389818B93F7F70FE38707CC99
:10476000B707002083C7772193F7F70F99C3EF00AE
:10477000500583A5018A9307803E37F50000B3D525
:10478000F502130585C5B7040020EF50502383A51B
:10479000C18837F500001305C5C6EF50502283A528
:1047A000818837F500001305C5C9EF505021B74780
:1047B000002083A587A3938787A3D043944737F529
:1047C00000001305C5CCEF50901FEFC00F9C13865F
:1047D000018F0318A600831786000317660083164F
:1047E00046008395018F0316260037F50000130558
:1047F00045D0EF50D01CEFE0FF8FEFE02F8DEFD0D2
:104800006FD5EFC0FF8C03AB040083AB440037F9D6
:1048100000005A85DE85EF4060412A8AEF408047DC
:104820002A86AE865A85DE85EF30B048032609BC5D
:10483000832649BC93840400EF30207CEF40003F86
:1048400003AB040183AB44012A8C5A85DE85EF401B
:10485000E03D2ACCEF4000442A86AE865A85DE85AC
:10486000EF303045832649BC032609BC838C840085
:10487000EF30A078EF40803B943CAA870388840106
:104880006247D5EEB7E800009388087837F5000056
:10489000E6866286D285130545D5EF505012EFC0EB
:1048A0005FAA1386C10F83288600034866005C3226
:1048B0005822343283D5C10F302237F5000013055A
:1048C000C5D8EF50D00F2380090099BE83A7018B74
:1048D00003A7018A1D8F9D679387F752E3FFE7E4E3
:1048E0009547A1B3994791B39D4781B3EFF0EFA1ED
:1048F000E30505E4054723ACE186A1473DB3EFF0AE
:10490000AFA7E30C05E2894723A4F1883DB59146A2
:104910006384D7021D47E39CE7E283A7818785076D
:1049200023ACF186854731A0EFF0EFBC9147E3005F
:1049300005E223A4F18821BD23A4E18809BDB7E8DD
:1049400000009388887799B7B71702409843B70655
:10495000FFF041111367170098C3D84337060200D0
:10496000758FD8C39843B706F7FEFD16758F98C3A9
:104970009843B706FCFFFD16758F98C3D843B7065A
:1049800001FFFD16758FD8C39843B70600ECFD16DE
:10499000758F98C33707FF0098C723A6070202C484
:1049A00002C69843C166558F98C3B7160240056783
:1049B0009C42F18F3EC6A24785073EC4B24781E7BD
:1049C000A247E397E7FEB71702409C431397E7001F
:1049D0006356070685473EC632478547631EF70480
:1049E000B7170240D843B706C1FFFD16D8C3D84356
:1049F000D8C3D84313670740D8C3D843758FD8C3EB
:104A0000D843C166558FD8C39843B7060001558F68
:104A100098C3984393166700E3DD06FED843B716A4
:104A20000240719BD8C3D84313672700D8C32147DE
:104A3000DC42B18BE39EE7FE4101828002C669BF82
:104A4000B7160240D8421146318B938781806305A7
:104A5000C70021466308C70237177A0013070720EB
:104A600098C337170240584311839376F7003707EE
:104A70000020130707023697142398433357D700B3
:104A800098C38280D842D442416649833D8BF18EDF
:104A90001306270015CF3D47630FE6024147630F1A
:104AA000E602454781456313E6004146A1E23747E8
:104AB000024003270780418B0DC737177A00130781
:104AC00007203306C70290C3C9DD9843058349BF59
:104AD00081454946E1BF85453546C9BF81453D46CB
:104AE000F1B737173D0013070790E1BF37150240B4
:104AF00058559316F700585563DF060411833D8B14
:104B00009306170037177A00130707203357D70289
:104B100098C35455A182BD8A8DE295463307D702CA
:104B2000058398C337170240585794433D8B0507B8
:104B300033D7E60298C3984369B705456394A60046
:104B4000E546E9BF3D456396A600D1463387E602B8
:104B5000C9BF8906E5BF3D8B9306170037177A005A
:104B6000130707203357D702F1B701A097C1FF1FE2
:104B7000938141EA173100201301C14817B50000A5
:104B8000130505CE97B5FF1F9385C5471386018290
:104B900063FAC5008322050023A055001105910585
:104BA000E3EAC5FE13850182970500209385C5B70A
:104BB0006377B500232005001105E36DB5FEFD42C6
:104BC000739002BCAD4273904280B7620000938242
:104BD00082087390023097B2FFFF9382E24293E221
:104BE000320073905230EFF03FD697F2FFFF93827E
:104BF000227A73901234730020309C4513F707011A
:104C000013F8F70001C7D8413368E8008E2113F785
:104C1000F50F39C318418146854E3D4F930F8002F1
:104C200093028004214E3396DE00B3F8C500631171
:104C300016039398260033131F011343F3FF3377B2
:104C4000E300B318180133E7E800639FF70550C984
:104C50008506E39AC6FD18C11307F00F6375B70404
:104C600054412146854E3D4F930F800293028004AC
:104C7000414EB398CE0033F715016392E802131743
:104C8000260001173313EF001343F3FFB376D3006D
:104C90003317E800D98E639DF701232A1501050615
:104CA000E319C6FD54C18280E39457FA10C94DB789
:104CB000E39757FE23281501DDB708456D8D333581
:104CC000A00082800CC982804CC98280B707014055
:104CD000635A0504DC4F9356050113180501370785
:104CE000300013F6F60013580801B376E500635060
:104CF0000506639BE602930606010D46B316D60031
:104D000093C6F6FFF58F99C9135755011377F73FEF
:104D100012073317E800D98F63570504370701409E
:104D20005CCF8280DC4345BF1317B5006356070094
:104D30008D46B396C600E9B7135755011377F73F71
:104D400012073317E8001347F7FFF98F6DBF639021
:104D5000E602370601405442370700F17D17F98F0C
:104D6000758F58C2D5F1370701405CC38280131795
:104D7000B500635C07008D46B396C60093C6F6FF88
:104D8000FD8EB707000FD58FF1BF135755011207DE
:104D90003317E8001347F7FF7D8FB707000FD98F50
:104DA000D1B7EFB2EFC4B7570040938707408545AE
:104DB000631BF50037052000912181453705200050
:104DC00035296FB02FC5370540000D2981453705BE
:104DD0004000FDB7EFB2CFC1797146212A8468083F
:104DE0002EC6A524925737470F001307072433D741
:104DF000E702C204C18093F404FCC2049306C0031A
:104E0000C180B24563F4E6001307C003131607011F
:104E10004182D18C46A0162061651305056AC20641
:104E2000C182F99AC206C18216A094416369D50471
:104E30008606B3D7D7029146139707014183BA87F5
:104E40006373D700914705064206C2074182C183BA
:104E500012B05EAC1E20DA21B62593E717001EA023
:104E60001E20558FC207C18393F757BFD98F1EA04D
:104E70009A25DE25D98F1EA445616FB0AFB9EA210E
:104E800031667D16631DC5020D46B386C602B3D7D3
:104E9000D702C207C1839396470199E293E71700AF
:104EA000A166D58F9306C0123307D7029306803EC2
:104EB0003347D7020507420741831AB059BF6546F9
:104EC000B386C602B3D7D7029166C207C183D58F16
:104ED000D9B71E2189C593E717001EA18280C2079A
:104EE000C183F99BC207C183CDBF1E2189C593E74A
:104EF00007101EA18280C207C18393F7F7EFC20794
:104F0000C183C5BF1E2189C593E707201EA18280EA
:104F1000C207C18393F7F7DFC207C183C5BF1E2154
:104F200089C593E707401EA18280C207C18393F71A
:104F3000F7BFC207C183C5BF0EA982800A291375B6
:104F4000F50F828093F7E50F19C293E71500C207AA
:104F5000C1831EA982805E290A2D42055D8D6D8D5B
:104F6000220521810D8D133515008280411102C467
:104F700002C693D7C5012AC63EC4A247A205A18195
:104F800099CBB247D1073EC6B247884341016D8DE8
:104F90003335A0008280B247C181E107EDB793C5E8
:104FA000F5FFC205C1814EA98280B737004088C392
:104FB0008280B7370040C8C38280B737004088C7B7
:104FC0008280AD67373700409387A7AA1CC38280D1
:104FD000B567373700409387C7CC1CC337170240EB
:104FE0005C53898BF5DF828023A6A18C828003A786
:104FF000C18C894710216311F70214318D4763ED8D
:10500000D7003C219A0637E700E09607D58F93F743
:10501000F70F32972300F740544105479357560046
:105020003317C70089CA938707048A07B7E600E0E9
:10503000B69798C3828093870706B7E600E08A0791
:10504000B69798C30F1000008280371702405C4368
:105050009146B18B6385D700A1466382D706B71707
:105060007A00938707201CC1371602405C4237073D
:105070000020130707039183BD8BBA9794231C412B
:10508000B3D7D7005CC15442A1829D8ABA969422BC
:10509000B3D6D70014C55442AD829D8A36971823E3
:1050A000B3D7E7005CC5584239839376370013873E
:1050B000C18036971823B3D7E7021CC982805C43AE
:1050C0005843C166C983758FB7F6FF1F83A6C670A4
:1050D000BD8B89071396160163480600C546014635
:1050E0006392D702C94739A88946638FD702BD4664
:1050F000638ED702C146638ED702C54601466393CD
:10510000D700C1471DEF3747024003270780418B77
:1051100005C737177A0013070720B307F7021CC12A
:1051200021D61C41858381B701466DBF0546B54731
:10513000D1BF0146BD47F9B737173D0013070790A8
:10514000E9BFB7150240D8559316F700D85563DF6D
:10515000060411833D8B9306170037177A00130757
:1051600007203357D70218C1D455A182BD8A8DE2DA
:1051700095463307D702058318C1371702405857A1
:1051800014413D8B050733D7E60218C1184171B7AA
:1051900085456394B600E546E9BFBD456396B60014
:1051A000D1463387E602C9BF8906E5BF3D8B93062A
:1051B000170037177A00130707203357D702F1B7C4
:1051C00099C5371702401C4F5D8D08CF8280B717F5
:1051D0000240984F1345F5FF798D88CF828099C59D
:1051E000371702405C4F5D8D48CF8280B717024071
:1051F000D84F1345F5FF798DC8CF828099C53717F1
:1052000002401C4B5D8D08CB8280B7170240984B43
:105210001345F5FF798D88CB82801A218D6793879E
:105220000704B6217D8F9E21D58FD621D58FF621FB
:10523000D58F9625D58FB625D58FD625D58FF62532
:10524000D58FD98F1EA15A2DFD779387F77FF98FC0
:105250005EAD9E291EA982801E2189C593E70704A1
:105260001EA18280C207C18393F7F7FBC207C183E7
:10527000C5BF4EA582804A2582800A256D8D3335B3
:10528000A00082801E2137370140930607C0C20765
:10529000C1836300D504B7060040630CD502938632
:1052A00006406308D502B7160040138606806302E5
:1052B000C502938606C0630ED50013070740630A34
:1052C000E50037570140930607C06304D500631615
:1052D000E500BA2193F7F7F8D98F37170040630C30
:1052E000E500130707406308E50093F7F7CFFA21BD
:1052F000C207C183D98F1EA1DE215EB59E211EB5D6
:10530000B7370140138707C0630EE5009387074056
:10531000630AF500B7570140138707C06304E5002F
:105320006314F5009C251EB985475EA982801E3155
:10533000922103D82500C207C183F99BC207C1830C
:105340001EB11E3156211A2DC207C1834207418367
:105350001377C7F8518F9225F59BC2063366060175
:10536000D18F37360140130806C0C182630E050194
:1053700013060640630AC50037560140130806C0ED
:10538000630405016310C502B225DD9B03D8E50067
:10539000D18FD221ED9B93F6F6CFD18FD2253366F4
:1053A0000601D18E56A11AADFA215AB91EB18280DA
:1053B0001E3165771307F7CFC207C183BD9BC207B4
:1053C000C1831EB11E31562103D88500C207139632
:1053D0000601162DC18393F7F7FD758F9621418243
:1053E000A206558FB62142074183B3E60601920615
:1053F000D58FB7360140C207138806C0C183630E3C
:10540000050193860640630AD500B756014013880C
:1054100006C063040501631ED502B62593F7F7F7AE
:1054200003D8C5009206D58FD621C207C183920644
:1054300093F7F7FBD58FFD769386F63FF18EF22535
:10544000C207C183336606010A06D18E1396060190
:10545000418252A11AADFA211ABD1EB182801E31BD
:1054600003D88500C207C18393F7F7EFC207C18352
:105470001EB11E3156215A2DC2071396060142074E
:10548000962141831377C7F8558FB621C18393F7CF
:10549000F7DFB3E60601A206D58FB7360140C20793
:1054A000138806C04182C183630E050193860640BE
:1054B000630AD500B7560140138806C0630405018E
:1054C000631FD502FD769386F67FF58FB62503D848
:1054D000C500A206D58FD621C207C183A20693F7C5
:1054E000F7BFD58FF576FD16F18EF225C207C18381
:1054F000336606011206D18E13960601418252A12F
:105500005AADFA215ABD1EB182801A31FD77FD17BE
:10551000F98F1EB10358050256215E2D657713964B
:10552000060196211307F7CF7D8FF977A206FD17A5
:10553000558FB3F70701B62103D885004207418292
:10554000B3E60601B206D58FB7360140C20713880D
:1055500006C04183C183630E050193860640630A3A
:10556000D500B7560140138806C063040501631BCC
:10557000D500F176FD16F18ED2251A06D18E13963E
:105580000601418252A15AADFA212310E5041EB151
:1055900082801E2189C593E717001EA18280C20761
:1055A000C183F99BC207C183CDBF8357450491C511
:1055B0002167D98F2312F5048280C607C583DDBF1A
:1055C0005E2501C6DD8D4EA5828093C5F5FFFD8D5C
:1055D000DDBF1E2DC207C183DD9BDD8D0EAD828038
:1055E0001A2DFD779387F77FF98FA205CD8FC2071C
:1055F000C1831EAD82805E2DC207C183DD9BDD8D20
:105600004EAD82805A2DFD779387F77FF98FA205E3
:10561000CD8FC207C1835EAD82801E294A25ED8FE2
:105620004205418189C76D8D3335A00082800145D7
:10563000828093C5F5FFC205C1810EA98280EFA2C9
:105640003FBB1629F577FD17F58FF621DA2579711D
:10565000D58F1EA95625FD779387379FF58FD621C5
:105660002A842EC6D58F9625D58FB625D58F5EA5D3
:105670005E29C207C18393F7F7CFD98F5EA9680867
:10568000EFF0BF9CB747014093870780B245631E88
:10569000F402A2576547B387E70298419306400694
:1056A0000A07B3D7E70233D7D702B3F7D7021207F7
:1056B000920793872703B3D7D702BD8BD98FC20731
:1056C000C1831EA445616FA0FFB49257E1B791C595
:1056D0005E250967D98F5EA582805A25F977FD1767
:1056E000F98FD5BF13F7F50F85471583B395B7002D
:1056F0006319F7009307C500984301CED98D8CC379
:105700008280894693074501E318D7FE9307050178
:10571000E5B793C5F5FFF98DDDB793F5F51F4EA1FC
:1057200082804A211375F51F82800A216D8D3335E1
:10573000A000828013F7F50F85461583B397B60056
:105740006311D7025A25F98F1A2101454207418377
:1057500081CB0545A181B315B5006D8F3335E000D0
:10576000828089466314D7001A29F1BF5A29E1BF04
:10577000A1818547B397B70093C7F7FFC207C183DD
:105780001EA18280B707002083A7872137177A00E0
:1057900013070720B3D7E70293F7F70F2389F18C9C
:1057A0001307803EB387E7022398F18C8280B7F716
:1057B00000E0D8438146799BD8C303C7218D3306C7
:1057C000A70290CBD4CB98431367070198C39843A3
:1057D0001367170298C3D843058B75DF9843799BED
:1057E00098C38280B7F700E0D8438146799BD8C33D
:1057F00003D7018D3306A70290CBD4CB9843136710
:10580000070198C398431367170298C3D843058BC1
:1058100075DF9843799B98C38280EFA27F9D2A848D
:105820001165011185451105EFF09F99930700203F
:105830007C82371501408D473EC44C00E14713057B
:1058400005803EC6EFF06FBB22C837440140B70762
:1058500008000C08130504803ECC02CA231E010078
:10586000EFF0FFDD854513050480EFF05FE605618D
:105870006FA05F9AEFA23F96B7440140AE8932898C
:10588000014493840480634524014A856FA0FF97F7
:10589000930500042685EFF05FE97DD9B387890081
:1058A0008385070026850504C205C181EFF0FFE668
:1058B000D9BF138701811C43B746002093864672E7
:1058C0003E95636BD500B76600209386060063E5BE
:1058D000A60008C33E858280FD57EDBF011122CC92
:1058E000370400809347F4FF3717493F06CEE98F0E
:1058F000130787FD635DF7023707807F63C9E70001
:10590000AA85EF303062F2406244056182802C004B
:10591000552B0D8985476304F5028947B245630B12
:10592000F5020DC522450546EF10E03BE9BF9305A2
:105930000000EF00301CF240624405618280B245F5
:1059400022450546EF10203A218D75BF2245EF0014
:10595000701A55BF2245EF00F019218D6DB7011166
:1059600022CC370400809347F4FF3717493F06CE17
:10597000E98F130787FD635DF7023707807F63C9EF
:10598000E700AA85EF30105AF24062440561828038
:105990002C000D2B0D8985476305F5028947B2451B
:1059A000630BF50205C52245EF00D014218DE9BF38
:1059B000014693050000EF100033F2406244056198
:1059C0008280B2452245EF00F0127DBF2245054698
:1059D000EF10603155BF22450546EF10C030218DD4
:1059E00065B75D71A2C4A6C2CAC052DE56DC86C6C7
:1059F0002A84AE848D229387418103A90700FD5735
:105A00002A8AAE8A6301F9022286A6862285A685A5
:105A1000EF30001E09E9014681462285A685EF2068
:105A20006052634C0500B64026445285D6859644A4
:105A30000649725AE25A6161828085473EC497974F
:105A400000009387273A3EC602D422CC26CE22C835
:105A500026CA63070902014681463285B685EF10E2
:105A600030732AD02ED28947631EF900EF40806937
:105A7000930710021CC1A25781EF025A925A65B7D0
:105A800002D002D22800EF10C0386DD1A257F5D74E
:105A9000EF404067A2571CC1CDB749AC397122DC39
:105AA00026DA4AD806DE2A84EF0000779387418100
:105AB0008443FD572A89638EF400A2852285EF3046
:105AC000107F01E9930500002285EF30B013634990
:105AD0000500F25062544A85D254425921618280B5
:105AE00085473EC4228597970000938727303EC69E
:105AF00002D4EF4060382ACC2ECE2AC82ECA9DCCC4
:105B0000014681463285B685EF1090682AD02ED2A4
:105B100089476397F402EF40E05E930710021CC1CF
:105B2000A2578DE702559255EF40C03FF2506254A4
:105B30002A894A85D25442592161828002D002D2F8
:105B40002800EF10002D61D9A257E9DFEF40805BFC
:105B5000A2571CC1C1BF41113707F07F22C426C222
:105B600006C63378B7002E84AA84630DE816AE8784
:105B7000AA86635FB00E13DE454163010E1A370734
:105B800010001306F7FFF18FD98F130E1EC0139765
:105B9000170013761E0093D7F601BA9713971600D5
:105BA00011C67D838607BA9713972600135E1E40A1
:105BB000D945814E8146370620003385C6001358EB
:105BC000F701FD1563C6A700898FB306C500B29E15
:105BD0008607C29706070582EDF11305000201430F
:105BE00081483706008019A86385D70E9355F701C1
:105BF00086077D15AE97060705820DC9B305160108
:105C0000E3D4F6FEB388C500368863CE050A958FC7
:105C1000B336B700958F0D8F9355F70186077D1525
:105C20003293C286AE970607058269F9D98F9354DD
:105C3000130089CB93041300FD5785806314F30090
:105C4000850E814413D71E403704E03F93FE1E00AB
:105C50003A9463850E00B7070080DD8C13174E0160
:105C60002297B24022442685BA859244410182801F
:105C70001397150005833368A7002E87E30308FEFA
:105C8000D9E193D5B600AD172E87D606FDD913D628
:105C9000450141EA014611A02A8606079315B7007F
:105CA00013051600E3DA05FE930800023688B38870
:105CB000A840BA85B396A60033571801338EC74063
:105CC000B367B7006DBD13C8F8FF1358F8013698D5
:105CD0003DBFE36DB7F0B388C500E3C605FE3E885F
:105CE000814715BF2A86AE86EF2020312686A28600
:105CF000EF100057B2402244AA842E872685BA8529
:105D00009244410182802A86AE86EF20807A2A86DC
:105D1000AE86EF10F047AA842E87A1B72E87814761
:105D200095BF3688930800027D5679B7B707008083
:105D3000411193C7F7FF2E8706C622C4FD8D370693
:105D4000807FAA866340B604E98F2A83634CF602FB
:105D5000B708803F6302170F1354E74109887D811C
:105D6000498C8DEB89476300F40A8D473685631FA4
:105D7000F400B24022449797000093872708884395
:105D800041018280B6853A85EF20F077B240224407
:105D900041018280ADC1638EC506638EC7048D8FBD
:105DA000DD871306C003634EF60863580700130629
:105DB00040FC1305000063CAC700BA853685EF3082
:105DC000202BEF10C02DEF10000585476306F40C63
:105DD00089476303F40A5DD8979700009387C70348
:105DE0008C43EF205072979700009387E7008C4315
:105DF000EF30501361BF634B030697970000938702
:105E000067FF884361B7979700009387E7FE884351
:105E1000B5BF638EB7028947E307F4FE8D47E30AF7
:105E2000F4F4854713050000E312F4F69797000099
:105E3000938707FD884399BF2244B24041016F0018
:105E4000907D979700009387E7FA8843BDBF894705
:105E50006304F4068D47630BF40485476302F4047E
:105E6000979700009387C7FA88430DB7979700006C
:105E7000938747F9884319BF979700009387C7F91D
:105E80008C43EF205068979700009387E7F6AA8528
:105E90008843EF303009DDBDB70700803D8DFDB58B
:105EA00097970000938707F78843CDB59797000031
:105EB0009387C7F58843D9BD979700009387C7F4A8
:105EC0008843E9B5397122DC3717493F13141500AF
:105ED00006DE26DA4AD84ED652D456D25AD05ECEF4
:105EE00062CC0580130787FD6352871237D71640AF
:105EF000130737BEAA89AE846341870697970000CF
:105F00009387C7F141988C43635EA02AEF309001DC
:105F1000B717C93F938707FD2A896306F4101794C2
:105F200000001304E4EF0C40854BEF30A07FAA85FE
:105F300088C04A85EF30007F0C40EF30A07EC8C09B
:105F4000F25062545E85D2544259B259225A925A42
:105F5000025BF24B624C2161828037174943130781
:105F600007F86351870E3707807F6357E40A135998
:105F700074411309A9F7931779011D8C2285EF301D
:105F8000D036EF301042AA87AA8522853EC2179AE2
:105F90000000130A6AEAEF30E07883250A00EF3048
:105FA000204FAA8AEF307034EF30B03FAA852A84A0
:105FB000568522C4EF30007783250A00EF30404D2C
:105FC000930500002AC6EF30C0358D4609E99305D8
:105FD00000002285EF30E034B336A00085069797A5
:105FE00000009387A7ED09474A86A6854800112B34
:105FF000AA8BE3D709F49840DC40B7060080358FC0
:10600000B58F98C0DCC0B30BA0401DBF9307000044
:1060100088C1DCC1814B2DB7AA85EF30A070C8C004
:1060200088C0814B31BF979700009387A7DF8C43CF
:1060300017940000130444DF854BEF30A06E2A89CB
:106040000C40E5B5EF10A00597970000938707DE99
:106050008C432A89EF30C043978700009387872AB3
:106060008C43EF20504AEF305028AA8BEF3070332A
:1060700097970000938787DA8C43AA8AEF304041D4
:10608000AA854A85EF30006A97970000938747D921
:106090008C432A8B5685EF30A03FFD472A8AAA857C
:1060A0005A8563CA7705EF30E0679387FBFF139744
:1060B000270097970000938767D8BA979C43137778
:1060C00004F02A89630CF70223A02401CA855A85AB
:1060D000EF304065D285EF30E064C8C0E3D209E616
:1060E000B707008033C927013D8D23A02401C8C014
:1060F000B30B7041B1B5EF30E0622A899357790153
:106100005D8493F7F70FB307F4402147E35EF7FA96
:1061100097970000938707D18C435685EF3040371F
:106120002A89AA855A85EF30E05FAA852A8C5A858C
:10613000EF30405FCA85EF30E05E979700009387AD
:10614000A7CE8C432A895685EF308034CA85EF303C
:10615000605DAA852A8A6285EF30C05C935775011D
:1061600093F7F70F1D8CE5472A8963C5870088C020
:10617000628BA9BF97970000938787CB8C43568586
:10618000EF3000312A84AA856285EF30A059AA85B4
:106190002A8B6285EF300059A285EF30A05897977F
:1061A0000000938727C98C432A845685EF30402E00
:1061B000A285EF302057AA852A8A5A85EF3080566B
:1061C0002A8919B7EF203034B717C93F938707FDE5
:1061D0002A896304F40217940000130464C40C4079
:1061E000FD5BEF205032AA8588C04A85EF3080538E
:1061F0000C40EF205031C8C0A1B39797000093879F
:1062000067C28C4317940000130404C2FD5BEF20A7
:10621000902F2A890C40F1B741119317150022C421
:1062200006C685833707807F2A84AA8563F8E70836
:10623000C9C3AA876342050A698F9356754105E36E
:10624000131785006345070A014711A032878607A7
:106250009395870013061700E3DA05FE998E37073A
:1062600080001306F7FFF18F938616F85D8F13F603
:1062700016009317170031EE13D816400145E54676
:106280008145370700013386E500FD1663C6C70068
:10629000B305E600918F3A9586070583EDF699C31D
:1062A000050579990585B705003FAA9593167801EC
:1062B000B695B24022442E8541018280EF30401DC8
:1062C000A285EF205024B2402244AA852E854101A8
:1062D0008280931727004DB7EF30C044AA85EF2086
:1062E0003059B2402244AA852E85410182807D57D3
:1062F000998EB5B7011126CA931415004AC84EC627
:1063000006CE22CC52C456C28580B70700322A89F5
:10631000AE8963D8F40CEF30407D630E051CCA854E
:106320004A85EF30E01697970000938727EB8C4360
:106330002A84EF30E01597970000938767EA8C4333
:10634000EF20701CA285EF30A01497970000938770
:1063500067E98C43EF30003DA285EF3060139797DB
:106360000000938767E88C43EF20F019A285EF3097
:10637000201297970000938767E78C43EF30803AAD
:10638000A285EF30E01097970000938767E68C4373
:10639000EF207017A285EF30A00F2A8A97870000A0
:1063A000938747F68C432285EF30800EAA84D285EE
:1063B0002285EF30E00D2A84CE854A85EF30400DEE
:1063C000AA852285EF300036AA852685EF308035F4
:1063D00097870000938747F0AA858843EF30803481
:1063E000F5A0AA85EF30C00A97970000938707DFD2
:1063F0008C432A84EF30C00997970000938747DECB
:106400008C43EF205010A285EF3080089797000052
:10641000938747DD8C43EF30E030A285EF304007B3
:1064200097970000938747DC8C43EF20D00DA2851F
:10643000EF30000697970000938747DB8C43EF30DF
:10644000602EA285EF30C00497970000938747DA4B
:106450008C43EF20500BA285EF308003B7A7993E05
:10646000938797992A8AE3DB97F2B707483F63C877
:10647000970697870000938727E68843B70700FFB2
:10648000BE94A685EF30002AAA8A978700009387DA
:1064900067E78C432285EF20B07FA685EF30802808
:1064A000AA84D2852285EF20B07E2A84CE854A85B3
:1064B000EF20107EAA852285EF30C026AA8526858A
:1064C000EF304026AA855685EF30C025F240624461
:1064D000D2444249B249224A924A05618280979742
:1064E0000000938727CF83AA070097970000938720
:1064F000A7CE844359BF978700009387E7DD884381
:10650000F1B72171131827003ADA17970000130723
:1065100027D22326311B2320611BB689232E711914
:106520004297232E111A232C811A232A911A2328E9
:10653000211B2324411B2322511B232C8119232A95
:1065400091192328A1192326B11932DEF1562ACE3A
:106550002ED83ED0032B0700938BF9FF6341D66EF4
:106560001307D6FF9357F7419D8BBA978D873ECC83
:1065700085078E073EDC6247E256B3077B01330492
:1065800077417257138917000409158F3AC622996B
:1065900063C20702025A93172400D2971305000022
:1065A000634504008843EF30C05F88C00504910450
:1065B000E31324FF131C2B00634B0B04F24D1399C0
:1065C0002B001C0913044900131C2B003E995C1A74
:1065D000041A338A87016E94CA8CEE8A130D000068
:1065E00063C10B0283A50C0003A50A00910AF11CEC
:1065F000EF20106AAA856A85EF20E0702A8DE39368
:106600008AFE23A0A40191041109E39744FD7418A4
:1066100013078CFF369C940036973AD47247139434
:106620002900B2463A94370700407D173AC4214703
:10663000158F9307FBFF8A073AD61803BA97DA84B7
:10664000930A01133ED25ACA139D24001C03EA97F1
:1066500083AD07FB63569006A24717970000130708
:1066600067BC032B07003389F4000A091787000071
:106670001307877C569993090104032A070011A088
:106680003E89DA856E85EF20B060EF300046EF304E
:106690004051D285AA8CEF20B05FAA856E85EF307D
:1066A0006008EF3080448325090023A0A900668597
:1066B000EF206065AA8D9307C9FF9109E3922AFD37
:1066C000324B6E85DA85EF00B02A979700009387EA
:1066D000A7B58C432A89EF20B05BEF00B01C9797D9
:1066E00000009387A7B48C43EF20905AAA854A856F
:1066F000EF3040032A89EF30403FAA89EF30604AEB
:10670000AA854A85EF3000022A8A63556011938773
:10671000F4FF18038A07BA9703A907EC32561D47FE
:1067200033076741B356C9403396C6003309C940A1
:1067300023A027ED3359E940B699634B200F930509
:1067400000005285EF20F03D631F0516D247138AE3
:10675000F4FF634FFA00A2479800A6978A07BA97FA
:1067600001479443F117558FE39D87FF6310072C72
:10677000925783A707EC6396072AA2570547F1179C
:10678000D4430507EDDE938714003E8BBA9462472D
:106790003389FB00F24D330AF70022478A070A0AC1
:1067A0003A9902570A09B389FA001C093A9A3E99A4
:1067B00062C803250A00EF30C03E2322A90063C04F
:1067C0000B044A8DEE8C130C000021A003250D0054
:1067D000711D83A50C00910CEF20904BAA8562855A
:1067E000EF2060522A8CE3938CFE23A08901050BD5
:1067F000110A91091109E3DE64FB424CB1B5130C97
:10680000000023A08901050B110A91091109E3D2A7
:1068100064FBE5B7B247639E071C9387F4FF8A07C2
:106820001803BA9703A907EC13598940E35920F1DB
:106830008509635A9040064B8547631B0B16638E90
:10684000F400D400054703AB060093071700910638
:1068500063110B163E87E398F4FE32476353E00260
:1068600085476302F73C8947631DF7009387F4FF70
:1068700018038A07BA9703A707EC1377F70323A037
:10688000E7EC8947E31DF9EA978700009387C7A4DF
:106890008843D285EF2010692A8AE3020BEA9787A2
:1068A0000000938767A38843B245EF00700CAA8568
:1068B0005285EF2030672A8A930500005285EF2029
:1068C0005026E30505E8E25772575285524BB385CF
:1068D000E740EF00F009978700009387E755804372
:1068E0002A8AA285EF20B029634D053A97970000C8
:1068F000938747938C4352851C03B38BA701EF20EA
:106900003039EF30801EEF30C029A285AA8AEF20EF
:106910003038AA855285EF20F060EF30001D138AD1
:1069200014001C0323A0ABEC13142A0056853E94DC
:10693000EF30A01BB2472320A4ECA1073EC69787E7
:106940000000938767998843B245EF007002AA8AD6
:10695000635F0A105257894763C7E720634FE036E9
:106960001305000001EB63050900B70700803D8DAA
:10697000C25788C38320C11B0324811B13F57900F0
:106980008324411B0329011B8329C11A032A811A6D
:10699000832A411A032B011A832BC119032C811955
:1069A000832C4119032D0119832DC118396182806F
:1069B000014714030A07369793060010338B66418C
:1069C000232067ED63D597028A07180394003E974A
:1069D0003386A601B697032707EC9306F00F11A0A4
:1069E00098433387E64098C39107E39BC7FE054B66
:1069F000ADB5978700009387E7908C430149EF205E
:106A00001018E34E05D285090949E34690E29787BD
:106A100000009387678C8843D285EF20B0502A8A84
:106A200039BB938714003E8BBE8495B3180393172C
:106A30002A00BA97324783A707EC524B61173AC630
:106A400081EF93972400E1179400B697F117D44390
:106A50007D1A6117E5DE3AC6978700009387C787DE
:106A60008843B245EF00C070AA8AE3450AEE1317C7
:106A70002A001C1AB384E7009400978700009387CC
:106A8000677A3AC4338DE600268483AC070011A0F0
:106A90003E8D03250D007114EF30A010D685EF2038
:106AA000301F48C0E6855685EF20901E9800AA8AC0
:106AB0009307CDFFE31EA7FD930C010EE68A014468
:106AC000634E0B049787000093878775178D00002E
:106AD000130D8D72268C8843930D0000814B39A0D5
:106AE000110C6341740303250D00110D83250C0067
:106AF000850BEF20F019AA856E85EF20C020AA8DA6
:106B0000E3507BFF23A0BA01181A0504910A93876A
:106B1000C4FF63009702BE84E3560BFA930D000096
:106B200023A0BA01181A0504910A9387C4FFE3143D
:106B300097FE5257894763C8E702BA876347E01058
:106B4000224713050000B38BEC0099C325B5BE8B1B
:106B500083A50B00EF20201B9387CBFFE3997CFFDD
:106B6000E30809E019B552578D47E315F7E063597B
:106B70004017931A2A001C03D697930C010E138416
:106B8000CAFF03AB07F6669411A03E84832B040072
:106B9000DA855E85EF202017AA84AA855E85EF201E
:106BA0007038DA85EF20201648C004C09307C4FF70
:106BB000268BE39C8CFC854763D4471313142A006F
:106BC0001C03BE9A711483AA0AF6B3848C0011A028
:106BD000BE8403AB0400D6855A85EF20C0122A8AF2
:106BE000AA855A85EF201034D685EF20C011C8C081
:106BF00023A044019387C4FFD28AE39BFCFC1104C9
:106C0000A29C1305000083A50C00F11CEF20A00F2F
:106C1000E39B94FF8E561E57631F0908C25794C307
:106C2000D8C388C781BB9387F4FF18038A07BA9734
:106C300003A707EC1377F70723A0E7EC99B1A14767
:106C40003EDC02CC0DBA014B09B9A2471304000087
:106C50002285B38BFC0011A0BE8B83A50B00EF2017
:106C6000800A9387CBFFE3997CFF2A840E55A28587
:106C7000EF20502B631B0904C25780C363504003AD
:106C8000C41105448C4005049104EF20C007E35B68
:106C90008AFE63050900B70700803D8DC257C8C34F
:106CA000D1B952851C033384A701EF20106423203F
:106CB000A4EC268A55B34256B7070080BD8E3D8F9F
:106CC000A98F14C258C21CC675B1B70700803D8C8D
:106CD000C25780C3E34640FB7DBF1304000079B771
:106CE0001305000005BF01119317150022CC4EC6F5
:106CF00052C406CE26CA4AC856C285833707003218
:106D00002A84AE89328A63D6E700EF20105EA2871C
:106D100049CDA2852285EF20A077AA84AA85228565
:106D2000EF20007797870000938747518C432A898B
:106D30002685EF20E07597870000938767508C4386
:106D4000EF20501EA685EF20A07497870000938740
:106D5000674F8C43EF10307BA685EF2060739787D9
:106D600000009387674E8C43EF20D01BA685EF2051
:106D70002072978700009387674D8C43EF10B0789F
:106D8000AA8A631E0A02AA852685EF20607097876B
:106D900000009387E74B8C43EF20D018CA85EF2083
:106DA000206FA285EF103076AA87F2406244D24469
:106DB0004249B249224A924A3E85056182809777CC
:106DC0000000938727548C434E85EF20606C2A8AFD
:106DD000D6854A85EF20C06BAA855285EF20901496
:106DE000A685EF20E06ACE85EF20D01397870000BC
:106DF000938707468C43AA844A85EF206069AA8559
:106E00002685EF105070AA852285EF20B011AA8741
:106E100069BF01458280011122CC1314150026CAD6
:106E20004EC606CE4AC852C40580B7078050AA8411
:106E3000AA896346F402B707807F63C78716635C3D
:106E4000A018978700009387E7FA9C43F2406244BA
:106E5000D2444249B249224A3E8505618280B70741
:106E6000E03E6355F418B70700316344F4147D59CC
:106E7000A6852685EF20C061AA852A8AEF20406179
:106E8000978700009387473D8C432A84EF2040601A
:106E9000978700009387873C8C43EF10D066A285CC
:106EA000EF20005F978700009387873B8C43EF10AC
:106EB0009065A285EF20C05D978700009387873A91
:106EC0008C43EF105064A285EF20805C9787000010
:106ED000938787398C43EF101063A285EF20405BC6
:106EE00097870000938787388C43EF10D061D28555
:106EF000EF20005A97870000938787378C432A8AB0
:106F00002285EF20E058978700009387A7368C43AF
:106F1000EF205001A285EF20A057978700009387AC
:106F2000A7358C43EF201000A285EF20605697878D
:106F300000009387A7348C43EF20C07EA285EF200A
:106F40002055978700009387E7C18C43EF20807D11
:106F5000A285EF20E053AA855285EF10D05AA6856E
:106F6000EF200053FD57AA85630DF9060A0997879C
:106F700000009387E731CA978C4397870000938777
:106F800027303E99EF20007AA685EF20A079AA85C8
:106F900003250900EF200079AA87E3D909EA37071A
:106FA0000080B347A7005DB5AA85EF10D055AA872A
:106FB00071BD978700009387E7298C43EF10B05489
:106FC00097770000938747318C43EF20403BA6879B
:106FD000E35FA0E8A5BD978700009387A7E29C43E5
:106FE000B5B52685EF200074AA878DB54D28B70763
:106FF000983FAA846350F404B707303F6355F40800
:10700000AA85EF105050977700009387E72C8C43A8
:107010000149EF20207197870000938727B48C43A4
:107020002A842685EF10304EAA852285EF20400461
:10703000AA843DBDB7071C40635CF40217840000BE
:10704000130404B20C400949EF20C06D0C402A8A99
:107050002685EF20E043977700009387E7278C434E
:10706000EF10704AAA855285EF208000AA8409B5E6
:1070700097770000938707268843A6850D49EF1070
:10708000307FAA84F5B3177400001304E4240C4085
:107090000549EF2020692A8A0C402685D1B70605CC
:1070A00005818280011126CA93141500858022CCA7
:1070B00013D474014AC806CE4EC652C456C2130435
:1070C00014F8D9472A8963CB87082A8A634D0404B8
:1070D000B70A80009384FAFFB3D48440B3F7A400C6
:1070E000AA8985CB978700009387C7168C43EF103A
:1070F000904193050000EF208028635CA000635658
:10710000090033D48A40330A240193C9F4FFB3F948
:107110004901F24062444E85D2444249B249224A72
:10712000924A05618280978700009387A7128C435B
:10713000CA89EF10503D93050000EF204024E35A28
:10714000A0FC93090000E35609FCCA89F9D097779F
:1071500000009387271883A9070065BFB707807FC2
:10716000AA89E3E8F4FAAA85EF10F039AA8955B79D
:107170009317150085832A87B1C7411106C622C41B
:107180003706807F63F9C702B376C5002E8485EE8B
:10719000978700009387C7108C43EF20602FD1772B
:1071A000938707CB2A876349F4069357754193F772
:1071B000F70F9D1711A8AA85EF10F034B2402244B2
:1071C000410182808280DD83A2979306E00F63CC29
:1071D000F6006349F002A95663D8D704B1679387D4
:1071E000073563D28706978700009387A7068043F9
:1071F000BA852285B128A285EF208029B240224499
:1072000041018280B2402244370780807D17798D0A
:10721000DE075D8D41018280978700009387870894
:107220008C43EF20E02659BF178700001307C707DC
:107230000C43370780807D17E507DE07798D5D8D6C
:10724000EF200025A5BF978700009387A70545B7C6
:10725000B707008013C7F7FF798DFD8D4D8D8280B4
:107260003708100001117D183377B80026CA33782B
:10727000D80093D4450113D34601131E37004EC6E0
:107280001357D5010E089357D60193F4F47F137367
:10729000F37F06CE22CC4AC893D9F50193DEF601DE
:1072A0003367C701131F350033E80701931F36000A
:1072B000338E64406380D9196356C0136304031C82
:1072C000B70680009307F07F3368D800638FF436E9
:1072D0009307800363C0C735FD4763CDC7471305D8
:1072E00000023305C541B3D7CF01B316A8003399C7
:1072F000AF00DD8E33392001B357C80133E92601D1
:107300001D8F33092F41B3372F013306F7409317F1
:10731000860063D40724370780007D173374E600A6
:10732000630C042C2285EF209056130785FF9307EA
:107330000002998FB357F9003316E400D18F331947
:10734000E9006341972A33059740130615007D47EE
:10735000634DC73813070002118FB356C9003319A4
:10736000E9003397E700558F33392001336927014E
:1073700033D6C70081449377790081CF1377F90022
:1073800091476308F70013074900333927014A96EC
:107390003A899317860063D6071C13851400930758
:1073A000F07FCE856304F520B70780FFFD17F18FCE
:1073B0009398D70113593900A607B3E82801B18380
:1073C0001375F57F9396C7005205F2406244B1826F
:1073D000FE05C98ECD8ED2444249B2494685B68556
:1073E00005618280631E0E0A138314001373E37F0A
:1073F00063170322B367E701B368F801639D041ABA
:1074000063870740638608443309FF41B307074198
:1074100033362F013386C7409317860063D6074C57
:107420003389EF41B307E84033B62F013386C740B5
:10743000F68991B76350C00F6300030CB706800054
:107440009307F07F3368D800638AF43A9307800388
:1074500063CBC713FD4763DFC73513090EFE9307E0
:107460000002B3562801630AFE0013090004330921
:10747000C94133192801B3EF2F013339F0013369C2
:10748000D90031A2B367F801638A071C9307FEFF96
:10749000638C07389306F07F6309DE1A3E8E0DBDBC
:1074A000B305934063910422B367E7016387073212
:1074B0009387F5FF638107449306F07F638CD520A3
:1074C000BE859307800363CCB72AFD4763CFB73CE3
:1074D000930700028D8F3319F700B356BF00B3171F
:1074E000FF003369D900B337F0003357B700336971
:1074F000F9003308E84041ACB367F8016380073412
:107500009307FEFF638A07209306F07F6308DE2E51
:107510003E8E2DBF631E0E149386140093F7E67FF4
:1075200063910734B367E7016395042C6380073EDA
:10753000B367F801638E07303309FF01B307070112
:10754000333FE9013386E7019317860063D70700CD
:10755000B70780FFFD177D8E854493777900E39F01
:1075600007E09317D60193583900B3E8F800935712
:1075700036001307F07F638DE404B207B18313F57F
:10758000F47FCE8581B53369F801333920017A99CA
:10759000B337E9013386E70093178600E3DF07FA84
:1075A00085049307F07F6396F418CE851305F07F6A
:1075B0008147814801BDC1EB6384083A93163600C8
:1075C0009317D8018D82B3E8D700F6899357380016
:1075D000B3E7F800F9DB81451305F07FB707080032
:1075E0008148CDB3370680FF7D167D8E9377790075
:1075F000998CE39507D8B5B74A85EF205029130732
:107600008501FD47E3D5E7D2130685FFB317C9000F
:10761000014905BB3369F80133392001DDB1330974
:10762000FF413306074133342F013304864093175B
:10763000840063CD0724B3688900E39308CE8147B3
:10764000814981441DBFE39808F80E059317D701BF
:107650000D81B3E8A700935737009DBF0E05931720
:10766000D7010D81B3E8A700F2849357370011B713
:107670003305934063820412B70680009307F07FBE
:10768000558F630DF32E9307800363CBA720FD472F
:1076900063C3A72A93070002898F3319F700B356F3
:1076A000AF00B317FF003369D900B337F000335789
:1076B000A7003369F9003A987E99B337F901338608
:1076C00007019A84D1BDB70680009307F07F558FDC
:1076D000E319F3DE931736008D839318D801B3E8CE
:1076E0001701F68993573800E5B5130715FE930681
:1076F000000233D7E700630AD600930600043386FE
:10770000C6403396C7003369C90033392001336955
:10771000E9000146814491B53309FF01B307070130
:107720003336E9013E96931786008544E3D707E296
:107730008944B70780FFFD17F18F1357190013799C
:107740001900336927019398F70133E9280113D60B
:10775000170015B113090EFE93070002B356280156
:10776000630AFE00130900043309C94133192801D3
:10777000B3EF2F013339F0013369D90059B63369BA
:10778000E7013339200133892F41B3B72F01330685
:10779000F8409A84F689A5BEB367E70163820718AB
:1077A0009307F5FF6384071C9306F07F6304D512EB
:1077B0003E85D1BD93070002B387C741B316F800D9
:1077C0003399FF0033D6CF01D18E33392001B3571F
:1077D000C80133E926013E975DBB931736008D83C0
:1077E0009318D801B3E81701AE8493573800F6898F
:1077F00049B3EDC33369F801E31F09DC0E059317A4
:10780000D7010D81B368F50093573700D1B3638179
:10781000080E931636009317D8018D82B3E8D7006F
:10782000F6899357380091BB3309FF41B3070741ED
:10783000333F2F013386E7418544D1BC0E059317B2
:10784000D7010D81B368F500F2849357370015B363
:107850000E059317D7010D81B3E8A70093573700A2
:1078600029BB9307F07FE382F6D43309FF01333657
:10787000E901B3070701B2979398F701135919006B
:1078800033E9280113D61700B684C1B93389EF4113
:107890003307E84033B62F013304C740F68949B4B3
:1078A0003369E7013339200101BD938705FE930653
:1078B0000002B357F700638AD50093060004B3852E
:1078C000B6403317B700336FEF003339E001336947
:1078D000F90055BD931736008D839318D801B3E88E
:1078E000170193573800EDB1B368C900E39708C694
:1078F0008147814959B13389EF41B307E84033B635
:107900002F013386C740F689854411B4931636009B
:107910009317D8018D82B3E8D70093573800B1B9D7
:10792000931636009317D8018D82B3E8D700AA8446
:10793000935738003DB9930705FE93060002B357ED
:10794000F700630AD500930600043385A640331779
:10795000A700336FEF003339E0013369F900A9BBA9
:1079600081451305F07FB7070800A9BC3309FF0163
:10797000B30707013336F9013E9675B39316360007
:107980009317D8018D82B3E8D7009357380089B197
:10799000397193D7450122DC4AD856D22A891394EB
:1079A000C50006DE26DA4ED652D45AD05ECE13F586
:1079B000F77F318093DAF501630B05109307F07FB1
:1079C000630BF514135AD9010E0433648A00370A85
:1079D0008000336A4401131B3900930415C001442D
:1079E000814B13D846011399C6001378F87FB288EB
:1079F0001359C90093D9F601630E08089307F07F65
:107A00006300F8041357D6010E09336927011308E0
:107A100018C0B70780003367F90093183600B384A5
:107A200004418145BD4733C83A0163E4871A97870B
:107A300000009387A7870A043E9410403E96028672
:107A40003367C90093841480631207101364240001
:107A500081488945C1BF1306F07F81470147B207BE
:107A6000F25062545206B1837E08D18FB3E707010A
:107A7000D2544259B259225A925A025BF24B3A8579
:107A8000BE852161828001481306F07FB707080098
:107A90000147F1B73367C9004DC7630809304A850C
:107AA00032C4EF20C05E2246130755FFF547930608
:107AB00085FF998F3319D900B357F60033E72701B3
:107AC000B318D60026959304353F8145A1BF336A8C
:107AD000240163030A0636C632C46306042A2285DB
:107AE000EF20E05A2246B246AA84130755FF754A92
:107AF000138B84FF330AEA4033146401335A49017B
:107B0000336A8A00331B69011305D0C0B304954062
:107B10000144814BF9B5336A240163180A002144FA
:107B2000014B9304F07F894B6DBD228A4A8B31440F
:107B30009304F07F8D4B75B51144014B8144854B07
:107B40004DB51364140081488545E9BD13643400C4
:107B50004A878D45C1BD630A052E8547898F9306E7
:107B6000800363DDF632014681470147CDBDCE86F5
:107B70008947638DF53A8D47E387F5F08547368869
:107B8000E383F5FE1385F43FE357A0FC93F77800F9
:107B90006396072893D638009317770063D80700B9
:107BA000B70700FFFD177D8F138504409307E07F23
:107BB000E3C3A7EA1316D70193179700B18333677E
:107BC000D6001376F57F61BDD6865287DA88DE85CA
:107BD00045B763614723630DEA20DA86FD145284BA
:107BE000014B9317870013D388013363F300935E2F
:107BF0000301B357D403131F0301135F0F0193D580
:107C00000601139E88003374D4033307FF02420435
:107C1000C18D63FBE5009A951386F7FF63EE652639
:107C200063FCE526F9179A95998D33D7D503C206DB
:107C3000C182B3F5D5033306EF02C205D58D63FBD0
:107C4000C5009A959306F7FF63E6652463F4C5249F
:107C500079179A95C20741645D8F9307F4FF3375D6
:107C6000F70093580701935F0E01B377FE00B3024C
:107C7000F502B386C540B383F80293D5020133867B
:107C8000AF021E962E963385F80363737600229515
:107C9000C168FD1893550601337616014206B3F804
:107CA0001201AA95469663E6B6126382B6123306AF
:107CB000CB408D8E333BCB00338B66411385F43F35
:107CC000630C6317B358DB0393550601337BDB0367
:107CD000B3061F03420B33EB6501637BDB001A9B8A
:107CE0009385F8FF636D6B20637BDB20F9181A9B8B
:107CF000330BDB40B356DB0342064182337BDB03AD
:107D0000330FDF02420B33666601637BE6011A968E
:107D10009385F6FF6367661E6375E61FF9161A966C
:107D2000C208B3E8D8009395080193D20801C18135
:107D3000B38EF5023306E641B385BF0293D60E013A
:107D4000B387F202BE95AE96B38F5F0263F4F6007E
:107D5000C167BE9FC165FD1593D70601ED8EC206B2
:107D6000B3FEBE00BE9FF696637FF6091A96938710
:107D7000F8FF6369661A6368F619630FF61BBE881D
:107D800093E8180011B54A85EF20603013075501BC
:107D9000F145930405022246B246E3DAE5D4130422
:107DA00085FF331A8900014B85B3328532C4EF2039
:107DB000002E13075501F146AA8722461305050236
:107DC000E3D6E6CEE1173317F6008148E5B9E37054
:107DD000CBEE729B3335CB011A95AA961305F7FFAC
:107DE0006378D30263E6B6106382D5102A87C1B5E3
:107DF000E3651BDF93551B009316FA0113541A0019
:107E0000CD8E7E0BF9BBE31DF6F7E38F06D6B9BF27
:107E1000E31ED3FCE378CBFD2A8751BD93F7F8002E
:107E20009146E389D7D693B7C8FF9386480093C796
:107E300017008D823E978DB381468547E34CA0FEA7
:107E4000FD58E31C05D0930410C085471385E44119
:107E5000B316A70033D6F8003395A800D18E33357A
:107E6000A000C98E13F676003357F70001CE93F7C2
:107E7000F60011466388C70093874600B3B6D70063
:107E80003697BE869317870063D807040546814757
:107E90000147F1B636877DBBB28779B3FD46E3D79C
:107EA000F6FA0556098E930600023356C70063881A
:107EB000D7009387E443B317F700B3E8F800B3366D
:107EC0001001D18E13F67600814701CE93F7F600AC
:107ED00011460147E392C7FA931797001316D7018B
:107EE000B18313D73600518F014695BEE370CBF0B6
:107EF000729B3335CB011A957917AA964DBBAE8884
:107F0000C5BBAE8631BD93171E0033BEC701729349
:107F10001A96F9183E8EE315F6E7E307DEC693E8F6
:107F200018009DB1BE88E30AF6FF99BD3688130696
:107F3000F07F8147014725B6E367DEFCBE88E3108A
:107F4000DEFE99B113D74501B7071000FD1713D80E
:107F500046011377F77F9308F07F33FEB700AA8EB0
:107F6000F58FFD81328F1378F87FFD82630E170342
:107F7000630D180129E3B368AE00631F08005D8E2E
:107F800001EE0143638C080421A8B3E8C70009434C
:107F9000639608046DD305A0638408046385D50245
:107FA00005438DCD7D531DA8B368AE00094363978B
:107FB0000802630AE802631408005D8E75D2E3913B
:107FC000D5FEE34FE8FC63490701E3EBC7FD630F10
:107FD000FE0001436374FE00F1D505431A858280DB
:107FE000EDFE7D53E5BF5D8E79DACDBFE36ADFFB41
:107FF0000143E3F5EEFFF5F175B739714AD813D9AE
:1080000045014ED652D456D29399C50006DE22DCE5
:1080100026DA5AD05ECE1379F97F2A8A93D9C9001D
:1080200093DAF501630D090E9307F07F6306F918E3
:108030001354D5018E09B36934013704800033E449
:10804000890093143500130919C08149814B13D756
:108050004601139AC6001377F77FB285135ACA00F8
:1080600013DBF601630B07109307F07F6303F7043C
:108070009357D6010E0A33EA4701130717C0B70713
:108080008000B367FA00931536003A99814833C7E8
:108090006A01BD463A851308190063E8361717765A
:1080A00000001306A6248A09B29983A60900B29695
:1080B0008286B367CA001309F97F6399071293E9AF
:1080C000290081458948E1B701479307F07F3704CC
:1080D000080081443204D20731807E075D8C598CC0
:1080E000A285F250625426854259D254B259225A7E
:1080F000925A025BF24B216182805A853E84AE84A3
:10810000C68B8947638DFB0E8D47E38FFBFA85474E
:108110002A87639EFB3881470144814465BF33E46D
:10812000A90061C036C632C4638C092A4E85EF109F
:1081300010762246B246AA87130755FF75449384EA
:1081400087FF198CB399990033548A003364340142
:10815000B3149A0013D746011309D0C0139AC6006E
:108160001377F77F3309F9408149814BB285135A60
:10817000CA0013DBF601E31907EEB367CA00B1C703
:10818000630F0A22528532C4EF10707022462A878C
:10819000930655FFF547930587FF958F331ABA006D
:1081A000B357F600B3E74701B315B6003309E9400A
:1081B0001309D9C08148E1BD33E4A90001ECA1490C
:1081C00081441309F07F894B59B593E91900814522
:1081D000854875BD4E84AA84B1491309F07F8D4B43
:1081E000BDB5914981440149854B95B593E9390065
:1081F000D2878D4869BD89475685E397FBF02A876A
:108200009307F07F01448144F1B5C16E1386FEFFF0
:1082100093D6040113DE0501F18CF18D33869502AE
:108220003383B6029358060133059E021A95AA9825
:10823000B382C60363F36800F692C16F1383FFFF36
:1082400033F5670093D30701B3F76800C2073373B0
:1082500066003E933306950293D80801B387A602C1
:10826000135F0601B3849302BE94FA94B38E760230
:1082700063F3F400FE9E416A9307FAFF935F0401E3
:10828000B376F400B3F9F4007D8EC1803384D50257
:10829000C209338FD401B299CE98B307DE02935E40
:1082A0000401B385BF02AE97BE9E330EFE0363F397
:1082B000BE00529EC1679385F7FF33F6BE006D8CFA
:1082C0004206229693DE0E01B305D502769E3385D3
:1082D000AF0213D40501B386D302AA96A296B38F38
:1082E000F30363F3A600BE9F41657D15B3F7A600B7
:1082F000C2076D8DAA97B3855800B3B93501FA97B7
:10830000B2953384370133B6C500B30EC40133854B
:10831000CE0033343401B3B7E701C18F33BECE0191
:1083200013D406013336C5003E943366CE009394D1
:10833000950032947E94B3E464002604935675014C
:10834000B3349000DD8193179500CD8C558CDD8C76
:108350009317740063DB070093D714008588931686
:10836000F401DD8CD58C058042899307F93F635970
:10837000F00893F6740081CE93F6F40011466388FA
:10838000C60093864400B3B496002694B684931630
:10839000740063D80600B70700FFFD177D8C9307B4
:1083A00009409306E07F63CFF60E93D63400931412
:1083B000D4012604D58C318093F7F77F21BB328519
:1083C00032C4EF10D04C93065501F1471307050254
:1083D0002246E3D1D7DC6115B317A6008145F9B376
:1083E000EF10F04A13075501F145930705022246A5
:1083F000B246E3D5E5D461153314AA00814499BB94
:1084000085469D8EB1E71309E941B3972401B3D4A2
:10841000D40033192401B337F000B3649900DD8C24
:1084200093F77400B356D40081CF93F7F40011464C
:108430006388C70093874400B3B49700A696BE84B0
:108440009397860063D8070485470144814459B156
:1084500013068003E341D6CC7D46E356D6FA055693
:10846000B307F640930500023356F4006387B60065
:108470001309E943B3172401DD8CB3349000D18C88
:1084800093F67400014499CA93F7F40011468146AB
:10849000E392C7FA139496003180F6068D80D58C4E
:1084A00081470DB99307F07F0144814425B142898A
:1084B0006DBD370710007D1701113373B70093D8D6
:1084C0004601758F935ED60122CC26CA0E0393D443
:1084D00045019357D5010E0706CE4AC84EC693F8FC
:1084E000F87F130EF07F33E7EE0093F4F47F13D49C
:1084F000F50133E36700131F3500FD82931E36003C
:108500006380C81993C61600B38514416305D4125D
:108510006351B018638B081AB70780005D8F6381C1
:10852000C4599307800363C4B734FD4763C5B74894
:10853000930700028D8FB3D9BE003318F700B39EA6
:10854000FE00336838013357B700B339D0013368C0
:1085500038013303E340B3090F41B3373F0133061A
:10856000F3409317860063D30724370980007D19F1
:1085700033792601630F092C4A85EF105031130718
:1085800085FF93070002998FB3D7F9003316E900EE
:10859000D18FB399E9006344972A058F130617001A
:1085A000FD4663C5C63A13070002118FB3D6C90052
:1085B0003398E9003397E700558F33380001B369EA
:1085C000070133D6C700814493F7790081CF93F632
:1085D000F90091476388F6009386490033B8360165
:1085E0004296B6899317860063D6071C138714003A
:1085F0009307F07F05886306F720B70780FFFD1714
:10860000F18F1398D70193D93900A6073368380141
:10861000B1831377F77F9396C7005207B1827E0428
:10862000D98EC18EF2406244D2444249B249428559
:10863000B685056182806356B00A638A0812B7075F
:1086400080005D8F6387C42D9307800363C7B718CD
:10865000FD4763D2B73C138805FE93070002B35968
:108660000701638AF50093070004B385B740331709
:10867000B700B3EEEE003338D0013368380195A26D
:10868000B367D7019385148099E393C61600630AF4
:10869000D404D1E19387140093F7E77F6399071E11
:1086A000B367E3013368D701639204166382073C22
:1086B00063160842131835009316D3011358380077
:1086C00033E806019357330019A2B367D7016385D6
:1086D000071A9387F5FF638B073A638CC523BE8522
:1086E00089B56399051C9386140093F7E67FC1EF63
:1086F000B367E30163900436638D0744B367D70122
:10870000639407460E051318D3010D813368A80042
:10871000935733006DA8B385984063970420B367DF
:10872000E301638D07309387F5FF638907401305E5
:10873000F07F6383A520BE859307800363C2B72AB9
:10874000FD4763C8B73C930700028D8F3318F300D1
:108750003356BF00B317FF003368C800B339F000C9
:108760003353B3003368380133076740B5ACB367A0
:10877000D701638307109387F5FF638F071E63801C
:10878000C52FBE85D1B59307F07F638BF606FA9EA1
:1087900033B6EE01B307E300B2971398F70193DE07
:1087A0001E00B369D80113D61700B68493F7790079
:1087B000E39F07E09317D60113D839003368F80018
:1087C000A685935736001307F07F6380E506B2074E
:1087D000B18313F7F57F05883DBD3367D701333883
:1087E000E000B309E801B3B7E901338667009317E6
:1087F0008600E3DD07FA85049307F07F639CF41895
:1088000005881307F07F8147014831B56391071050
:108810006301083C131836009317D701135838002A
:108820003368F800368493573700B367F800E9DB04
:1088300001441307F07FB70708000148E9BB37067A
:1088400080FF7D167D8E93F77900998CE39107D890
:1088500095B74E85EF10B00313078501FD47E3D2AE
:10886000E7D2130685FFB397C90081492DB333685A
:10887000D70133380001C5B1131835009317D30160
:10888000135838003368F800935733002DBFB309ED
:10889000DF413309E34033363F013309C9409317C1
:1088A000890063CA072033E82901E31508CC814712
:1088B000014431BFB385984063810414B70680003A
:1088C0009307F07F3363D3006381F820930780031D
:1088D00063CCB722FD4763C9B72C930700028D8F85
:1088E0003318F300B356BF00B317FF003368D80046
:1088F000B339F0003353B300336838011A97B30922
:10890000D801B3B7D9013386E700C684CDB5E311EA
:1089100008F2131835009317D30113583800336841
:10892000F8009357330011B7370580009307F07FA5
:108930003363A300E392F8E00E061318D7010D820B
:108940003368C800935737003684C5B505179306BA
:10895000000233D7E700630AD6009306000433868B
:10896000C6403396C700B3E9C90033383001B36954
:10897000E800014681441DBDB309DF01B307E300F0
:1089800033BFE9013386E701931786008544E3DFAF
:1089900007E08944B70780FFFD17F18F13D719004F
:1089A00013F81900336807019399F701B3E9090136
:1089B00013D6170011B9138805FE93070002B359A7
:1089C0000701638AF50093070004B385B7403317A6
:1089D000B700B3EEEE003338D00133683801A5BEDE
:1089E0003363E30133386000B3890E41B3B73E010E
:1089F0003306F740C6843684ADB6B367E3016387B8
:108A000007189387F5FF638C071C9306F07F638E2E
:108A1000D50ABE8565BD930700028D8FB3D9BE0010
:108A20003318F700B39EFE00336838013357B700A0
:108A3000B339D001336838013A9365B3131836005F
:108A40009317D7011358380033E80701368493573A
:108A5000370095BBBDCB3367D701E31B07DC0E05A1
:108A60001318D3010D813368A8009357330075BBE9
:108A7000E30F08E2131836009317D7011358380094
:108A80003368F80036849357370091B3B309DF4158
:108A9000B307E340333F3F013386E7418544D1B418
:108AA000131835009316D3011358380033E8060124
:108AB000935733009DBBB389EE413306674033B90A
:108AC0003E0133092641368475B40E061318D701CA
:108AD0000D823368C8009357370081BBB309DF416B
:108AE000B307E34033363F013386C7409317860010
:108AF00063D7070AB389EE41B3076740B3BE3E01AF
:108B00003386D7413684C9B43363E3013338600018
:108B1000FDB3138805FE93070002B3590301638A6E
:108B2000F50093070004B385B7403313B300336FE8
:108B30006F003338E001336838017DB5B389EE4109
:108B4000B3076740B3BE3E013386D74136848544C0
:108B500009BC131836009317D7011358380033682F
:108B6000F80093573700A5B1B309DF01B307E3005D
:108B700033BFE9013386E70193178600E3D807C2C4
:108B8000B70780FFFD177D8E85440DB10E061318C3
:108B9000D7010D823368C800935737002DB133E8F1
:108BA000C900E30608D019B1138805FE9307000237
:108BB000B3590301638AF50093070004B385B740F6
:108BC0003313B300336F6F003338E001336838017B
:108BD0003DB301441307F07FB70708002DBCB3096C
:108BE000DF01B307E300B3BED9013386D70169BB08
:108BF00013D74501B7071000FD171347F7FF13D828
:108C00004601FD8DF58F931657011378F87F99CAA9
:108C10001307F07F01456303E8008280D18F33356D
:108C2000F0008280C98D0545E5D5828093D7450146
:108C3000B70610001387F6FF93F7F77F1306E03FA0
:108C40006D8FFD81635CF6001306D041635AF60018
:108C5000370500801345F5FF2E95828001458280FF
:108C6000130630431D8E7D48558F635DC800930603
:108C70003041B387F640B357F7003305F040E5F1D4
:108C80003E8582809387D7BEB317F7003355C50062
:108C9000C98FE5B7411106C622C426C20DCD935730
:108CA000F541B3C4A7009D8C2A842685EF10203E91
:108CB0009306E041898EA9477D8093F6F67F63CDC8
:108CC000A7022D47098FB3D7E4005505B207B39427
:108CD000A400B18329A00144814681478144B207A1
:108CE000D206B1837E04D58FC18FB240224426853F
:108CF000BE859244410182805515B397A400B20706
:108D0000B1838144E9BF4111370780007D1713D833
:108D1000750126C2935475013373A70093F4F40FC1
:108D2000B376B7004AC01378F80F1359F50106C699
:108D300022C4FD819A8726854A86131E3300939E9E
:108D40003600B3880441630AB90E6350100D630402
:108D500008149307F00F638BF414B7070004B3EE05
:108D6000FE00ED4763C1172993070002B38717413F
:108D7000B397FE00B3D81E01B337F000B3E7F80095
:108D8000B307FE4013975700635E071837040004CB
:108D90007D147D8C2285EF10802F6D15B317A400F4
:108DA0006348951A058D1304150013070002018FFF
:108DB0003397E7003337E000B3D78700D98F81447A
:108DC00013F7770019C713F7F70091466303D7002D
:108DD000910713975700635B071485041307F00F7F
:108DE0004A866383E4169A07A58313F5F40FB2400D
:108DF0002244A6079314750113D59700458D7E066E
:108E000092440249518D410182806399080A138777
:108E100014001377E70F6317071463900422630DA0
:108E20000E1EE3860EFCB307DE4113975700635016
:108E30000722B387CE412E8961B7635C100B630EA6
:108E400008089307F00F6383F406B7070004B3EE36
:108E5000FE00ED4763C9171F93070002B387174150
:108E6000B397FE00B3D81E01B337F000B3E7F800A4
:108E7000F297139757006357070A85041307F00FFB
:108E80006384E40CB706007E13D71700FD16858BAC
:108E9000758FD98F35B7638D0E08FD18B307DE4186
:108EA000E38208EE9307F00FE39DF4EA630D0308F5
:108EB00001461305F00FB707400015BF3307984070
:108EC000EDE863020E147D17630807189307F00F8F
:108ED0006319F80E2E893683D1BF638B0E04FD18FB
:108EE000B307DE01E38708F89307F00FE393F4F686
:108EF00075BF63950808850413F7E40F6313071221
:108F000063170510630F0E14E3830EEEB307DE0143
:108F100013975700814463570700370700FC7D17FC
:108F2000F98F854413F77700E31F07E813D3370061
:108F30009307F00FE38CF4F693179300A58313F5D2
:108F4000F40F4A866DB54A861305F00F814745B583
:108F5000370700FC7D17F98F13F77700898CE3142E
:108F600007E6E9B73304DE419317540063C3070CE7
:108F7000E31204E201460145814795BD330798405D
:108F8000ADC49307F00FE308F8F4B7070004336E9D
:108F9000FE00ED4763CCE70C93070002998FB317EF
:108FA000FE003357EE00B337F000D98FF697C28436
:108FB000C9B59307F00FE30FF8F0B7070004336E5D
:108FC000FE00ED4763C3E70893060002998EB316CF
:108FD000DE00B357EE003337D000D98FB387FE40A1
:108FE000C2842E8945B3854761BB630E0E067D178B
:108FF000B307DE01C284E30E07E69307F00FE31A1E
:10900000F8F8368365B53683C2842E8915B7E30434
:109010000EECE38D0EE869BD638D0E022E86B687D9
:10902000F9B39307F00FE381F4F2B307DE01858310
:10903000D5BD3384CE412E89B1BBE31C0EFCE38940
:109040000EE62E8949BD854725B5854741BFE39B7F
:1090500007EC0146814761BBB387CE41C2842E89AC
:1090600015B3B68769B33683C284D9B585473DBF8A
:109070003971935775014AD856D25ECE931A95002E
:109080001359F50106DE22DC26DA4ED652D45AD028
:1090900093F7F70F93DA9A00CA8B638207121307CC
:1090A000F00F6384E7128E0A37070004B3EAEA0080
:1090B000138A17F80144014B93D7750193949500D7
:1090C00093F7F70FA58093D9F501FDC71307F00FAC
:1090D0006387E7028E04938717F837070004D98C5B
:1090E000330AFA408146558C17670000130707249E
:1090F0000A043A941C4033493901BA978287130A0B
:109100001AF0F9E88946558C1767000013070726FF
:109110000A043A941C4033493901BA9782870149BD
:109120001307F00FB707400013959700F2506254F1
:109130009317770125817E095D8D33652501D25412
:109140004259B259225A925A025BF24B21618280F3
:109150001307F00F8147C9BFA68ACE8B368B89478C
:10916000630BFB1A8D47E30CFBFA8547630AFB0A86
:109170001307FA0713F91B006357E01293F77A00FD
:1091800099C793F7FA0091466383D700910A9397A2
:109190004A0063D90700B70700F8FD17B3FAFA00D1
:1091A00013070A089307E00FE3C4E7FA93976A00EE
:1091B000A5831377F70F8DBFB9E48546A9B76394EC
:1091C0000A021144014A054BC5BD63990A002144B6
:1091D000130AF00F094BCDB58D4631B73144130A50
:1091E000F00F0D4BD1BD56852EC6EF00506A930788
:1091F000B5FFB39AFA009307A0F8338AA740014459
:10920000014BB24555BD2685EF0070681307B5FFC9
:10921000B307AA00B394E400138A67078146E1B557
:1092200013F91B000147814701B7416613955400AC
:109230007D1693570501698E63FA9A0AB3D5FA022F
:109240007D1AD68601473388C502B3F6F602C206F8
:10925000558F637B07012A979386F5FF6368A70AFA
:109260006376070BF9152A9733070741B356F702C0
:109270003377F702B38AC6029317070163FB5701DE
:10928000AA971387F6FF63E1A70863FF5707F9164C
:10929000AA97C205B38A5741D58DB33A5001B3EAB4
:1092A0005501CA8BF1B58546998E11C76D460147A8
:1092B0008147E34BD6E6130AEA09339A4A01B3D74A
:1092C000DA00B33A4001B3E7570113F7770019C743
:1092D00013F7F70091466303D700910713975700E0
:1092E000634807029A07A58301473DBD93D61A003C
:1092F000B3D5F6021397FA0141833388C502B1B79B
:10930000CE8B368B814AA1BDBA8661B7B685A9BF1F
:109310000547814711BD13F91B001307F00F814763
:1093200021B593567501B7078000FD1713D6750157
:1093300093F6F60F1308F00FB3F8A7001357F501D3
:10934000ED8F1376F60FFD81638406031305F00F8E
:109350006304A60205456383C6008280E39FF8FE8E
:109360000145E30CB7FE0545EDFA33351001828067
:109370000545E38D08FC82800545E9DF8280935630
:109380007501B7078000FD1713D6750193F6F60F28
:109390001308F00FB3F8A7001357F501ED8F1376FC
:1093A000F60FFD8163810603630C06018DE211E275
:1093B000B1C3638E08026305B70405451DE78280CB
:1093C000F5D779558280E39E08FE6309D60211E243
:1093D000EDD7E314B7FEE342D6FE63C7C600E3EE63
:1093E00017FD0145E3FDF8FC01E77D558280F5DDC1
:1093F000054582800145E39208FC8280F9DBD1B704
:109400008146E1BF93567501B7078000FD1713D65B
:10941000750193F6F60F1308F00FB3F8A700135772
:10942000F501ED8F1376F60FFD816387060363095F
:10943000060185EA11EA89EB0145639B08008280F9
:109440000945F5FFE5DA31A8638C08026300B7042B
:10945000054575D77D5582800945639808026304E8
:10946000D60211E2F5D7E315B7FEE343D6FE63C794
:10947000C600E3EF17FD0145E3F3F8FC19E3D9BF9C
:10948000F1D905458280E5D3828082808146C5B7C7
:10949000797122D4135475014ECE52CC9319950094
:1094A00006D626D24AD056CA5AC81374F40F93D996
:1094B0009900135AF50169C49307F00F6308F40E7D
:1094C0009397390037070004B3E9E700130414F851
:1094D0008144014B13D77501939A95001377F70FC9
:1094E00093DA9A0013D9F50145CF9307F00F630C77
:1094F000F7028E0A130717F8B7070004B3EAFA0059
:109500003A94014633452A01BD47AA8693051400C3
:1095100063E2971017670000130747E98A04BA94BB
:109520009C40BA9782871304F40F63980A0C93E463
:1095300024000946C1BF01451307F00FB7074000DB
:10954000B2502254A6075E07A5837E05D98F925498
:109550000259F249624AD24A424B5D8D456182808E
:10956000CA86D689328B89476301FB0A8D47E3049B
:10957000FBFC854736856312FB1A01478147C9B753
:10958000639E090413D77501939A95001377F70F1B
:1095900091440144054B93DA9A0013D9F50131F750
:1095A000639D0A0093E414000546A9BF6393090272
:1095B000A1441304F00F094B31BF5685EF00302D45
:1095C0009307B5FF098CB39AFA001304A4F8014677
:1095D00015BFB1441304F00F0D4BEDBD4E852EC6E3
:1095E000EF00F02A9307B5FF1304A0F8B399F90030
:1095F000098C8144014BB245F1BD93E434000D4622
:1096000011B78947D286E313FBF636851307F00FAF
:1096100081473DB741639306F3FF13D6090193D801
:109620000A01B3F7D900B3FADA0033885703B389D4
:10963000F80213570801B30A5603D6994E9733061A
:109640001603637357011A96C167FD17B376F700C7
:109650003378F800C206C2969399660093570701C3
:10966000B3393001E982B2979A07B3E6D900B3E97A
:10967000D7009397490063D9070013D7190093F7D0
:109680001900B369F7002E841307F4076350E00450
:1096900093F7790099C793F7F90091466383D70050
:1096A00091099397490063D90700B70700F8FD17A0
:1096B000B3F9F900130704089307E00F63CBE7043D
:1096C00093976900A5831377F70F9DBD8547B386F0
:1096D000E74011C76D4601478147E343D6E61307CC
:1096E000E4093397E9003337E000B3D7D900D98FC5
:1096F00013F7770019C713F7F70091466303D700F4
:10970000910713975700634C07009A07A5830147F9
:1097100005BD1307F00F814725B52E84B5B7054762
:10972000814739BD3707800041117D179356750178
:1097300013D87501B377A70093F6F60F935EF50182
:109740003376B70026C24AC01378F80F06C622C483
:109750001303F00F3E8E3689F684139F3700FD8188
:1097600013153600B38806416303681093C51500CE
:10977000638DBE106355100D631108106305051E3F
:10978000FD18B307AF40638608029307F00F6389A3
:10979000F616ED4763C81729130700023307174170
:1097A0003317E500B35715013337E000D98FB307FE
:1097B000FF40139757006352071A370400047D14C3
:1097C0007D8C2285EF00B00C6D15B317A400634E9D
:1097D000251B330525411304150013070002018FD3
:1097E0003397E7003337E000B3D78700D98F0149BB
:1097F00013F7770019C713F7F70091466303D700F3
:10980000910713975700635E071493061900130717
:10981000F00F93FE14006386E6169A07A58393F66D
:10982000F60FA607B240224413D59700DE069397A1
:10983000FE01558D924402495D8D41018280639203
:10984000080A138716001377E70F631B0714639446
:10985000062263020F2071D5B307AF40139757005C
:1098600063550722B307E5410149AE8451B7E30FC1
:1098700005EE638ABE0AE35410FD9307F00F63817F
:10988000F608B70700045D8D29B7635E1009630110
:1098900008089307F00F6385F606B70700045D8D8F
:1098A000ED4763C0171F1307000233071741331733
:1098B000E500B35715013337E000D98FFA971397B6
:1098C0005700635C070805091307F00F630BE90AEB
:1098D000B706007E13D71700FD16858B758FD98FBD
:1098E00001BF3307D84063950610630D0F147D1731
:1098F0006303071A9307F00F6314F810AE84328ED7
:10990000630F0E06814E9306F00FB707400011BF9C
:1099100039C9FD18B307AF00E38308FA9307F00FC6
:10992000E390F6F8F1BF63990808138916001377DE
:10993000E90F63160712639B061063030F16E30219
:1099400005EEB307AF0013975700014963570700AF
:10995000370700FC7D17F98F054913F77700E31CE3
:1099600007E813DE37009307F00FE30BF9F89317BE
:109970009E00A5839376F90F93FE14005DB593FEC8
:1099800014009306F00F814769BD370700FC7D176F
:10999000F98F13F777003309A940E31E07E4D1B725
:1099A0003304AF409317540063C3070CE31B04E078
:1099B000814E81468147B5B53307D840B5C6930778
:1099C000F00FE30EF8F2B7070004336FFF00ED4726
:1099D00063CDE70C93070002998FB317FF0033574D
:1099E000EF00B337F0005D8FB307A7004289C1BD18
:1099F0009307F00FE304F8F0B7070004336FFF009C
:109A0000ED4763C2E70893070002998FB317FF0081
:109A10003357EF00B337F000D98FB307F5404289D1
:109A2000AE8441BB854761B3630E0F067D17B30754
:109A3000AF004289E30507E89307F00FE319F8F850
:109A4000328E7DBD328E4289AE8431BFE3090FEA8A
:109A5000E30805EA45BD0DCDAE8EB287D9B39307B5
:109A6000F00FE300F9F2B307AF008583FDB53304CF
:109A7000E541AE84B9B3E31D0FFCE30505E8AE8410
:109A8000BDBD854725BD854749BF0149E39707EC23
:109A9000814E814779B3B307E5414289AE8411BB5A
:109AA000B28741B3328E42897DBD054735BF93569B
:109AB0007501B7078000FD1713D6750193F6F60FF1
:109AC0001308F00F33F7A7001376F60FED8F638BB3
:109AD00006011307F00F01456303E600828033356A
:109AE000F0008280054575D78280370680001357C5
:109AF00075019307F6FF1377F70F9305E007B3F6A9
:109B0000A7009357F50163FCE5009305D00963FABC
:109B1000E500370500801345F5FF3E95828001453D
:109B2000828093055009D18E63CDE500130660094C
:109B30003307E64033D7E6003305E040F5F33A85D6
:109B400082801307A7F63397E600FDB71357750118
:109B5000370680009307F6FF1377F70F9305E007AA
:109B6000B3F6A7009357F501014563F4E50099C3E7
:109B7000828082809307E0097D55E3EBE7FE930541
:109B80005009B3E7C60063D7E5001307A7F633957E
:109B9000E7008280130560093307E54033D5E7000D
:109BA0008280411106C622C426C20DCD9357F541CD
:109BB00033C4A7001D8CAA842285D1299307E0090C
:109BC0003387A74093076009FD8063CCE702A14675
:109BD0009377F70F63D5A60061153314A40026040C
:109BE000258021A081448147014426041355940017
:109BF000B2402244DE07FE045D8D458D9244410152
:109C000082809307900963DDE7009307B5019546CD
:109C1000B317F400898E3354D400B337F0005D8C51
:109C2000954763D6A7009307B5FF3314F400B70632
:109C300000FCFD16937774003376D40085C39377C8
:109C4000F4009145638CB70011069317560063D753
:109C500007009307F009758E3387A7401314660039
:109C600025809377F70F51B7411106C622C415CD51
:109C70002A8431299307E0093387A74093076009B5
:109C800063C0E704A1469377F70F63D5A60061157B
:109C90003314A40026042580260413559400B240F2
:109CA0002244DE075D8D4101828001442604135564
:109CB0009400B24022448147DE075D8D41018280DD
:109CC0009307900963DDE7009307B5019546B31745
:109CD000F400898EB337F0003354D4005D8C95477F
:109CE00063D6A7009307B5FF3314F400B70600FC52
:109CF000FD16937774003376D40085C39377F40010
:109D00009145638CB70011069317560063D707007F
:109D10009307F009758E3387A740131466002580DA
:109D2000260413559400B24022449377F70FDE07C0
:109D30005D8D41018280411106C622C426C24AC0FF
:109D4000B367B500B1C72E84AA8413D9F50163C2E5
:109D500005062DC82285252E1307E00B098F130653
:109D60005002B307A640138607FE634D060C335618
:109D7000C4009305B5FF9306B50163CF050C33947A
:109D8000B4008146C18EB336D000B364D60099A822
:109D9000014901470145B240224426059317770146
:109DA00025811317F9015D8D92440249598D4101B6
:109DB00082803305A040B337A0003304B0401D8C2F
:109DC000AA8449F82685E124AA871307E00B130526
:109DD0000502098F9306600963DAE6049307900988
:109DE000E3CFE7F693075002A68663D6A700930752
:109DF000B5FDB396F400370600FC7D1693F57600AA
:109E0000B3F7C60091CDBD8A9145638BB60091072B
:109E10009396570063D606001307F00BF18F098F56
:109E20001395670025811377F70FB5B79306800266
:109E3000E1171377F70F63DDA6023395F4002605CB
:109E4000258191BF7D461D8E93161400B396C600E2
:109E500033D6F400558E31BFFD45958D93D7140050
:109E60003314D400B3D7B7005D8CB396D40019BFB8
:109E700013959400258105B7135775011377F70FD4
:109E800041119307170022C426C21314950006C679
:109E900093F7E70F25809354F50185C79357340056
:109EA000130707387604B2075207B1831395F401FC
:109EB000D98FC98FB240228522449244BE85410188
:109EC000828005EB39C42285D922A94763C6A7043D
:109ED0002D47098F930755013357E4003314F400DD
:109EE0009317C70013079038098FB1831377F77F53
:109EF0005DBF01CC13573400B7070800D98FB207F4
:109F00007604B1831307F07F79BF1307F07F814791
:109F100059BF0147814741BF130755FF3317E4007D
:109F200001447DBF93D645019397C50093F6F67F14
:109F3000B183138616008E071357D5011376E67F7B
:109F4000FD815D8F9318350035CE138806C89307C1
:109F5000E00F63DD07018147139597009306F00F2B
:109F6000DE062581FE05558D4D8D82806355000BE3
:109F7000931765000E07B337F000D98F93D8D80137
:109F8000B3E7170113F777006301071013F7F70022
:109F900091466303D7009107370700047D8F75C78B
:109FA000130718001306F00F9376F70FE305C7FAAF
:109FB0009A07A58313959700DE062581FE05558D2A
:109FC0004D8D8280B367170199EE85CF95479A072B
:109FD000A5831395970093F6F60FDE062581FE05FF
:109FE000558D4D8D8280A5DBB707400013959700F6
:109FF0009306F00FDE0681452581FE05558D4D8DBA
:10A0000082808147139597008146DE062581FE05F3
:10A01000558D4D8D8280A5576348F804F947370662
:10A020008000B38707417D45598E6351F504795708
:10A0300033070741130500023357E6006388A70082
:10A04000938626CAB316D600B3E8D800B3371001FA
:10A05000D98F13F77700014815FB139757008546F2
:10A06000E34807F48146A5B781468DB7938626C895
:10A070003397D8003337E000B316D600B3D8F800D2
:10A08000B367D700B3E7F800E9B7C28689B7C167FD
:10A09000637CF5029307F00F1307000263EBA70040
:10A0A0009757000093878734AA9788233305A740E2
:10A0B000828021819757000093874733AA9788238E
:10A0C00061473305A7408280B7070001636DF50043
:10A0D00061819757000093876731AA9788232147AA
:10A0E0003305A7408280418197570000938707304E
:10A0F000AA97882341473305A74082802946814596
:10A100006F10401A9387818188438280B3C7A5006E
:10A110008D8B3307C50081E78D4763EDC700AA87A4
:10A12000637EE508942185078505A38FD7FEE3EBC1
:10A13000E7FE828093763500AA8789CA9421850735
:10A140008505A38FD7FE93F63700C5BF9376C7FF6B
:10A15000138606FE63F0C70683A3050083A24500AD
:10A1600083AF850003AFC50083AE050103AE450193
:10A1700003A3850183A8C5019385450223A0770029
:10A1800003A8C5FF23A2570023A4F70123A6E701D4
:10A1900023A8D70123AAC70123AC670023AE170168
:10A1A0009387470223AE07FF75B79041910791054A
:10A1B00023AEC7FEE3EBD7FEE3E6E7F68280397114
:10A1C0003EDA2ED232D436D63AD842DC46DE9387F7
:10A1D000818122CC804326CA06CEAA8411C41C4C9D
:10A1E00081E72285EF1020550C44541026862285E5
:10A1F00036C6EF20B078F2406244D24421618280BA
:10A2000001119387818122CC804306CEAA8501C8A3
:10A210001C4C91E72AC62285EF10E051B24510444C
:10A2200022856244F24005616F30B00C011126CAEC
:10A230004AC806CE22CC4EC652C4AA842E8909C56D
:10A240001C4D99E3EF10204F9C4C804481E72685FC
:10A25000EF10604E975700009387C735631CF402D8
:10A26000C0405E24A18BB9C71C48A9C7FD59294A23
:10A270001C4483450900FD17A1ED1CC463D00708E9
:10A280002286A9452685EF10C003FD576309F50214
:10A2900029453DA0975700009387C7336314F40006
:10A2A0008044C1B7975700009387C72EE31BF4FA89
:10A2B000C04445BFA2852685EF10C00F45D97D5506
:10A2C000F2406244D2444249B249224A0561828046
:10A2D0001CC4050963D70700184C63CAE7006388EC
:10A2E00045011C401387170018C08CA351B7228664
:10A2F0002685EF00107DE31D35F7D1B71C4013878D
:10A30000170018C0294798A361B793878181AA8550
:10A3100088436FF0BFF171713ED39307402006C7A9
:10A320002EC632CD36CF3AD142D546D72312F102CE
:10A330002ACC2AD4112297070000938707063EDE15
:10A34000FD57B2452313F102938781812ACE2AD685
:10A35000884334092E862C0882C682D036CAEF2064
:10A36000D020BA404D618280411122C42E84839551
:10A37000E50006C6EF303000634905007C48AA9727
:10A380007CC8B2402244410182805E247D777D17E3
:10A39000F98F5EA4FDB701458280DE25011122CC34
:10A3A00026CA4AC84EC606CE93F70710AA842E8442
:10A3B0003289B68999C78395E50089460146EF1031
:10A3C000D0445E247D777D17F98F5EA48315E40069
:10A3D0006244F240CE864A86B24942492685D2443A
:10A3E00005616F00D079411122C42E848395E50068
:10A3F00006C6EF109041FD575A24631AF500FD7709
:10A40000FD17F98F5EA4B240224441018280856726
:10A41000D98F5EA468C8C5BF8395E5006F10800919
:10A4200093F5F50F1C2191C76393B7008280050552
:10A43000D5BF91C101458280AA87850703C7F7FF71
:10A440006DFF3385A7407D15828018219C2101E78F
:10A4500091C301458280814739A01C311307150043
:10A46000EDDB81473A853387F500182365D7B306BE
:10A47000F5009422E393E6FE85072A87E5B70111EC
:10A4800022CC2A872E843A85A28532C606CEEF20BA
:10A49000C03932462A88AE8805C651801374F47FCD
:10A4A0009307B006818F635DF000D2073707F03F56
:10A4B00001483E974286BA86EFD03FB42A88AE88DC
:10A4C000F24062444285C6850561828035714AC981
:10A4D0002A89368532D436C606CF22CD26CB4EC742
:10A4E000EAD8EED62E8D52C556C35AC1DEDEE2DC66
:10A4F000E6DA82C8EF101031AA8D08418144014488
:10A50000EFF09FF3B246AA89EAC635469305B0023A
:10A510001305D00213080002A548B6479823636BC1
:10A52000E608637F170955C702C8364A9307000338
:10A53000814A03470A00631BF71283471A00130777
:10A5400080056388E70013068007130700036396FE
:10A55000C710C24736889808D4081756000013065B
:10A5600066FEEC004A85EF10C03F93797500AA8A19
:10A570006388090099476397F906050AD2C602C89D
:10A58000A25781C7B64722571CC3C247B9C7B705F0
:10A590000080A18DFA406A4426854A49DA44BA49C6
:10A5A0002A4A9A4A0A4BF65B665CD65C465DB65D03
:10A5B0000D6182806309B7006303A702E31607F702
:10A5C0008507BEC699BF02C813871700BAC69C3359
:10A5D000A9FFA257EAC602C8D5F7A28565BF0547FD
:10A5E0003AC8DDB7464611CA93055003A808EF20C4
:10A5F000E047C6454A85EF10503FFD19914763EE8D
:10A60000370117570000130767EE8A09BA9983A725
:10A610000900BA978287E644764493FA8A00E38178
:10A620000AF6B70700805D8CA1BFF6453704F0FF3E
:10A630007D14B3F785005644E64413043443931560
:10A64000440133E4B700D1BF3704F07FF9B7B70551
:10A65000008013C4F5FFFD54C9B7B64793861700B1
:10A66000B6C69C33E38BE7FE81DF854AB64C014AD0
:10A67000814B014CA546A145A9473645034B050032
:10A6800013070BFD1376F70F63FDC60483A50D00BA
:10A690004E86EF30C05C3DC1DA87E28D8146014BCA
:10A6A0000145130750066387E700130750048149EB
:10A6B0006395E71663960D00B3E7560199DB814D6C
:10A6C000364D1307B00293071D00BEC683471D0019
:10A6D000638FE70C1307D00201486390E70E05482B
:10A6E000C1A863C98501B38BFB02BA9B0505050CA4
:10A6F000AAC661B7330AFA023A9ACDBF36458146F7
:10A700004E95AAC61C21630B0C06014BE28D1387E4
:10A7100007FD25466375E602054561B7B647850620
:10A7200013861700B2C69C33E38AE7FE1387F7FC53
:10A730002146E366E61EB64C368B814D81469387F3
:10A7400007FD1387160085C73A9B3385B6016E87D0
:10A750002148C14829466316A702850DB69DA1462A
:10A7600063CEE6022947B38BEB020147BE9BB64797
:10A7700093861700B6C69C33BA8651BF13070003F1
:10A7800065B7930517006346E800B38BCB022E87AD
:10A79000D9B7E3CEB8FE330ACA02D5BFC1460147D6
:10A7A000E3C7B6FDA946330ADA023E9AC9B70148A3
:10A7B00093072D00BEC683472D00138707FD25464E
:10A7C0006365E60C130700036385E70A1387F7FC4C
:10A7D000214681496363E604B648138707FD254394
:10A7E000294EB64713861700B2C69C33938507FDE2
:10A7F00093F5F50F6375B308956933061641938990
:10A80000F9E1A148CE8563C6C800BA8963D3E500E3
:10A81000AE8963040800B309304163960D0CB3E6BA
:10A82000DA00E39F06D4E31605DA1307E004638930
:10A83000E706634FF70413079004E39CE7D89755A6
:10A840000000938525CFE800EF102061E30305D8D1
:10A85000B64797550000938525CEE800FD17BEC684
:10A86000EF10A05F01E5B6478507BEC63704F07F4D
:10A8700001BBB64713861700B2C69C33B1B7330786
:10A88000C703BA97138707FDA9BFEAC6814971B705
:10A8900013079006E385E7FA1307E006E39BE7D288
:10A8A000975500009385C5C9E800EF10005BE302EF
:10A8B00005D2B6479823930780026313F702B008C6
:10A8C00097550000938545C9E800EF10E05B954778
:10A8D0006318F500F6453704F07FE6444D8C4DB122
:10A8E0003704F8FF71B9B38A694163130C006E8CA9
:10A8F000C1476E8D63D3B701414D5E85EF30C07D9A
:10A90000A547AA842E8463DCB70393077DFF1397C2
:10A91000370097570000938767D1BA979043D44385
:10A92000EFD0AFED2A845285AE84EF30E07A2A86EC
:10A93000AE862285A685EFC0BF92AA842E84BD472D
:10A9400063CDB709E38E0AC2635450075947634386
:10A9500057038E0A97570000938747CDBE9A03A5E9
:10A960000A0083A54A002686A286EFD00FE9AA84B2
:10A970002E8439B1130750023307B741634F57058F
:10A98000B38DB74117590000130949CA93973D0089
:10A99000CA978843CC43B38DBA412686A2868E0DD2
:10A9A000EFD0AFE5CA9D03A60D0083A64D0075BF8D
:10A9B000A95763C4FA02B3093B41139B3900975965
:10A9C00000009389A9C6DA9903A6090083A6490065
:10A9D0002685A285EFC0DFFB59BF338DAD41569D63
:10A9E0006357A0119377FD0099CF17570000130705
:10A9F000E7C38E07BA978843CC432686A286EFD05A
:10AA0000CFDFAA842E84137D0DFF63080D0A930700
:10AA1000401363D5A705014B814902C6814B9307BB
:10AA200020022320F9003704F07F8144B247E389F4
:10AA300007B4C6454A85EF10407BDE854A85EF1096
:10AA4000C07ACE854A85EF10407AB2454A85EF102C
:10AA5000C079DA854A85EF1040791DB6135D4D4007
:10AA60002685A2858147014A0548975800009388AA
:10AA700068B96346A80599C3AA842E8417570000B5
:10AA8000130747B893173A00BA978843CC43370760
:10AA9000B0FC22972686BA86EFD02FD63704F07FF7
:10AAA000B377B4003707A07CAA84E366F7F63707CC
:10AAB000907C637AF7027D14FD54014ADDA8137778
:10AAC0001D0011CF13173A00469710435443EFD09F
:10AAD000CFD285470548975800009388A8B2050A49
:10AAE000135D1D4079B7370450032E94F9B7E30680
:10AAF0000DFC330DA0419377FD0099CF175700004F
:10AB00001307C7B28E07BA979043D4432685A28510
:10AB1000EFC01FE8AA842E84135D4D40E30F0DF8AB
:10AB2000FD4763DDA701014B814902C6814B9307B5
:10AB30002002814401442320F900CDBD137A0D0188
:10AB400063040A00130AA0062685A2859757000011
:10AB50009387C7A1014793761D0081CA9043D443D0
:10AB60003EC6EFD08FC9B2470547135D1D40A10710
:10AB7000E3130DFE19C3AA842E8463050A029357BA
:10AB8000440113F7F77F9307B006998F635CF000D9
:10AB90007D476354F7221307400381446359F7202C
:10ABA00037047003014681462685A285EF30803B3D
:10ABB0003DD95E87EE866286E6854A85EF10A070F5
:10ABC0002AC6E30A05E493D7FA41B3093B41B3F738
:10ABD000F9003ED056CE63D30A0002CEB247014BF5
:10ABE0008149B1073ED8B7071000FD173ED6B247DE
:10ABF0004A85CC43EF10A056AA8BE30205E2B24788
:10AC0000C2553105904B09060A06EFF02FD0B8085F
:10AC1000D4082286A6854A8526CA22CCEF109050F9
:10AC2000AAC8E30E05DE85454A85EF10007FAA8994
:10AC3000E30705DED64763C707180257724C338D0A
:10AC4000E7006647B387474193066003BA97FD174D
:10AC5000930D20C0998E63D6B7193387FD407D468A
:10AC6000998E6346E616854DB397ED003ED2814C32
:10AC7000369CB30DDD00529CEA8763D3AD01EE87AD
:10AC80006353FC00E2876358F000B38DFD40330C42
:10AC9000FC40330DFD4082576358F002CE853E865E
:10ACA0004A85EF10900DAA89E30B05D64646AA8582
:10ACB0004A85EF1040782ADAE30305D6C6454A856F
:10ACC000EF10A052D257BEC8634FB011635A500163
:10ACD0007246DE854A85EF10500AAA8BE30105D43F
:10ACE000635A8001DE8562864A85EF10F014AA8BD4
:10ACF000E30705D2635AA001CE856A864A85EF1024
:10AD0000B013AA89E30D05D0C6455E864A85EF10CB
:10AD1000B0222A8BE30505D0032CC500CE8523265F
:10AD20000500EF10501E6359050C336C9C00631135
:10AD30000C129317C400639D0710B707F07FE18FD3
:10AD40003707B0066376F71083274B0191E7032797
:10AD50000B01854763DEE70EDA8505464A85EF106D
:10AD6000B00DCE852A8BEF10101A6353A00E630C22
:10AD70000A10B707F07FE18F3707B0066345F71079
:10AD800037077003E355F7DA0147B70750392685CF
:10AD9000A2853A86BE86EFD04FA62E84C98DAA849E
:10ADA000E39905C8930720022320F90059B18117C0
:10ADB0007D57B317F7007D8CF5B37D57B317F700B8
:10ADC000FD8CCDB37247025D330CF7409DBD930CF3
:10ADD00020BEB387FC40854CB39CFC0085473ED227
:10ADE00041BD814CE5BFC6456E864A85EF10D00453
:10ADF000AAC8E31D05EC25B169E9370710007D17E6
:10AE0000B377E40063090C046399E7047D5763009A
:10AE10000A02B707F07FE18FB706A00663E9F600E4
:10AE2000D1839306B006B387F6403317F7006396D5
:10AE3000E402B707F07FFD176315F400FD57E380C8
:10AE4000F4BEB705F07FE18D370410002E948144E5
:10AE5000E31C0AF2F9BEC58F99DB63820C04B3FCD4
:10AE60008C00E3870CFE52862685A285630F0C02B8
:10AE7000EFF0EFE02A86AE865245E245EFC04FBEC6
:10AE8000AA842E84F1B7B705F07FE18D3704F0FF77
:10AE9000A295370410007D144D8CFD5455BF925778
:10AEA000B3FD9700E3860DFA7DBFEFF04FDD2A86F4
:10AEB000AE865245E245EFD0CFDF01468146AA84F7
:10AEC0002E84EF30200A49F59DB1CE855A85EF10CA
:10AED000B03297470000938767639043D4432A8D2D
:10AEE000AE8DEFD02F866342A01063010C0A814D16
:10AEF000370DF03F0147B707F03FB706F07FB37C4F
:10AF0000D400B706E07F639FDC166AD2370DB0FC31
:10AF1000229D2685EA853EDE3ADC6EDAEF10F010DF
:10AF2000D25812582A86AE864685C285EFD0EF8C5D
:10AF30002686EA86EFC0CFB2AA843705F07F337643
:10AF4000B500B706A07C6257F2576365D60C62471E
:10AF50009307F5FF6396E7005247FD57E381E7AC9F
:10AF6000B707F07F1384F7FFFD54C6454A85EF10FD
:10AF7000C027DE854A85EF104027CE854A85EF1031
:10AF8000C026DA854A85EF10402695B1B1E0B25768
:10AF9000E18FA1E7974700009387C7569043D443BA
:10AFA0006A85EE85EFC01FFA634D050297370000F2
:10AFB0009387475D9043D4436A85EE85EFD0EF8356
:10AFC0002A87AE87370D0080BA8D334DFD0035B727
:10AFD00085476394F400E30C04B4814D370DF0BF52
:10AFE00011BF0147B707E03FF1BF973700009387D4
:10AFF00067599043D4436A85EE85EFD00F802A8746
:10B00000AE872E8D63160C00370D0080334DBD00CA
:10B01000AA8DE5B5370450032E94E3180AF4B70659
:10B02000F07FE18EE393DCF4BE853A853A8DBE8CE9
:10B03000EFD0DFBFEFD01FC62A86AE866A85E685D1
:10B04000EFD02FC7B2572A8DAE8DE18FC58F33EC6D
:10B050008701630B0C0A974700009387274C9043A6
:10B06000D443EFC03FEEE346059C9747000093872B
:10B07000674B9043D4436A85EE85EF205075E356C5
:10B08000A0EE45BA630D0A04B706A00663E996056B
:10B0900097460000938606489042D4423A85BE8582
:10B0A0003ADA3ED2EFC01FEA925752576344A002E9
:10B0B0003A85BE85EF20907C11E10545EF30C00157
:10B0C0002A87AE872E8D63160C00370D0080334D16
:10B0D000BD00AA8DB705B0062E9D330D9D4152458A
:10B0E000E2453EDA3AD2EF1040742A86AE866E858B
:10B0F000EA85EFC09FF05246E246EFC06F96AA8401
:10B100002E84D257125711BF9747000093870742EA
:10B110009043D443EFC01FE3E35905E419BA130782
:10B1200050066387E7001307500405456399E7EE6F
:10B13000014B05456FF04FD8938781819C432E8644
:10B14000945389E69756FF1F9386C6F5AA853E85D8
:10B150006FF0CFB779714AD04ECE06D622D426D220
:10B16000AA892E899304190003C4F4FF3A8536C6D0
:10B1700032C42EC23AC0EF00106722951C3102473C
:10B180009245A18B2246B246D1E39307D0026311C8
:10B19000F4089C20054393042900E5C641476390C9
:10B1A000E60213070003639CE7009C201307800559
:10B1B00093F7F70D6392E70C9C30C1468904B708FA
:10B1C00000806314030093C8F8FF33FFD8020148DE
:10B1D0000145A54FE54EFD5233DED802138707FD2A
:10B1E00063E3EF04BA8763DED704630D58007D582C
:10B1F000636AAE006314AE006346FF000548338502
:10B20000A6023E95850483C7F4FFC9BF268999BF6E
:10B210009307B0026305F400A2870143BDBF9C20E1
:10B2200093042900DDBF1387F7FB63E5EE009387E6
:10B2300097FC55BF1387F7F963E5EE00938797FAFC
:10B240005DB7FD57631FF8009307200223A0F900A4
:10B25000468519EEB250225492540259F249456182
:10B260008280630403003305A0406DD663040800A8
:10B270009385F4FF0CC2F9BF93070003A9F2A1461E
:10B280003DBF13070003E382E7F2A9460DBF938792
:10B2900081819C43985309E71757FF1F130787E0E5
:10B2A0006FF05FEB938781819C43B286985309E7E7
:10B2B0001757FF1F130707DF2E86AA853E856FF0FD
:10B2C0007FE9011122CC26CA4AC806CE4EC6AA84FE
:10B2D0002E89328401C51C4D91E3B12997470000A6
:10B2E0009387472D6317F406C0401C4C1CC45E2492
:10B2F000A18BC1C31C48B5CF1C4808409379F90FF6
:10B300001379F90F1D8D5C486346F500A2852685EB
:10B31000212625E51C440505FD171CC41C40138788
:10B32000170018C0238037015C486388A7005E249B
:10B33000858B81CBA9476316F900A2852685E92C68
:10B340000DEDF24062444A85D2444249B24905615A
:10B350008280974700009387E7276314F4008044B6
:10B3600069B7974700009387E722E310F4F8C044D9
:10B37000ADBFA28526853D2841D17D59D9B7411160
:10B3800022C42A842E85B28536869797FF1F23AB69
:10B39000073806C6EFA00FCEFD576319F500979743
:10B3A000FF1F938727389C4391C31CC0B24022449F
:10B3B0004101828041119387818126C2844322C446
:10B3C0004AC006C62A892E8489C49C4C99E32685E6
:10B3D0009D26974700009387E71D631BF402C0403A
:10B3E0000317C40093170701C18393F68700B5EADA
:10B3F00093F6070195EEA5472320F900136707048C
:10B400005AA47D55B24022449244024941018280AF
:10B41000974700009387071C6314F4008044C9B762
:10B420009747000093870717E31CF4FAC0444DBF09
:10B43000918B85C74C5891C9930744046385F500E7
:10B440004A85EF10C06C232A04025E2423220400E4
:10B4500093F7B7FD5EA41C481CC05E2493E78700E9
:10B460005EA41C4881EF5E241307002093F7072891
:10B470006386E700A2854A85EF0010425E2413F739
:10B4800017001DC35C4823240400B307F0401CCC04
:10B490001C480145A5FB8317C40013F707083DD3DB
:10B4A00093E707045EA4B1BF898B014791E3584835
:10B4B00018C4F9BF411122C42A842E859797FF1F13
:10B4C00023A2072606C6EF20B047FD576319F500F3
:10B4D0009797FF1F938707259C4391C31CC0B240D9
:10B4E000224441018280DE25011122CC26CA06CEEB
:10B4F0004AC84EC613F78700AA842E8461EFD8414C
:10B50000634DE000B841634AE0000145F240624407
:10B51000D2444249B2490561828058547DD703A97B
:10B5200004009396370123A0040063DC06067048EC
:10B530005E24918B99C75C401D8E5C5899C33C403A
:10B540001D8E5C540C50814626858297FD575A24E7
:10B55000631DF5009440F54763E9D706B70740201F
:10B560008507B3D7D700858BADC31C4823220400C1
:10B570001CC09317370163D80700FD576314F5000B
:10B580009C4091E368C84C5823A02401BDDD93077B
:10B5900044046385F5002685EF106057232A0402D2
:10B5A000ADB70C500146854626850297FD572A8681
:10B5B000E310F5F89C40ADDF75476385E700594718
:10B5C0006393E70423A0240189B7136707045AA4EF
:10B5D0007D552DBF83A90501E38909F203A9050063
:10B5E0008D8B23A0350133093941014791E3D849B7
:10B5F00018C4E35C20F11C540C50CA864E86268584
:10B6000082976347A0005E2493E707045EA4C9B74E
:10B61000AA993309A940F1BF9C49A5C3011122CCC5
:10B6200006CE2A8411C51C4D81E72EC62922B245BB
:10B6300097470000938707F8639CF5004C40839779
:10B64000C5009DC722856244F24005616FF0BFE9E5
:10B6500097470000938707F86394F5000C44C5B73B
:10B6600097470000938707F3E39BF5FC4C44C1BF69
:10B67000F2406244014505618280014582804111AA
:10B6800022C406C62A844EA572A5232005002322C3
:10B690000500232405002322050623280500232A6C
:10B6A0000500232C0500214681451305C505EF4003
:10B6B0003FB797F7FFFF938767CB5CD097F7FFFF04
:10B6C0009387E7CD1CD497F7FFFF938707D25CD40D
:10B6D00097F7FFFF938787D400D01CD8B24022444D
:10B6E0004101828097050000938545F399AA411195
:10B6F00026C2130680069384F5FFB384C4024AC0B1
:10B700002E8922C406C693854407EF10C04A2A84B6
:10B7100001CD2320050023222501310508C413860D
:10B7200084068145EF40DFAF2285B2402244924437
:10B730000249410182801C4DA5E7411106C622C481
:10B7400097070000938747FA1CD59387C1819C43D4
:10B750002324050423260504232805046314F50087
:10B7600085471CCD2A84352848C022851D2808C459
:10B770002285052848C4484001469145EFF03FF036
:10B7800008440546A545EFF09FEF48440946C945E2
:10B79000EFF0FFEE85471CCCB2402244410182808D
:10B7A000828041119387C18126C284434AC006C664
:10B7B0009C4C22C42A8981E72685EFF0DFF7938429
:10B7C00084048044DC40FD1763D607009C40B9CF59
:10B7D0008440C5BF0317C40039E7C177850723221A
:10B7E00004062320040023220400232404005CC454
:10B7F00023280400232A0400232C04002146814529
:10B800001305C405EF40DFA1232A0402232C040200
:10B8100023240404232604042285B24022449244B3
:10B820000249410182801304840671BF91454A8513
:10B83000EFF0FFEB88C049FDB1472320F900014438
:10B84000E1BF797122D44AD052CC56CA5AC85EC6DA
:10B8500006D626D24ECE2A8AAE8A13048504014922
:10B86000054BFD5B09ECB25022544A8592540259B3
:10B87000F249624AD24A424BB24B4561828004444B
:10B8800083294400FD1963D409000040E1BFDE2490
:10B89000637BFB008397E40063877701A68552856D
:10B8A000829A3369A90093848406E9BF10499306FC
:10B8B000450113D75540B6876356C7020A060A07E3
:10B8C000FD8936963697B9C9130847001843130304
:10B8D00000023303B3403357B700636EC80098C308
:10B8E00011C391073387D740098718C96394D700DC
:10B8F000232A050082808328080091071108B39845
:10B90000680033E7E80023AEE7FE0327C8FFE1B78E
:10B9100011078325C7FF910723AEB7FEE36AC7FE71
:10B92000D1B7930705FD93F7F70F25476367F70036
:10B9300001159377F50F3E8582809307F5F993F70C
:10B94000F70F954663E5F600130595FBDDB7130782
:10B95000F5FB1377F70F8147E3EFE6FC130595FD41
:10B96000C9BF1D71D6C2AA8A428536C63AC286CEE2
:10B97000CAC8D2C4DAC05EDE3E8B6ED63289AE8DC6
:10B98000A2CCA6CACEC662DC66DA6AD8A52D832B05
:10B9900005005E85EFE05FAAB387AB0083A60D00CC
:10B9A00083C7F7FF7957158F3EC82A8A93872600E9
:10B9B000930600033306F700BE84850703C5F7FF2F
:10B9C00032C4E309D5FEEFF0DFF5631E05105286A1
:10B9D000DE852685EF20A028631C0510338C4401EA
:10B9E00003450C00EFF0FFF363050510E2849307B5
:10B9F00000038820630BF500EFF0BFF28547933911
:10BA00001500E28C3EC4268C21A08504DDB7050C10
:10BA100003450C00EFF0FFF07DF95286DE8562856C
:10BA2000EF20E02311E9639C0C00529CE28C03455B
:10BA30000C00EFF01FEF5DE9014463850C003384D7
:10BA40008C410A0483470C00130700056387E70055
:10BA500013060007E28C6390C70683471C00130798
:10BA6000B002638BE7081307D002638BE708930CDF
:10BA70001C00014D03C50C00EFF0BFEA9307F5FF72
:10BA800093F7F70FE14563E4F508930705FF850C8D
:10BA900003C50C003ECAEFF0DFE89305F5FF93F510
:10BAA000F50F6148D247A948637EB80463040D00CE
:10BAB000B307F0403E9423A09D01638C0904A24784
:10BAC000814491E39944F640664426854649D6442C
:10BAD000B649264A964A064BF25B625CD25C425DEE
:10BAE000B25D256182808149814C31BF050C81B7EF
:10BAF000268C01448549B9B7014D930C2C009DBF9C
:10BB0000054DE5BFB3871703AA97C11749B7E28C64
:10BB10005DB7B3079C40FD1781451D476344F70A95
:10BB20005685352D054693094501B3074641AA8D33
:10BB30004E8D8148814C3ECA63E9840913054D004E
:10BB400033053541098523209D0123A8AD009314B9
:10BB500055006685EF007001832B0900898C63D83E
:10BB60009B0CB3847441A6856E85EF0090732A8A7E
:10BB700005C91386F4FF935656408A06CE96944222
:10BB800005473317C700758F054A19CB6359CA009B
:10BB90009385E4FF6E85EF00D0700D4A11E1094AEC
:10BBA000A6856E85EFF09FD0269403278900635FFA
:10BBB0008708EE855685152D92479304300A23A0F9
:10BBC000070011B78505858791BF9307FCFF3EC429
:10BBD0000346FCFFC2476309F6029307000263971E
:10BBE000F80023209D018148110D814C0345FCFF85
:10BBF00046CCEFF01FD3E2483D89224333151501AF
:10BC0000B3ECAC00910815A052479307FCFF3383B7
:10BC1000E700E36493FC1A855286DE8546CE1ACC93
:10BC2000EF20E0036243F2484DF91A8C31B7014A24
:10BC3000E3DD74F7B3849B40EE8526865685EF00DE
:10BC4000B01FAA8D058C9309450185B703274900CC
:10BC50006355E40E33048740634574070327C90026
:10BC60008946630AD7048D46630AD7048546631B59
:10BC7000D70263998B026391EB0203274900B24715
:10BC80009304200698C30547924723A8ED0023A0FC
:10BC9000E90023A0B70105BD9385FBFF6E85EF008A
:10BCA000506061FDEE855685892392479304000517
:10BCB00023A0070009BDE3170BFEC1B7E31F0BFA72
:10BCC000D5B79304F4FF63180A0691C4A6856E8560
:10BCD000EF00305D2A8A13D754400A074E97184365
:10BCE0008545B3959500F98D99C1136A2A00A285FF
:10BCF0006E85B38B8B40EFF07FBB032449008944F2
:10BD0000630B0A080327C9008946630AD7028D46D8
:10BD1000630AD7028546631DD70013772A0009CB33
:10BD200003A70900336AEA00137A1A00631E0A00A7
:10BD300093E404018DA0054A79BF8544D1B7054736
:10BD4000330B6741E3060BFE83A90D0113874D01F9
:10BD5000FD55139A29003306470114436383B60443
:10BD6000850614C3894613874D016394D40883263E
:10BD70000900FD16639F760193D65B408A063697CD
:10BD800018438546B39B7601B3FBEB0063830B003E
:10BD9000854493E40402924723A0B701B24780C3CD
:10BDA0001DB31107232E07FEE369C7FA03A78D0011
:10BDB00063C5E90283A54D00568585054D2603A67A
:10BDC0000D019385CD002A8B09060A063105EFE0A7
:10BDD000EFB3EE8556851129DA8D03A70D01930681
:10BDE000170011070A0723A8DD006E97854654C384
:10BDF00095BF83A60D0163DCD90085456E85EFF004
:10BE0000FFAA032789000504E35487F85DB393FB79
:10BE1000FB018544E38F0BF652970325C7FFB1233F
:10BE200013070002B30B7741E34975FD9DB7A147A6
:10BE30003386C7400A0693060002918E5C41184182
:10BE400011053398D70033670701B3D7C700232EF6
:10BE5000E5FE1CC1E364B5FE82801C416548850592
:10BE600003C6F5FF850701E61CC1054582809823BE
:10BE70009306F7FB93F6F60F6364D80013070702E7
:10BE8000E30FC7FC014582805D7152DC03AA050007
:10BE9000A6C24EDE93545A405AD88A0486C6A2C41B
:10BEA000CAC056DA5ED662D466D26AD06ECE137A33
:10BEB000FA012A8BB289B29463030A0091048327A2
:10BEC0000B001389C4FF23AE04FECA8D4A840146C9
:10BED000814A814B214C930C00021D4D94331387F2
:10BEE00017003AC0B1CA368532C63EC436C2EFF03A
:10BEF0005FA3324659E59246A24763E8DC0263D469
:10BF00007A036378B4016346CD00EE852285EFF0B5
:10BF10001FF2214663F98900930DC4FF232E04FE0E
:10BF2000DE8A6E840146824755BF93059002639C6A
:10BF3000B60889072320FB0063870B086379B401E7
:10BF40009D4763C6C700EE852285EFF05FEE63FA7A
:10BF50008904CE8711040327C4FF910723AEE7FEAF
:10BF6000E37A89FE910723AE07FEE37DF9FE83277E
:10BF7000090091E76317390585472320F900154526
:10BF8000A1A00506850B6358CC00E3FE89F8232E9B
:10BF900004FE054671141C403D899207C98F1CC0E0
:10BFA00059B7E3060AFC93070002B38747417D5A5D
:10BFB000B357FA0003AAC4FF337AFA0023AE44FF52
:10BFC0007DB771196DB71145B640264496440649B0
:10BFD000F259625AD25A425BB25B225C925C025DB9
:10BFE000F24D616182800325C50E82809387818135
:10BFF0009C439C5389E79747FF1F9387A70A03A594
:10C00000C70E82801305050F8280411122C42A8445
:10C010002E85B28536869787FF1F23A5077006C633
:10C02000EF200015FD576319F5009787FF1F9387D1
:10C03000676F9C4391C31CC0B2402244410182807F
:10C040001971A6DAAE848395E500A2DC86DE32841F
:10C0500063DB0500DE2423A0060093F7070885E7CD
:10C06000930700401DA0300836C6EF105060B2465E
:10C07000E34205FE7247BD67F98F7977BA9793B7A8
:10C0800017009CC2F1BF930700041CC0F650665411
:10C09000D654014509618280DE25011122CC06CEED
:10C0A00026CA4AC8898B2E8489CF930774041CC082
:10C0B0001CC885475CC8F2406244D24442490561CD
:10C0C000828074003000AA84EFF09FF7A2452A898D
:10C0D0002685EF00502E19E98317C40013F70720B7
:10C0E00079FBF19B93E727005EA4C1B797F7FFFFA9
:10C0F0009387875F9CD45E2408C008C893E707082D
:10C100005EA4A2475CC8B24781CF8315E4002685B0
:10C11000EF10105911C55E24F19B93E717005EA440
:10C120005E243369F9002316240171B791ED4111A2
:10C130006C00014501CA795591C61C229CC1082298
:10C140003335A00041018280014509CA795599C65D
:10C150001C229CC108223335A000828082805C5161
:10C16000411122C44AC006C626C22A842E8989EFFC
:10C170004145EF10F05548D0232205002324050047
:10C1800023200500232605004450DC449DC7585059
:10C19000931729005847BA97884329E18544B394F7
:10C1A0002401138654000A0685452285EF00D0132A
:10C1B00019CD2322250104C525A01306100291459F
:10C1C0002285EF0070125C50C8C4DC47E9F30145DA
:10C1D000B24022449244024941018280184198C3EE
:10C1E0002328050023260500E5B75C51011122CC68
:10C1F00006CE2A8499EF41452EC6EF10704DB24508
:10C2000048D02322050023240500232005002326EF
:10C21000050091C95450DC4113972700DC46BA97BA
:10C22000984398C18CC3F240624405618280797161
:10C230004ECEAA89416522D426D22E84844906D6C0
:10C240004AD0D10501487D159C419105050833F779
:10C25000A7003307C702C183B387C7023697935637
:10C260000701698FB69793D60701C207BA9723AE25
:10C27000F5FEE34B98FCA1C21C4463C7F4024C409A
:10C280004E8536C68505EFF09FED10489305C40036
:10C290002A8909060A063105EFD05FE7A2854E8597
:10C2A000EFF0BFF4B2464A84938744008A07A2970E
:10C2B000D4C3850404C82285B25022549254025932
:10C2C000F2494561828079719387860052CC368A23
:10C2D000A54622D426D24ECE2E84B3C7D70206D688
:10C2E0004AD056CAAA89B2848546814563CCF604F1
:10C2F0004E853AC6EFF0BFE6324785471CC958C99C
:10C30000A54763D49704930A940056892694050997
:10C310008346F9FFAA852946938606FD4E85EFF0F0
:10C320001FF1E31689FE138484FF56942689634126
:10C330004903B250225492540259F249624AD24AF5
:10C34000456182808606850555B72904A544F9BF55
:10C35000B3079940A2979423AA852946938606FDA0
:10C360004E85EFF0DFEC0509D9B74177698FAA87D1
:10C37000014519E3C2074145370700FF7D8F19E3E7
:10C380002105A207370700F07D8F19E311059207F9
:10C39000370700C07D8F19E309058A0763C90700C5
:10C3A00013971700050563440700130500028280F8
:10C3B0001C4113F777000DC393F61700014799E668
:10C3C00013F7270011C785831CC105473A85828072
:10C3D00089831CC10947DDBF93960701C1820147CC
:10C3E00099E2C183414793F6F70F99E22107A183B0
:10C3F00093F6F70099E21107918393F6370099E2DB
:10C400000907898393F6170081E68583050799C399
:10C410001CC16DBF1307000255BF411122C42E84F9
:10C42000854506C6EFF0BFD340C9B2402244054758
:10C4300018C94101828098491C4A797126D206D6D2
:10C4400022D44AD04ECEAE846354F700B2842E86F6
:10C4500083A90401032906019C44CC4033842901AB
:10C4600063D38700850532C6EFF07FCF32461308CD
:10C470004501131324004293C28763ED670293853D
:10C480004401939829005106131E2900C166AE98F5
:10C49000329EFD166364C6036356800071138327C2
:10C4A0000300F1CB00C9B250225492540259F24910
:10C4B0004561828023A007009107C1B7832F060042
:10C4C000B3FFDF00638A0F04428FAE82814403A76B
:10C4D000020083230F00110FB37ED700B38EFE033B
:10C4E000B3F7D30093D303019102BE9E9357070184
:10C4F000B387F703A69E13D70E01B3FEDE009E9707
:10C50000BA9793D40701C207B3E7D701232EFFFEE2
:10C51000E3EF12FB23209F0083522600638A02046C
:10C5200083270800C28E2E8F814F03270F0083D3ED
:10C530002E00F58F758F33075702910E110F1E973E
:10C540007E97931F0701B3E7FF0023AEFEFE8357DC
:10C55000EFFF83AF0E004183B3875702B3FFDF00C5
:10C56000FE97BA9793DF0701E3611FFD23A0FE004A
:10C570001106110805B77D1405B7011126CA4AC86E
:10C580004EC606CE22CC52C4937736002A89B28496
:10C59000AE8989CFFD17173700001307A7158A0743
:10C5A000BA9790438146EFF09FC8AA898984A5CCA9
:10C5B0008327490291EF4145EF1090112322A902F0
:10C5C000232205002324050023200500232605003F
:10C5D000032A490203248A0019E8930510274A8593
:10C5E000EFF0BFE32324AA002A842320050093F759
:10C5F000140081CFCE8522864A85EFF0DFE32A8AB8
:10C60000CE854A85EFF07FBED289858489CC0840EB
:10C6100009E92286A2854A85EFF0FFE108C02320C0
:10C6200005002A84E9B7F24062444E85D24442496B
:10C63000B249224A05618280797126D2AE844ECEFB
:10C6400083A9040122D4CC41135456409C44A2999E
:10C650004AD056CA06D652CCAA8A1389190063C496
:10C660002709568532C6EFF09FAF32469307450142
:10C670002A8ABE8601479106634A870663530400EF
:10C68000014494480A04338787008A06938744014B
:10C690007D8ABE9625C2130800023308C840814532
:10C6A0008843110791073315C500C98D232EB7FEA6
:10C6B00083A5C7FFB3D50501E3E4D7FE0CC399C139
:10C6C000138929007D1923282A015685A685EFF0B4
:10C6D000DFB1B2502254528592540259F249624A53
:10C6E000D24A456182808505860795BF23AE06FE46
:10C6F000050751B7910703A6C7FF1107232EC7FEF1
:10C70000E3EAD7FEC1B71C499849998F8DE30A0720
:10C710005105D105B306E500BA95F116F115904221
:10C7200098416308E600FD576363E60085473E8550
:10C730008280E364D5FEE5BF011126CAAE844EC6F1
:10C74000B285AA89268522CC06CE4AC83284EFF06B
:10C750009FFB05E181454E85EFF07FA085471CC911
:10C76000232A0500F2406244D2444249B24905619D
:10C770008280054963460500A28701492684BE845C
:10C780004C404E85EFF0BF9D0323040183A80401B4
:10C7900013064401131E2300138844018A08C16E46
:10C7A00023262501329EC29893064501014FFD1EA6
:10C7B0001842832F08009106B375D701B3F7DF0144
:10C7C000FA959D8D93DF0F0193570701B387F741CA
:10C7D00013D70541BA9713DF0741B3F5D501C20757
:10C7E000CD8F110823AEF6FE1106E36318FDC16577
:10C7F000FD156368C601F1169C4295C723286500A4
:10C8000095B71C429106110633F7B7007A97135873
:10C810000741C183C29713DF07416D8FC207D98FCC
:10C8200023AEF6FEF9B77D13F9B7B707F07FFD8D9C
:10C83000B707C0FCBE956355B00081473E85828036
:10C84000B305B04093D745414D476347F700B7055F
:10C850000800B3D5F540D5B71387C7FEF946814523
:10C860008547E3CDE6FCB7070080B3D7E700F9B70B
:10C87000797126D204494ECE930945018A04CE949B
:10C8800022D403A4C4FF4AD02EC6228506D6EFF0D8
:10C89000DFADB24593070002898F9CC1A947138978
:10C8A000C4FF63CDA702AD47898F3707F03FB3566A
:10C8B000F400D98E014763F4290103A784FF5505CD
:10C8C0003315A400B357F700C98FB25022549254C5
:10C8D0000259F2493E85B68545618280814763F6FB
:10C8E000290183A784FF138984FF551505C9130700
:10C8F00000023306A74033D7C7003314A400598C75
:10C90000B706F03FC18E014763F429010327C9FF31
:10C91000B397A7003357C700D98F45BFB706F03F7D
:10C92000C18E65B7797122D42E84854526D24AD02E
:10C93000B2844ECE52CC3A8906D6368AEFF03F8288
:10C94000370710009307F7FFE58FD18093F4F47F4A
:10C95000AA89B5E03EC62DC4280022C4EFF05FA529
:10C96000A24621CD324793070002898FB317F70003
:10C97000D58F3357A70023AAF9003AC6324423AC17
:10C98000890033348000050423A88900B9C4938446
:10C99000D4BCAA949307500323209A003385A74060
:10C9A0002320A900B25022544E8592540259F249D4
:10C9B000624A45618280D98F71BF23AAD9007DBFA9
:10C9C0006800EFF0FF9EB24713050502054423AA55
:10C9D000F900854723A8F90055BF931724001305D4
:10C9E000E5BCCE972320AA00884B1604EFF0FF97F2
:10C9F000098C232089007DB779714AD02E892C00BB
:10CA000006D622D426D24ECE52CC2A8AEFF05FE64A
:10CA1000AA89AE842E844A856C00EFF07FE58327D7
:10CA2000090103270A01A2461D8FB24716079D8EF2
:10CA3000B307D7006355F002D2072E8633849700E0
:10CA40003287A2852A86BA864E85EFA07FF4B2503F
:10CA5000225492540259F249624A45618280370752
:10CA6000F0FFB387E7023386B700D9BF9387F5FF9E
:10CA7000184A958785078A07930646010A07AA97E9
:10CA8000369763E5E600636AF5008280910603A6A7
:10CA9000C6FF1105232EC5FEEDB71105232E05FE99
:10CAA000DDB7144993D755401307450163C7F60214
:10CAB00063DFD700FD8981CD93962700BA96904217
:10CAC0000545B356B600B395B600631EB6008A0797
:10CAD000BA976366F70001458280B687CDBFF1172C
:10CAE0009443E5DA054582803386C502011122CCE4
:10CAF00006CEB28532C6C1202A8409C53246814598
:10CB0000EF300FF22285F240624405618280DDC180
:10CB100083A7C5FF411122C406C626C21384C5FFE0
:10CB200063D307003E94AA84EF10C03C9387418DE5
:10CB30009C4381EF2322040023AA818C2244B2402B
:10CB40002685924441016F10003B637EF40014403F
:10CB50003307D4006396E7009843DC43369718C048
:10CB60005CC0D9BFBA87D84319C3E37DE4FE9443C0
:10CB70003386D700631F86001040B29694C3338675
:10CB8000D700E31DC7FA10435843B29694C3D8C3E5
:10CB900075B76375C400B1479CC04DB71040B3066C
:10CBA000C4006316D70014435843B29614C058C04B
:10CBB000C0C369B78280011126CA93843500F198F9
:10CBC00006CE22CC4AC84EC6A104B14763F5F40490
:10CBD000B14463E4B4042A89EF10C0319387418DD6
:10CBE00098433A8429E49387818D9C4399E7814552
:10CBF0004A85EF00907B23ACA18CA6854A85EF0087
:10CC0000D07AFD5963193507B1472320F9004A85C9
:10CC1000EF10602E29A0E3DE04FAB1471CC10145E4
:10CC2000F2406244D2444249B249056182801C40CC
:10CC3000858F63CF0702AD4663F6F6001CC03E94B5
:10CC400004C031A05C406313870223AAF18C4A859B
:10CC5000EF10602A1305B40093074400619933076D
:10CC6000F5405DDF3A94898F1CC05DBF5CC3C5B7DA
:10CC70002287404085BF130435007198E30285FC8C
:10CC8000B305A4404A85EF005072E31B35FBADBFEE
:10CC9000411106C622C426C24AC0FD57639AF50058
:10CCA000FD54B240224426850249924441018280CB
:10CCB0005E2613F9F50F93F4F50F93F7F7FD5EA6D3
:10CCC0005C5A584285C71C5E3284635CF7001C4086
:10CCD0001387F7FF18C0A38F27FF5C4085075CC050
:10CCE000C9B7B285EF10800E7DD15DBF144A1C42DA
:10CCF00081CE63FBF60083C6F7FF63979600FD17AE
:10CD000005071CC258C271BF5CDE930746045CDA9B
:10CD10008D471CDE930766041CC2854738C2230377
:10CD200026055CC2BDBF411122C42E84CC5906C663
:10CD30009DC1930744046384F500EFF05FDD3C4040
:10CD4000232A04025CC081CB5C5C01451CC0B2405C
:10CD50002244410182801C48232204007D551CC0CE
:10CD60005E2493E707025EA4DDB7130101D29707A3
:10CD70000000938727F22326312D232CF1289309D5
:10CD8000C10197070000938747FA232C812C232A9F
:10CD9000912C2328212D2324412D2322512D232082
:10CDA000612D232E712B232C812B232E112C232A32
:10CDB000912B2328A12B2326B12BAA842E84232454
:10CDC00001122326011223283113232EF12836CCF9
:10CDD000130A5002130BA002A54B2949973A0000F1
:10CDE000938A0A92173CFFFF130CCC211C2232C6F7
:10CDF000638E0730EFF08F9F3246834D0600930C11
:10CE000016006E951C31A18BA1C35C406357F002E4
:10CE1000EFF0CF9D1C4098233A951831218B19E3F0
:10CE20006686E9B70327C11285071CC005072326BC
:10CE3000E11258407D1758C0C9BF8327C129A28578
:10CE40002685829771D5E9BF63984D172322011279
:10CE5000232E01101C3263976701C147232EF11066
:10CE6000930C260083C50C00668D850C938705FD09
:10CE700063F0FB060D465685EF10400601CD3305E5
:10CE800055418547B397A7000325C111668D5D8D78
:10CE9000232EA11083470D0013077006930C1D006D
:10CEA0006366F7081307500663FDE71A130770045B
:10CEB000636AF7021307500463F5E71A63890712E0
:10CEC000638C470F8D47232AF1122320211361A081
:10CED00083274112B307F902938707FDAE972322F8
:10CEE000F11249B71307B0056381E7126365F702D2
:10CEF00013078005E398E7FC0327C1111367072098
:10CF0000232EE11041472320E1121307E006B33737
:10CF1000F7008D073DA8130730066385E710130758
:10CF20004006E391E7FA23202113C5B71307000752
:10CF30006381E70C6364F7061307E006638DE70E71
:10CF40006360F70C13079006E39EE7F623200112B7
:10CF50008D47232AF1125C406357F0108327C111DB
:10CF600093F7070491EBEFF06F881C4098233A95F4
:10CF70001831218B6311071083274113094763413F
:10CF8000F712340822866C0A2685EF0010038547C5
:10CF9000630EF5168947E315F5E8B9A013075007A6
:10CFA000E383E7F813078007E388E7F41307300704
:10CFB000E39AE7F0894771BF5C406351F0021C407F
:10CFC00098236315B715850758401CC08327C112E5
:10CFD0007D1758C085072326F11299B58327C129EB
:10CFE000A2852685829761DD0325811279ED7D5525
:10CFF000CDA00327C11113670702232EE110EDBD59
:10D00000A1472320F1129147A9B7E6854E85EF008D
:10D01000F03C8327C111AA8C93E70704232EF1105B
:10D02000854705BF8327C111232A011293E707040F
:10D03000232EF1100DB78327C11113F70701E31158
:10D0400007DE624793F517008326C11213064700D7
:10D0500089C532CC1C4396A3E1B332CC1C4394C3A4
:10D06000C1B39547FDB58327C129A285268582973F
:10D07000E30605EE95BF0327C11205072326E1123B
:10D0800058407D1758C06355E00085071CC0E1BDBE
:10D090008327C129A28526858297E30605ECA9B7D7
:10D0A00011476349F700340822866C0A2685EF0091
:10D0B000E07EF1BDE3060CD6340822866C0A268594
:10D0C00097000000E7000000D9B55E2493F707043D
:10D0D00099FF8320C12D0324812D8324412D032911
:10D0E000012D8329C12C032A812C832A412C032B57
:10D0F000012C832BC12B032C812B832C412B032D43
:10D10000012B832DC12A1301012E82800325811258
:10D11000C9B71C46FD171CC663DA0700184E63C565
:10D12000E700A9476394F5006FE0AF991C422E8594
:10D130001387170018C28CA38280011122CC26CA43
:10D140004AC84EC652C406CE2A89AE893284B30478
:10D15000D6007D5A63149400014509A80C204E8620
:10D160004A85EFF01FFB0504E31645FFF2406244D9
:10D17000D2444249B249224A05618280357122CDAA
:10D1800026CB4AC94EC706CF52C556C35AC1DEDEAA
:10D19000E2DCE6DAAA89AE843289368409C51C4D00
:10D1A00099E3EFE04FD9972700009387A740639951
:10D1B000F40C83A44900DE24A18BEDC79C48FDC379
:10D1C00093070002A304F1029307000302D2230590
:10D1D000F10222C6930B5002972A0000938A8A52CA
:10D1E000054C294B4A841C2099C36390770FB30CDC
:10D1F0002441638E0C00E6864A86A6854E85EFF0B4
:10D20000DFF3FD576302F51E9256E69636D21C20D8
:10D21000638C071CFD571309140002C802CE3ECAD6
:10D2200002CCA309010482D4834509001546568522
:10D23000EF00D04A13041900C24751E913F7070160
:10D2400009C713070002A309E10413F7870009C700
:10D250001307B002A309E104834609001307A002E3
:10D26000638FE606F2474A848146254618209305D7
:10D270001400130707FD6377E60AB5CA3ECE85A8FA
:10D2800097270000938707356395F40083A48900EE
:10D290001DB7972700009387E72FE39EF4F083A440
:10D2A000C90011BFA6854E85EFE0CF9011D97D55FD
:10D2B000FA406A44DA444A49BA492A4A9A4A0A4B25
:10D2C000F65B665CD65C0D618280050429BF330580
:10D2D00055413315AC00C98F3EC82289B1B73247DA
:10D2E00093064700184336C6634707023ACE182014
:10D2F0009307E002631DF70418309307A002631B35
:10D30000F702B2470904138747009C433AC663C13A
:10D3100007023ECA2DA83307E04093E727003ACE24
:10D320003EC8F1B7B387670385462E84BA973DBFE1
:10D33000FD57C5B7050402CA814681472546182016
:10D3400093051400130707FD6376E606F9F20C2037
:10D350000D46172500001305A53AEF00303811CD12
:10D36000972700009387C7391D8D93070004B39753
:10D37000A700424505045D8D2AC80C2019461725D3
:10D3800000001305A538130914002304B102EF00AF
:10D39000F03435C19737FFFF9387C7C695E74247FB
:10D3A000B2471377071009CF91073EC69257D2971D
:10D3B0003ED20DBDB387670385462E84BA9741B729
:10D3C0009D07E19BA107D5B77800970600009386DB
:10D3D00006D726860C084E8597000000E70000005F
:10D3E000FD572A8AE314F5FCDE2493F70704E39043
:10D3F00007EC125575BD780097060000938626D479
:10D4000026860C084E85012AE1BF797156CA9C49CF
:10D41000BA8A984522D426D24ECE52CC06D64AD0CD
:10D420005AC85EC6AA892E84B284368A63D3E700BE
:10D43000BA879CC00347340419C385079CC01C40AD
:10D4400093F7070281C79C4089079CC00329040009
:10D4500013796900631A0900130B9401FD5B5C44A6
:10D460009840998F634CF9041C408346340493F729
:10D470000702B336D000A5EB13063404D2854E85DF
:10D48000829AFD576303F5041C4011469840998B1E
:10D49000544481446397C700B384E64063D30400D7
:10D4A00081441C4418486354F700998FBE94014985
:10D4B00069047D5B63982405014509A885465A8661
:10D4C000D2854E85829A631E75017D55B2502254D5
:10D4D00092540259F249624AD24A424BB24B4561D8
:10D4E00082800509ADBF3307D40013060003A301F2
:10D4F000C7040347540493871600A2978906A381A3
:10D50000E7049DBF85462286D2854E85829AE30E2A
:10D5100065FB050945B7797122D426D24AD04ECE93
:10D5200006D652CC56CA5AC8B689942D930790068F
:10D530003289AA842E8413863504638DF60263E251
:10D54000D706930780056387F61863EDD700638FCE
:10D55000062093073004638FF60A930A24042301FC
:10D56000D404D1A0930730066386F60A93074006D9
:10D57000E395F6FE1C40084393F607089305450023
:10D58000CDC61C410CC363D807001307D002B307F4
:10D59000F040A301E404972600009386A6172947CC
:10D5A0006DA8930700076383F61663E5D702930718
:10D5B000E006638AF6189307F006E390F6FA0C404B
:10D5C0001C4313F80508138547006308080608C3C1
:10D5D0009C438DA893075007E383F6FE93078007CB
:10D5E000638AF61293073007E399F6F61C43D0419D
:10D5F00081459386470014C383AA07005685EF0030
:10D60000F00D01C53305554148C05C401CC8A3015D
:10D61000040461A81C43930A2404938647009C4396
:10D6200014C32301F4048547D5B793F607041C41BE
:10D630000CC3B1DAC207C187B9B793F5050408C3B3
:10D64000C1D99E231307F0066387E60E97260000D4
:10D650009386460C2947A30104044C400CC463C5BF
:10D66000050008406D9908C099E3B28A89CDB28A55
:10D67000B3F5E702FD1AB6958C212380BA00B3D525
:10D68000E70263F0E70CA147631EF7001C40858B9F
:10D6900091CB58401C4863C7E70093070003A38F52
:10D6A000FAFEFD1A3306564110C84E87CA8670002E
:10D6B000A2852685EFF07FD57D5A631D450B7D55EC
:10D6C000B250225492540259F249624AD24A424B11
:10D6D00045618280A382D504972600009386860345
:10D6E0000C40084313F805081C411105630D08029E
:10D6F00008C313F7150001C793E505020CC04147A5
:10D70000B9FB0C4093F5F5FD0CC0B1B79C4193E714
:10D7100007029CC193078007A302F4049726000028
:10D720009386860075BF13F8050408C3E30308FC5D
:10D73000C207C1837DBF972600009386A6FD2147BF
:10D7400019BFAE8735B794411C43CC4913F806087E
:10D75000138547006306080008C39C438CC339A0A7
:10D7600008C393F606049C43F5DA8EA3232804002D
:10D77000B28A25BF14485686CA8526858299E30059
:10D7800045F51C40898B8DE7B2474844E35AF5F2D2
:10D790003E853DB785465686CA8526858299E30033
:10D7A00065F3050A5C443247998FE345FAFEE9BF09
:10D7B000014A930A94017D5BF5B79C45011122CC87
:10D7C00026CA52C406CE4AC84EC656C25AC02A8A73
:10D7D0002E84B28491E7984D854711C3FD571CC430
:10D7E0001C40C18B99E79C421387470098C283A9CC
:10D7F00007000149854A094B084C0DC5631F5507B1
:10D800009C4098235C48BA979C2389EF63170904CE
:10D81000F2406244D2444249B249224A924A024BFF
:10D82000056182801C400509C18B91E79C408509F8
:10D830009C23A38FF9FE9840DC40050798C018444C
:10D84000FD17DCC07D1718C409CBE347F0FA832726
:10D850000418A6855285829745D11C40C18B81EB67
:10D860005C4485075CC41C4C99C3238009001C4898
:10D8700001453E992328240161BF631A6501EFE049
:10D88000EFF69C409C233E951C31A18BC1DFE31633
:10D8900009FC084C8547E312F5FC9DBF5D71972795
:10D8A00000009387E7EACAC03EC236899727000086
:10D8B000938747EA944D3EC4972700009387C7E9B2
:10D8C000A2C44EDE5AD86ECE3EC686C6A6C252DC72
:10D8D00056DA5ED662D466D26AD08D47AA892E8483
:10D8E000B28D170B0000130B4B4D6396F60017EB30
:10D8F000FFFF130B0B9A1C449306C015014A1386B5
:10D90000F7FF63F7C600138A37EA9307D0151CC4E4
:10D910001C408566938606D09304C401D58F1CC035
:10D92000130C4100A68A814B930C002083A70D00A5
:10D9300003250C0009468C23552339CD8547639E6A
:10D94000FB0C5C4099E71C40214758C093E7072037
:10D950001CC01C4093F7F7AF1CC01C441386F7FF94
:10D9600010C49DCB03A60D00138D1A00930716005B
:10D9700023A0FD0010222380CA0003A64D00EA8ADE
:10D980007D1623A2CD006349C00003260418EE854E
:10D990004E85029663180510850B8D47110CE39791
:10D9A000FBF85C4099E3A9475CC05C404848972578
:10D9B00000009385A5D99D8DFD7B056C568D392C76
:10D9C000814A930C0003938BFB6F130C0C8014445F
:10D9D0001040BDCE03A50D004C4803480500C2957C
:10D9E0008C21BDC563189805B3758601A1C5850A4C
:10D9F00063050A0085067D1A14C483A64D00FD1632
:10DA000023A2DD006350D00483A60D00850623A069
:10DA1000DD001444FD1614C45DBF8947E39FFBF28B
:10DA20001C4013F60760E31996F7414758C093E787
:10DA300007101DB73376760110C01421050DA30F12
:10DA4000DDFE65BF83260418EE854E85829671D172
:10DA5000144093F6061085C263FCA4018345FDFFC4
:10DA60008326C417130AFDFF6E864E858296528D5B
:10DA70000545630E9D041840418B39E323000D00DA
:10DA800054400146A6854E85029B14400327090099
:10DA900013F6060211CA930647002320D900184343
:10DAA00008C321A8814A6DB793F5160013064700F5
:10DAB00095CD2320C90018430AA35844050758C42C
:10DAC0001C48B3049D40D694BE9404C80145B6409A
:10DAD000264496440649F259625AD25A425BB25BD6
:10DAE000225C925C025DF24D616182802320C9005C
:10DAF0007DB7011122CC06CE2A8409C91C4D99E7B5
:10DB000032C62EC4EFD03FC33246A245972700004D
:10DB1000938747AA6316F60250401C46FD171CC6A1
:10DB200063D00704184E63C7E70093F7F50F294742
:10DB30006398E70222856244F24005616FD06FF876
:10DB400097270000938707A96314F6001044F1B7E4
:10DB500097270000938707A4E311F6FC504475BF94
:10DB60001C4213F5F50F1387170018C28CA3F2405F
:10DB7000624405618280411122C42A842E85B285C7
:10DB800036869777FF1F23AF07B806C6D52BFD57FC
:10DB90006319F5009777FF1F9387C7B89C4391C31C
:10DBA0001CC0B240224441018280411122C42A8417
:10DBB0002E859777FF1F23A707B606C6EF707FCF86
:10DBC000FD576319F5009777FF1F9387A7B59C430F
:10DBD00091C31CC0B2402244410182809C211307A2
:10DBE000E0056386E7041387150081460146930527
:10DBF00000103308C5002300D8000506E31BB6FE5D
:10DC00001306F7FF9DC393C616009308D0021308AE
:10DC1000D0053306F50014A20C2313061700638306
:10DC200015036384050189E93A863285828013876A
:10DC300025009C3185465DBFAE873287D9BF9307EB
:10DC4000D002E5BF0C33E38C05FFE3CAF5FE0907FC
:10DC500085073306F50014A2E3CCB7FE75BF15C2E5
:10DC60007D160147B307E500B386E5009C239422A7
:10DC70006396D7006304C7000507EDF73385D740E7
:10DC800082800145828079714AD04ECE06D622D458
:10DC900026D2AA892E899304190003C4F4FF3A8579
:10DCA00036C632C42EC23AC0EFE0EFB322951C3123
:10DCB00002479245A18B2246B246A5EF9307D002B8
:10DCC000631BF4069C20054393042900F9CE4147C9
:10DCD0006390E60213070003639CE7009C20130790
:10DCE000800593F7F70D639DE70A9C30C1468904D0
:10DCF0007D57335ED70201480145254FE54EB37885
:10DD0000D702138707FD6363EF04BA8763D0D70692
:10DD1000634C08047D58636AAE006314AE0063C6AA
:10DD2000F80005483385A6023E95850483C7F4FFB5
:10DD3000C9BF26898DB79307B0026305F400A28797
:10DD4000014369B79C2093042900DDBF1387F7FBCB
:10DD500063E5EE00938797FC55BF1387F7F963E7F8
:10DD6000EE00938797FA5DB77D58C1B7635F0800EF
:10DD70009307200223A0F9007D5519EEB2502254DA
:10DD800092540259F24945618280630403003305CD
:10DD9000A0406DD6630408009385F4FF0CC2F9BF60
:10DDA00093070003B1F6A146A1B713070003E38769
:10DDB000E7F2A94635BF938781819C43985309E7D1
:10DDC0001727FF1F1307072E6FF0FFEB011122CC5F
:10DDD0002E84CC5906CE26CA4AC84EC652C49307D2
:10DDE00044046392F50493050040EFE0DFDC11E9A1
:10DDF0007D55F2406244D2444249B249224A05610B
:10DE00008280930700401CDC8347640448D81305D4
:10DE1000D53F3CA1834754041CB1834744041CA153
:10DE200008C00145F9B703298403931919004E86E8
:10DE3000E120AA8455DD330A2501AA854A86528548
:10DE4000EFC0CFAC2320440144D8232C3403D1BFEE
:10DE500089CD9307F00F63F7C7009307A0081CC193
:10DE60007D55828090A105458280014582804111C7
:10DE700022C42A842E85B2859777FF1F23A4078AA0
:10DE800006C6F924FD576319F5009777FF1F93879E
:10DE900067899C4391C31CC0B240224441018280E7
:10DEA000411122C42A842E859777FF1F23AC078651
:10DEB00006C67D24FD576319F5009777FF1F9387EA
:10DEC00067869C4391C31CC0B240224441018280BA
:10DED00093878181AA8588436FE0FFCD93F5F50F85
:10DEE0002A966314C500014582801C21E38EB7FE8B
:10DEF0000505C5BF8280828081E5B2856FE0BFCB1A
:10DF0000011122CC06CE26CA4AC84EC6328401EE82
:10DF1000EFE0FFBF0149F24062444A85D2444249E2
:10DF2000B24905618280AE84AA891D202689E374E6
:10DF300085FEA2854E85EFE01FC82A8969DDA6858A
:10DF40002286EFC0AF9CA6854E85EFE05FBCE1B7AF
:10DF500083A7C5FF1385C7FF63D50700AA959C411A
:10DF60003E95828013D74501B7071000FD1713D8DF
:10DF700046011377F77F9308F07F33FEB700AA8E30
:10DF8000F58FFD81328F1378F87FFD82630B1701C7
:10DF900005436306180163140701630DFE001A852B
:10DFA0008280B368AE000543E39B08FEE319E8FEF8
:10DFB000D18FF5F70543E394EEFF0143E381D5FEEE
:10DFC000054371FF3365AE003333A000C9BF13D7DB
:10DFD0004501B7071000FD1713D846011377F77FE7
:10DFE0009308F07F33F3B7002A8EF58FFD81B28E50
:10DFF0001378F87FFD8263081703630018030DEBA5
:10E00000B368A300631408005D8E29CA6385080401
:10E010006388D502054595ED8280B3E8C700E380AB
:10E0200008FE795582803365A30065FD630CE80224
:10E03000631408005D8E79DEE39ED5FCE34CE8FCBA
:10E0400063480701E3E867FC6303F302637FF300BF
:10E0500081E57D558280F5DE054582800145E39BA3
:10E0600008FA82805D8E69DA6DBF01458280E3E344
:10E07000CEFB0145E372DEFBE5F1E1BF93D745013D
:10E08000B70610001387F6FF93F7F77F1306E03FFC
:10E090002A886D8F0145FD816354F60099C1828005
:10E0A00082801306E0417D55E34BF6FE13053043B5
:10E0B0001D8D7D46558F634AA6009387D7BE3317C3
:10E0C000F7003355A800598D828013053041B307FE
:10E0D000F5403355F70082801DCD411122C406C69C
:10E0E0002A84EFB0DFFA9306E041898EA94793F6C0
:10E0F000F67F63DCA7025515B317A400B207B183FE
:10E100000147B2402244B207D206B183D58F3A8587
:10E11000BE854101828081478146B207D206B18324
:10E120000147D58F3A85BE8582802D47098FB35729
:10E13000E400B207130755013317E400B183D1B7E8
:10E14000930780051767FF1F232EF75C7D5582809C
:10E15000930780051767FF1F2326F75C7D55828094
:10E16000930780051767FF1F232EF75A014582800A
:10E17000930780051767FF1F2326F75A7D55828076
:10E18000930780051767FF1F232EF7587D55828060
:10E1900000C079C4000040C0000000C0000080BF83
:10E1A000000000C00000C0BF000080BF000000BF32
:10E1B000000080BF000000BF000000000000003F22
:10E1C000000000BF00000000000000000000003F51
:10E1D000000000000000003F0000803F0000C03F42
:10E1E0000000003F0000803F0000C03F00000040F2
:10E1F0000000803F000000400000404000C0794423
:10E2000003030202010000030302010100FF0202F6
:10E21000020100FFFF02020100FFFFFE010100FFFB
:10E22000FFFEFE0000FFFFFEFEFD00FFFFFEFEFD05
:10E23000FD000000FDFDFEFEFF0000FDFDFEFFFFF6
:10E240000001FEFEFEFF000101FEFEFF00010102D3
:10E25000FFFF0001010202000001010202030001B0
:10E26000010202030300000000000101010202009C
:10E270000101010202030101010202030301010283
:10E280000203030301020203030303020203030365
:10E290000303020303030303030000000000000064
:10E2A0001F0000001C0000001F0000001E000000F6
:10E2B0001F0000001E0000001F0000001F000000E3
:10E2C0001E0000001F0000001E0000001F000000D4
:10E2D000000080BF0000803FCDCCCCBDCDCCCC3D7C
:10E2E00000007A440000FA44000048420000C8429E
:10E2F0009A99193E6F12833A0AD7A33C9A99993E8C
:10E300000000003F5B434F4E54524F4C5D3E3E3E3B
:10E3100020446570746820686F6C64206163746960
:10E3200076617465642E205461726765743A2025A5
:10E33000642E253032646D0A000000005B434F4EAE
:10E3400054524F4C5D3E3E3E2044657074682068D8
:10E350006F6C642064656163746976617465642EB2
:10E36000000000005B44455054485D2054617267D2
:10E3700065743A200000000025642E253032642C9C
:10E380002043757272656E743A20000025642E2554
:10E390003032642C204F75747075743A2000000080
:10E3A00025642E253032640A000000005B46696255
:10E3B00065722044656275675D20583A2530326485
:10E3C0002C20593A253032642C205A3A25303264B8
:10E3D0002C205961773A253032642C2025756D73D5
:10E3E0002061676F0D0A00005B46696265725D3EE1
:10E3F0003E3E20496E697420535543434553532E86
:10E400000D0000000000FA4300004040000040C042
:10E41000CDCC4C3D000020410000A040F012000097
:10E420000E13000016130000321300003A13000010
:10E4300000000000000059400000000000004E40B5
:10E4400024474E47474100002447504747410000BA
:10E45000256C660024474E5A444100002447505A18
:10E46000444100005B4750535D3E3E3E20496E698B
:10E47000742053554343455353210D005B485720A7
:10E48000493243315D3E3E3E205363616E6E696E9C
:10E49000672E2E2E0D0000005B4857204932433175
:10E4A0005D3E3E3E20466F756E642064657669630E
:10E4B00065206174203078253032580D0A00000044
:10E4C0005B485720493243315D3E3E3E20536361F5
:10E4D0006E20646F6E652120546F74616C3A202544
:10E4E0006420446576696365732E0D0A00000000A0
:10E4F0005B485720493243325D3E3E3E20536361C4
:10E500006E6E696E672E2E2E0D0000005B48572040
:10E51000493243325D3E3E3E20466F756E64206454
:10E520006576696365206174203078253032580D36
:10E530000A0000005B485720493243325D3E3E3EB0
:10E54000205363616E20646F6E652120546F746187
:10E550006C3A20256420446576696365732E0D0A44
:10E56000000000005B4A593631505D3E3E3E204976
:10E570006E69742053554343455353210D000000E9
:10E58000000000000000E03F000000000000E0BFCD
:10E590005B4A593631505D3E3E3E205961773A2004
:10E5A00025642E25303264206465672C2050697400
:10E5B00063683A2025642E25303264206465672C18
:10E5C00020526F6C6C3A2025642E25303264206412
:10E5D00065670D0A000000005B4A593631505D3E08
:10E5E0003E3E20416363783A2025642E2530336413
:10E5F00020672C20416363793A2025642E2530332F
:10E600006420672C204163637A3A2025642E2530EC
:10E61000336420670D0A00005B4A593631505D3E75
:10E620003E3E20416E6756783A2025642E253032D2
:10E6300064206465672F732C20416E6756793A20F9
:10E6400025642E25303264206465672F732C2041A9
:10E650006E67567A3A2025642E2530326420646530
:10E66000672F730D0A0000000000344300000038DB
:10E67000000080415B4C696E757820436F6E6E655B
:10E6800063745D3E3E3E20496E697420535543439A
:10E69000455353210D0000000000B4420000B44374
:10E6A000CDCC4C4000000000182D4454FB21094003
:10E6B0005B4D4D43353630335D3E3E3E2050726FEC
:10E6C00064756374204944203D20307825303258E9
:10E6D0000D0A00005B4D4D43353630335D3E3E3E06
:10E6E000204944206D69736D617463682120457809
:10E6F00070656374656420307831300D000000006F
:10E700005B4D4D43353630335D3E3E3E20435452E3
:10E710004C312073657420746F203078303020289D
:10E72000362E366D73204257290D00005B4D4D4348
:10E73000353630335D3E3E3E20537461747573311F
:10E7400020636C6561726564202876616C75653D37
:10E75000307825303258290D0A0000005B4D4D43BA
:10E76000353630335D3E3E3E20496E697420535548
:10E770004343455353210D0056414C49440000008A
:10E78000494E56414C4944005B4D4D43353630337C
:10E790005D3E3E3E204D6167583A2564206D4773CB
:10E7A0002C204D6167593A2564206D47732C204D0C
:10E7B00061675A3A2564206D47732C20546F746149
:10E7C0006C3A2564206D47732C2048656164696E3E
:10E7D000673A25642E25303264206465672C202535
:10E7E000730D0A000000803800507D44E926234163
:10E7F0005B4D53353833375D3E3E3E20496E69747C
:10E800002053554343455353210D00005B4D533571
:10E810003833375D3E3E3E2050524F4D2061726589
:10E820003A2043313A2025752C2043323A20257571
:10E830002C2043333A2025752C2043343A2025756B
:10E840002C2043353A2025752C2043363A20257557
:10E850000D0A00005B4D53353833375D3E3E3E2098
:10E8600054656D703A202D25642E25303264206465
:10E870006567432C2050726573733A202564206DC0
:10E880006261722C2044657074683A202564206DA2
:10E890006D2C2025730D0A005B4D53353833375DE1
:10E8A0003E3E3E2054656D703A2025642E25303260
:10E8B0006420646567432C2050726573733A202589
:10E8C00064206D6261722C2044657074683A202562
:10E8D00064206D6D2C2025730D0A00005B4D5335AF
:10E8E0003833375D3E3E3E20435243204572726FBF
:10E8F000722120526561643A20307825582C2043DB
:10E90000616C63756C617465643A20307825580DCC
:10E910000A0000005B4D53353833375D3E3E3E20E4
:10E9200052657365743A204275732062757379205D
:10E9300074696D656F7574210D0000005B4D533572
:10E940003833375D3E3E3E2052657365743A20533E
:10E95000544152542074696D656F7574210D000027
:10E960005B4D53353833375D3E3E3E20526573650F
:10E97000743A20416464726573732074696D656FC5
:10E980007574210D000000005B4D53353833375D41
:10E990003E3E3E2052657365743A204461746120A6
:10E9A00074696D656F7574210D0000005B4D533502
:10E9B0003833375D3E3E3E20537461727450726549
:10E9C00073733A2042757320627573792074696D90
:10E9D000656F7574210D00005B4D53353833375D1D
:10E9E0003E3E3E20537461727454656D703A20420D
:10E9F000757320627573792074696D656F75742104
:10EA00000D000000A8320000B2320000BC3200004D
:10EA1000C6320000D0320000D83200005B50574DA3
:10EA20005D3E3E3E20496E69742053554343455335
:10EA3000532E0D005B50574D5D3E3E3E2045727299
:10EA40006F723A2050574D5F536574447574795F07
:10EA5000757328292057524F4E47204348414E4E48
:10EA6000454C2128302D3529000000005B535049CA
:10EA700020464C4153485D3E3E3E20496E6974201D
:10EA800053554343455353210D0000005B535049F8
:10EA900020464C4153485D3E3E3E2043686970200D
:10EAA0006A656465635F6964206973202558202561
:10EAB000582025580D0A00005B53504920464C4110
:10EAC00053485D3E3E3E204368697020697320577D
:10EAD000323551353132202836344D6567614279FF
:10EAE000746573290D000000E22E654235FA8E3CF4
:10EAF000826DC24A0000C841000070420AD7A33D9F
:10EB00009A99993F3333333F8FC2F53D000034C3A8
:10EB100000007041CDCC4C3FDA0F4940000048C2A4
:10EB2000E84500002C470000CC480000E448000005
:10EB3000E8480000EC480000FE480000434833323B
:10EB4000563330372053797374656D436C6B3A25B7
:10EB50007520487A0D0A0000000000400000C03F08
:10EB6000CDCC4C3E000020405B46757A7A79504906
:10EB7000445D20436F6E74726F6C205379737465BB
:10EB80006D20496E697469616C697A65642E0D0047
:10EB9000443A252E326620543A252E326620483AD1
:10EBA000252E3166204B703A252E32660D0A000064
:10EBB000F4FD343FF4FD34BF0AD7233C00247449EC
:10EBC0000000000080842E415B4C696E7578204304
:10EBD0006F6E6E6563745D3E3E3E2052656365698F
:10EBE00076656420506F696E74733A2025642C201A
:10EBF0004865616465723A3078253032582C20437C
:10EC000052433A3078253032580D0A005B4C696E19
:10EC1000757820436F6E6E6563745D3E3E3E204E98
:10EC2000756D3A253033642C204C6F6E3A25632580
:10EC3000642E253036642C204C61743A256325649B
:10EC40002E253036642C204465703A256325642EC9
:10EC5000253032640D0A00005B5359532054494358
:10EC60004B5D3E3E3E202564730D0A005B535953B5
:10EC7000205343484544554C455D3E3E3E20437538
:10EC80007272656E742053797374656D205374616C
:10EC900074653A20253032640D0A00005B535953E5
:10ECA000205343484544554C455D3E3E3E20437508
:10ECB0007272656E74204D6F74696F6E205374614B
:10ECC00074653A20253032640D0A00005B506F777E
:10ECD000657220426F6172645D3E3E3E2056425531
:10ECE000533A253035646D412C2035563A25303461
:10ECF000646D412C203132563A253034646D412EFA
:10ED00000D0A00005B434F4E54524F4C5D3E3E3E59
:10ED10002054313A253034642C2054323A25303492
:10ED2000642C2054333A253034642C2054343A2552
:10ED30003034642C2054353A253034642C20543639
:10ED40003A25303464202850574D204C5342290D29
:10ED50000A0000005B4750535D3E3E3E20436F6F0C
:10ED60007264696E6174653A2025642E25303664BC
:10ED700064656725632C2025642E25303664646520
:10ED80006725632C2025730D0A0000005B47505354
:10ED90005D3E3E3E20424A545F4461746574696D35
:10EDA000653A20253034642D253032642D253032EB
:10EDB0006420253032643A253032643A253032649A
:10EDC0000A5B4750535D3E3E3E205554435F5469B5
:10EDD0006D655374616D703A25640D0A0000000082
:10EDE0007371727400000000737172746600000029
:10EDF000DB0FC93FDB0F4940DB0F49C0000000803B
:10EE0000DB0FC9BFE4CB1640E4CB16C0DB0F493F94
:10EE1000DB0F49BF2EBDBB33800FC93F434435379D
:10EE20000044353708A3852E84F9223F00A3852EA0
:10EE300032318D2400008043000FC93F000F49404C
:10EE400000CB9640000FC9400053FB4000CB164159
:10EE500000ED2F41000F49410031624100537B41D9
:10EE6000003A8A4100CB9641005CA34100EDAF41DE
:10EE7000007EBC41000FC94100A0D5410031E241F4
:10EE800000C2EE410053FB4100F20342003A0A4245
:10EE90000083104200CB164200141D42005C234246
:10EEA00000A5294200ED2F4200363642007E3C424A
:10EEB00000C74242000F4942A2000000F9000000D2
:10EEC000830000006E0000004E00000044000000BF
:10EED0001500000029000000FC00000027000000D1
:10EEE00057000000D1000000F500000034000000D1
:10EEF000DD000000C0000000DB0000006200000038
:10EF000095000000990000003C0000004300000054
:10EF10009000000041000000FE00000051000000D1
:10EF200063000000AB000000DE000000BB0000003A
:10EF3000C500000061000000B700000024000000D0
:10EF40006E0000003A000000420000004D0000008A
:10EF5000D2000000E00000000600000049000000B0
:10EF60002E000000EA00000009000000D1000000AF
:10EF7000920000001C000000FE0000001D000000C8
:10EF8000EB0000001C000000B100000029000000A0
:10EF9000A70000003E000000E80000008200000022
:10EFA00035000000F50000002E000000BB0000004E
:10EFB0004400000084000000E90000009C00000004
:10EFC0007000000026000000B40000005F00000098
:10EFD0007E000000410000003900000091000000A8
:10EFE000D60000003900000083000000530000003C
:10EFF00039000000F40000009C00000084000000C4
:10F000005F0000008B000000BD000000F900000060
:10F01000280000003B0000001F000000F800000076
:10F0200097000000FF000000DE0000000500000067
:10F03000980000000F000000EF0000002F0000000B
:10F04000110000008B0000005A0000000A000000C0
:10F050006D0000001F0000006D0000003600000081
:10F060007E000000CF00000027000000CB00000061
:10F0700009000000B70000004F000000460000003B
:10F080003F000000660000009E0000005F000000DE
:10F09000EA0000002D0000007500000027000000BD
:10F0A000BA000000C7000000EB000000E50000000F
:10F0B000F10000007B0000003D00000007000000A0
:10F0C00039000000F70000008A0000005200000034
:10F0D00092000000EA0000006B000000FB0000004E
:10F0E0005F000000B10000001F0000008D00000064
:10F0F0005D00000008000000560000000300000052
:10F100003000000046000000FC0000007B00000012
:10F110006B000000AB000000F0000000CF0000001A
:10F12000BC000000200000009A000000F400000075
:10F13000360000001D000000A9000000E3000000F0
:10F1400091000000610000005E000000E600000089
:10F150001B0000000800000065000000990000008E
:10F16000850000005F00000014000000A000000007
:10F1700068000000400000008D000000FF0000005B
:10F18000D8000000800000004D0000007300000067
:10F19000270000003100000006000000060000000B
:10F1A0001500000056000000CA00000073000000B7
:10F1B000A8000000C900000060000000E20000009C
:10F1C0007B000000C00000008C0000006B0000000D
:10F1D0000000383F0000903E4ED747ADF6740F3127
:10F1E0007CF29334010DD037610BB63AABAA2A3DBD
:10F1F0000000C93F0000F0390000DA370000A233F8
:10F200000000842E0000502B0000C2270000D022F6
:10F210000000C41F0000C61B000044170000C93FC7
:10F220000000803B0000003E0000004104000000A0
:10F230000700000009000000D3C92E2F342FD73259
:10F240001BEF3836010D50398988083CABAA2A3E9D
:10F25000CAF24971D769853C59DA4B3D356B883D17
:10F260006E2EBA3D2549123EABAAAA3E21A215BD7B
:10F270006BF16E3D95879D3D388EE33D3863ED3EE5
:10F28000DA0F493F5E987B3FDA0FC93F6937AC31EF
:10F2900068212233B40F14336821A2330000004CDC
:10F2A0006042A20D000000332A89FFFFAE87FFFFF6
:10F2B000BE88FFFFC688FFFFBE88FFFFDE87FFFF17
:10F2C000BE88FFFFC688FFFFAE87FFFFAE87FFFF48
:10F2D000DE87FFFFC688FFFF2089FFFF2089FFFF31
:10F2E0002089FFFFDE87FFFF228FFFFF148EFFFFC5
:10F2F000148EFFFF128EFFFF1A8EFFFF1A8EFFFF84
:10F30000E08DFFFF128EFFFF1A8EFFFFE08DFFFFE3
:10F310001A8EFFFF128EFFFF0E8FFFFF0E8FFFFF73
:10F320000E8FFFFFE08DFFFF029FFFFF289EFFFF74
:10F33000FC9EFFFF309EFFFFFC9EFFFFF69DFFFF40
:10F34000FC9EFFFF309EFFFF289EFFFF289EFFFFD1
:10F35000F69DFFFF309EFFFF369EFFFF369EFFFFAC
:10F36000369EFFFFF69DFFFFE89DFFFFE89DFFFF34
:10F37000BC9EFFFF989FFFFFBC9EFFFFB69DFFFF57
:10F38000BC9EFFFF989FFFFFE89DFFFFE89DFFFFEA
:10F39000B69DFFFF989FFFFFF69DFFFFF69DFFFFC5
:10F3A000F69DFFFFB69DFFFF6CA2FFFFBAA1FFFF16
:10F3B000BAA1FFFFB8A1FFFFBEA1FFFFBEA1FFFFE3
:10F3C0008EA1FFFFB8A1FFFFBEA1FFFF8EA1FFFF2F
:10F3D000BEA1FFFFB8A1FFFF5AA2FFFF5AA2FFFF85
:10F3E0005AA2FFFF8EA1FFFF0001020203030303E5
:10F3F00004040404040404040505050505050505C5
:10F4000005050505050505050606060606060606A4
:10F41000060606060606060606060606060606068C
:10F420000606060606060606070707070707070774
:10F43000070707070707070707070707070707075C
:10F44000070707070707070707070707070707074C
:10F45000070707070707070707070707070707073C
:10F460000707070707070707080808080808080824
:10F47000080808080808080808080808080808080C
:10F4800008080808080808080808080808080808FC
:10F4900008080808080808080808080808080808EC
:10F4A00008080808080808080808080808080808DC
:10F4B00008080808080808080808080808080808CC
:10F4C00008080808080808080808080808080808BC
:10F4D00008080808080808080808080808080808AC
:10F4E000080808080808080842B1FFFF2EB1FFFF0E
:10F4F00060B1FFFF66B1FFFF42B1FFFF00000000F7
:10F50000000000000000F03F00000000000000408C
:10F510000000C0FFFFFFDF419535A094FFFFDF3FF4
:10F5200035E5AF350000E03F9535A094FFFFCF3FB4
:10F530006E660000696E697479000000616E0000FB
:10F5400035000000CEFBFFFFCB03000001000000F0
:10F550000000000034000000CEFBFFFFCB030000E2
:10F560000100000000000000BC89D897B2D29C3C8A
:10F5700033A7A8D523F649393DA7F444FD0FA5329A
:10F580009D978CCF08BA5B25436FAC642806681141
:10F59000000000000000000000000000000000006B
:10F5A000000000000000000000000000000000005B
:10F5B000000000000000000000000000000000004B
:10F5C000000000000000000000000000000000003B
:10F5D000000000000000000000000000000000002B
:10F5E000000000000000000000000000000000001B
:10F5F00043000000504F5349580000002E00000007
:10F600000080E03779C34143176E05B5B5B893461E
:10F61000F5F93FE9034F384D321D30F94877825AEA
:10F620003CBF737FDD4F1575000000000000F03F08
:10F6300000000000000024400000000000005940CD
:10F640000000000000408F40000000000088C34020
:10F6500000000000006AF8400000000080842E4195
:10F6600000000000D01263410000000084D79741E1
:10F670000000000065CDCD41000000205FA00242E7
:10F68000000000E876483742000000A2941A6D425C
:10F69000000040E59C30A2420000901EC4BCD6424F
:10F6A00000003426F56B0C430080E03779C34143FA
:10F6B00000A0D8855734764300C84E676DC1AB4370
:10F6C000003D9160E458E143408CB5781DAF15448E
:10F6D00050EFE2D6E41A4B4492D54D06CFF0804469
:10F6E000F64AE1C7022DB544B49DD9794378EA447E
:10F6F00005000000190000007D000000686C4C004F
:10F70000232D302B2000000065666745464700002A
:10F710003031323334353637383941424344454647
:10F720000000000030313233343536373839616209
:10F730006364656600000000412D46612D6638391E
:10F7400030313233343536375D0000002B2D000068
:10F750003030000078580000002020202020202099
:10F760002020282828282820202020202020202071
:10F770002020202020202020208810101010101081
:10F7800010101010101010101004040404040404CD
:10F790000404041010101010101041414141414167
:10F7A0000101010101010101010101010101010149
:10F7B0000101010110101010101042424242424259
:10F7C0000202020202020202020202020202020219
:10F7D00002020202101010102000000000000000C1
:10F7E0000000000000000000000000000000000019
:10F7F0000000000000000000000000000000000009
:10F8000000000000000000000000000000000000F8
:10F8100000000000000000000000000000000000E8
:10F8200000000000000000000000000000000000D8
:10F8300000000000000000000000000000000000C8
:10F8400000000000000000000000000000000000B8
:0CF85000000000000000000000000000AC
:10F85C0000000000000000004E000000000000004E
:10F86C000000000000000000450000000000000047
:10F87C000000000000000000010203040607080954
:10F88C00000000000102030401020304060708093A
:10F89C0000000000B0F50000D0F5000090F500006D
:10F8AC00000000000000000000000000000000004C
:10F8BC00000000000000000000000000000000003C
:10F8CC00000000000000000000000000000000002C
:10F8DC00000000000000000000000000000000001C
:10F8EC00000000000000000000000000000000000C
:10F8FC0043000000000000000000000000000000B9
:10F90C0000000000000000000000000000000000EB
:10F91C004300000000000000000000000000000098
:10F92C0000000000000000000000000000000000CB
:10F93C004300000000000000000000000000000078
:10F94C0000000000000000000000000000000000AB
:10F95C004300000000000000000000000000000058
:10F96C00000000000000000000000000000000008B
:10F97C004300000000000000000000000000000038
:10F98C00000000000000000000000000000000006B
:10F99C004300000000000000000000000000000018
:10F9AC00000000000000000000000000000000004B
:10F9BC0043000000000000000000000000000000F8
:10F9CC00000000000000000000000000000000002B
:10F9DC0050DE00002CC100000000000058F70000B1
:10F9EC00FCF50000ECE40000ECE40000ECE40000AA
:10F9FC00ECE40000ECE40000ECE40000ECE40000BB
:10FA0C00ECE40000ECE40000FFFFFFFFFFFFFFFF52
:10FA1C00FFFFFFFFFFFF0000010041534349490076
:10FA2C0000000000000000000000000000000000CA
:10FA3C000000000000000000000041534349490051
:10FA4C0000000000000000000000000000000000AA
:10FA5C00000000000000000000000000000000009A
:10FA6C0001000000FFFFFF01004495080204060896
:10FA7C00244700200100000040000020400000202E
:00000001FF
