
CH32V303CBT6.elf:     file format elf32-littleriscv
CH32V303CBT6.elf
architecture: riscv:rv32, flags 0x00000112:
EXEC_P, HAS_SYMS, D_PAGED
start address 0x00000000

Program Header:
    LOAD off    0x00001000 vaddr 0x00000000 paddr 0x00000000 align 2**12
         filesz 0x00006c80 memsz 0x00006c80 flags r-x
    LOAD off    0x00008000 vaddr 0x20000000 paddr 0x00006c80 align 2**12
         filesz 0x00000108 memsz 0x0000102c flags rw-
    LOAD off    0x00008800 vaddr 0x20007800 paddr 0x20007800 align 2**12
         filesz 0x00000000 memsz 0x00000800 flags rw-

Sections:
Idx Name          Size      VMA       LMA       File off  Algn
  0 .init         00000004  00000000  00000000  00001000  2**1
                  CONTENTS, ALLOC, LOAD, READONLY, CODE
  1 .vector       000001bc  00000004  00000004  00001004  2**1
                  CONTENTS, ALLOC, LOAD, READONLY, CODE
  2 .text         00006ac0  000001c0  000001c0  000011c0  2**2
                  CONTENTS, ALLOC, LOAD, READONLY, CODE
  3 .fini         00000000  00006c80  00006c80  00008108  2**0
                  CONTENTS, ALLOC, LOAD, CODE
  4 .dalign       00000000  20000000  20000000  00008108  2**0
                  CONTENTS
  5 .dlalign      00000000  00006c80  00006c80  00008108  2**0
                  CONTENTS
  6 .data         00000108  20000000  00006c80  00008000  2**2
                  CONTENTS, ALLOC, LOAD, DATA
  7 .bss          00000f24  20000108  00006d88  00008108  2**2
                  ALLOC
  8 .stack        00000800  20007800  20007800  00008800  2**0
                  ALLOC
  9 .debug_info   00020f3f  00000000  00000000  00008108  2**0
                  CONTENTS, READONLY, DEBUGGING
 10 .debug_abbrev 00004c88  00000000  00000000  00029047  2**0
                  CONTENTS, READONLY, DEBUGGING
 11 .debug_loc    000098e5  00000000  00000000  0002dccf  2**0
                  CONTENTS, READONLY, DEBUGGING
 12 .debug_aranges 00000dd0  00000000  00000000  000375b8  2**3
                  CONTENTS, READONLY, DEBUGGING
 13 .debug_ranges 00000f98  00000000  00000000  00038388  2**3
                  CONTENTS, READONLY, DEBUGGING
 14 .debug_line   0001881a  00000000  00000000  00039320  2**0
                  CONTENTS, READONLY, DEBUGGING
 15 .debug_str    000046b7  00000000  00000000  00051b3a  2**0
                  CONTENTS, READONLY, DEBUGGING
 16 .comment      00000033  00000000  00000000  000561f1  2**0
                  CONTENTS, READONLY
 17 .debug_frame  00002cec  00000000  00000000  00056224  2**2
                  CONTENTS, READONLY, DEBUGGING
 18 .stab         00000084  00000000  00000000  00058f10  2**2
                  CONTENTS, READONLY, DEBUGGING
 19 .stabstr      00000117  00000000  00000000  00058f94  2**0
                  CONTENTS, READONLY, DEBUGGING
SYMBOL TABLE:
00000000 l    d  .init	00000000 .init
00000004 l    d  .vector	00000000 .vector
000001c0 l    d  .text	00000000 .text
00006c80 l    d  .fini	00000000 .fini
20000000 l    d  .dalign	00000000 .dalign
00006c80 l    d  .dlalign	00000000 .dlalign
20000000 l    d  .data	00000000 .data
20000108 l    d  .bss	00000000 .bss
20007800 l    d  .stack	00000000 .stack
00000000 l    d  .debug_info	00000000 .debug_info
00000000 l    d  .debug_abbrev	00000000 .debug_abbrev
00000000 l    d  .debug_loc	00000000 .debug_loc
00000000 l    d  .debug_aranges	00000000 .debug_aranges
00000000 l    d  .debug_ranges	00000000 .debug_ranges
00000000 l    d  .debug_line	00000000 .debug_line
00000000 l    d  .debug_str	00000000 .debug_str
00000000 l    d  .comment	00000000 .comment
00000000 l    d  .debug_frame	00000000 .debug_frame
00000000 l    d  .stab	00000000 .stab
00000000 l    d  .stabstr	00000000 .stabstr
00000000 l    df *ABS*	00000000 ./Startup/startup_ch32v30x_D8.o
00000004 l       .vector	00000000 _vector_base
00000000 l    df *ABS*	00000000 Touch.c
00000000 l    df *ABS*	00000000 app_km.c
00000000 l    df *ABS*	00000000 ch32v30x_usbfs_host.c
00001ec8 l     F .text	00000026 USBFSH_SetSelfSpeed.part.0
20000098 l     O .data	00000008 SetupClearEndpStall
200000a0 l     O .data	00000008 SetupGetCfgDesc
200000a8 l     O .data	00000008 SetupGetDevDesc
200000b0 l     O .data	00000008 SetupGetStrDesc
200000b8 l     O .data	00000008 SetupSetAddr
200000c0 l     O .data	00000008 SetupSetConfig
00000000 l    df *ABS*	00000000 usb_host_hid.c
200000c8 l     O .data	00000008 SetupGetHidDes
200000d0 l     O .data	00000008 SetupSetReport
200000d8 l     O .data	00000008 SetupSetidle
00000000 l    df *ABS*	00000000 usb_host_hub.c
200000e0 l     O .data	00000008 ClearPortFeature
200000e8 l     O .data	00000008 GetHubDescr
200000f0 l     O .data	00000008 GetPortStatus
200000f8 l     O .data	00000008 SetPortFeature
00000000 l    df *ABS*	00000000 usb_touch_relay.c
20000108 l     O .bss	00000004 g_hid_packet_count
2000010c l     O .bss	00000004 g_touch_event_count
20000110 l     O .bss	00000004 tx_count.5798
20000080 l     O .data	00000001 last_tip
20000082 l     O .data	00000002 last_x
20000084 l     O .data	00000002 last_y
00000000 l    df *ABS*	00000000 Clock.c
00000000 l    df *ABS*	00000000 Fiber.c
20000120 l     O .bss	00000006 rx_buf
20000126 l     O .bss	00000001 rx_cnt
20000128 l     O .bss	00000006 tx_buf
2000012e l     O .bss	00000001 tx_busy
2000012f l     O .bss	00000001 tx_cnt
00000000 l    df *ABS*	00000000 OLED.c
00000000 l    df *ABS*	00000000 SIM.c
20000d28 l     O .bss	00000200 sim_tx_buf
20000134 l     O .bss	00000002 sim_tx_head
20000136 l     O .bss	00000002 sim_tx_tail
00000000 l    df *ABS*	00000000 ch32v30x_it.c
00000000 l    df *ABS*	00000000 main.c
00000000 l    df *ABS*	00000000 stick.c
20000140 l     O .bss	00000008 ADC_DMA_Buffer
20000086 l     O .data	00000001 btn1_last
20000087 l     O .data	00000001 btn2_last
00000000 l    df *ABS*	00000000 system_ch32v30x.c
00000000 l    df *ABS*	00000000 ch32v30x_adc.c
00000000 l    df *ABS*	00000000 ch32v30x_dbgmcu.c
00000000 l    df *ABS*	00000000 ch32v30x_dma.c
00000000 l    df *ABS*	00000000 ch32v30x_gpio.c
00000000 l    df *ABS*	00000000 ch32v30x_misc.c
00000000 l    df *ABS*	00000000 ch32v30x_rcc.c
20000010 l     O .data	00000010 APBAHBPrescTable
2000008c l     O .data	00000004 ADCPrescTable
00000000 l    df *ABS*	00000000 ch32v30x_tim.c
00000000 l    df *ABS*	00000000 ch32v30x_usart.c
00000000 l    df *ABS*	00000000 debug.c
2000015c l     O .bss	00000002 p_ms
2000015e l     O .bss	00000001 p_us
20000090 l     O .data	00000004 curbrk.5229
00000000 l    df *ABS*	00000000 memchr.c
00000000 l    df *ABS*	00000000 memcpy.c
00000000 l    df *ABS*	00000000 printf.c
00000000 l    df *ABS*	00000000 puts.c
00000000 l    df *ABS*	00000000 strstr.c
00000000 l    df *ABS*	00000000 wbuf.c
00000000 l    df *ABS*	00000000 wsetup.c
00000000 l    df *ABS*	00000000 fflush.c
00000000 l    df *ABS*	00000000 findfp.c
00004df8 l     F .text	00000066 std
00000000 l    df *ABS*	00000000 fwalk.c
00000000 l    df *ABS*	00000000 makebuf.c
00000000 l    df *ABS*	00000000 nano-mallocr.c
00000000 l    df *ABS*	00000000 nano-mallocr.c
00000000 l    df *ABS*	00000000 nano-vfprintf.c
0000528a l     F .text	00000028 __sfputc_r
00000000 l    df *ABS*	00000000 nano-vfprintf_i.c
00000000 l    df *ABS*	00000000 sbrkr.c
00000000 l    df *ABS*	00000000 stdio.c
00000000 l    df *ABS*	00000000 writer.c
00000000 l    df *ABS*	00000000 closer.c
00000000 l    df *ABS*	00000000 fstatr.c
00000000 l    df *ABS*	00000000 isattyr.c
00000000 l    df *ABS*	00000000 lseekr.c
00000000 l    df *ABS*	00000000 mlock.c
00000000 l    df *ABS*	00000000 readr.c
00000000 l    df *ABS*	00000000 close.c
00000000 l    df *ABS*	00000000 fstat.c
00000000 l    df *ABS*	00000000 isatty.c
00000000 l    df *ABS*	00000000 lseek.c
00000000 l    df *ABS*	00000000 read.c
00000000 l    df *ABS*	00000000 OLED_Data.c
00000000 l    df *ABS*	00000000 impure.c
20000020 l     O .data	00000060 impure_data
00000000 l    df *ABS*	00000000 reent.c
00003e06  w      .text	00000000 EXTI2_IRQHandler
00003e06  w      .text	00000000 TIM8_TRG_COM_IRQHandler
00003e06  w      .text	00000000 TIM8_CC_IRQHandler
00005a86 g     F .text	00000028 _isatty_r
00004996 g     F .text	000000d4 _puts_r
00005aae g     F .text	0000002c _lseek_r
0000420a g     F .text	00000014 DMA_Cmd
00003038 g     F .text	0000005c OLED_ShowNum
00003e06  w      .text	00000000 UART8_IRQHandler
00004956 g     F .text	00000040 printf
20000880 g       .data	00000000 __global_pointer$
000001c8 g     F .text	00000028 .hidden __riscv_save_8
00003e06  w      .text	00000000 TIM1_CC_IRQHandler
000059d0 g     F .text	00000030 __sseek
00004eae g     F .text	0000006c __sinit
00004aaa g     F .text	000000bc __swbuf_r
00003630 g     F .text	00000010 HardFault_Handler
000064d4 g     O .text	000005f0 OLED_F8x16
2000013c g     O .bss	00000004 touch_deal_time
00004e68 g     F .text	00000046 __sfmoreglue
00005adc g     F .text	00000002 __malloc_unlock
00003f38 g     F .text	00000012 ADC_DMACmd
0000246e g     F .text	00000022 USBFSH_ClearEndpStall
00000214 g     F .text	0000000c .hidden __riscv_restore_3
00001304 g     F .text	00000034 HUB_CheckPortSpeed
00003e06  w      .text	00000000 TIM6_IRQHandler
00003e06  w      .text	00000000 SysTick_Handler
00003f5c g     F .text	0000000a ADC_StartCalibration
000042f8 g     F .text	0000005c NVIC_Init
000024d4 g     F .text	0000003c USBFSH_SendEndpData
00003e06  w      .text	00000000 PVD_IRQHandler
00002416 g     F .text	00000036 USBFSH_SetUsbAddress
00003e06  w      .text	00000000 SDIO_IRQHandler
00003e06  w      .text	00000000 TIM9_BRK_IRQHandler
00000200 g     F .text	00000020 .hidden __riscv_restore_10
00003e06  w      .text	00000000 DMA2_Channel8_IRQHandler
0000362e g     F .text	00000002 NMI_Handler
00003e06  w      .text	00000000 EXTI3_IRQHandler
000001c8 g     F .text	00000028 .hidden __riscv_save_11
0000405c g     F .text	0000000a DBGMCU_GetCHIPID
00002ca0 g     F .text	00000020 OLED_I2C_Start
00001eee g     F .text	00000042 USBFS_RCC_Init
20000150 g     O .bss	00000008 Stick2
000046e2 g     F .text	0000000a USART_GetFlagStatus
00003e06  w      .text	00000000 DMA2_Channel9_IRQHandler
00005a5c g     F .text	0000002a _fstat_r
00002352 g     F .text	0000006a USBFSH_GetConfigDescr
00003e06  w      .text	00000000 TIM10_CC_IRQHandler
200006a8 g     O .bss	00000040 USBFS_RX_Buf
20001028 g     O .bss	00000004 errno
20000108 g       .bss	00000000 _sbss
00000800 g       *ABS*	00000000 __stack_size
000047ce g     F .text	0000005a USART_Printf_Init
000041d2 g     F .text	00000038 DMA_Init
2000057c g     O .bss	0000010a HostCtl
000006b0 g     F .text	00000042 USBH_AnalyseType
00000672 g     F .text	0000001e USBH_SetUsbAddress
0000244c g     F .text	00000022 USBFSH_SetUsbConfig
00003e06  w      .text	00000000 USBFS_IRQHandler
00000214 g     F .text	0000000c .hidden __riscv_restore_2
000048a4 g     F .text	000000b2 memcpy
00003f28 g     F .text	00000010 ADC_Cmd
00000462 g     F .text	00000070 TIM4_Init
00002df0 g     F .text	000000c6 OLED_Init
00004e5e g     F .text	0000000a _cleanup_r
00002510 g     F .text	00000038 HID_GetHidDesr
00003e06  w      .text	00000000 EXTI0_IRQHandler
00003e06  w      .text	00000000 I2C2_EV_IRQHandler
00003e06  w      .text	00000000 TIM10_TRG_COM_IRQHandler
000045a8 g     F .text	00000018 TIM_Cmd
00002548 g     F .text	00000034 HID_SetReport
00004a6a g     F .text	0000000c puts
00000642 g     F .text	00000016 USBH_EnableRootHubPort
20000088 g     O .data	00000004 SystemCoreClock
000046da g     F .text	00000008 USART_ReceiveData
00002692 g     F .text	000000ec Send_Touch_Packet
000004d2 g     F .text	0000004c Touch_Init
00005b16 g     F .text	0000000c _fstat
00000004 g       .init	00000000 _einit
000045ea g     F .text	0000000c TIM_ClearITPendingBit
00003318 g     F .text	00000100 SIM_SendCmd
00002f20 g     F .text	000000dc OLED_ShowImage
0000448a g     F .text	0000001e RCC_APB2PeriphClockCmd
000001c0 g     F .text	00000030 .hidden __riscv_save_12
00003e06  w      .text	00000000 ADC1_2_IRQHandler
0000421e g     F .text	000000c0 GPIO_Init
00004354 g     F .text	00000012 RCC_ADCCLKConfig
00003e06  w      .text	00000000 Break_Point_Handler
00000200 g     F .text	00000020 .hidden __riscv_restore_11
20000158 g     O .bss	00000004 NVIC_Priority_Group
00003e06  w      .text	00000000 SPI1_IRQHandler
00003f4a g     F .text	0000000a ADC_ResetCalibration
00004686 g     F .text	00000016 USART_Cmd
00005932 g     F .text	0000002a _sbrk_r
00003e06  w      .text	00000000 TAMPER_IRQHandler
000001f0 g     F .text	0000000c .hidden __riscv_save_1
00001338 g     F .text	000001ca USBH_EnumHubPortDevice
00000214 g     F .text	0000000c .hidden __riscv_restore_0
00005ade g     F .text	0000002c _read_r
000001d6 g     F .text	0000001a .hidden __riscv_save_7
00004728 g     F .text	00000014 USART_ClearITPendingBit
00002956 g     F .text	0000005c Clock_Init
00006124 g     O .text	00000172 OLED_CF16x16
00003e06  w      .text	00000000 TIM8_UP_IRQHandler
000044a8 g     F .text	0000001e RCC_APB1PeriphClockCmd
00003e06  w      .text	00000000 Ecall_M_Mode_Handler
20007800 g       .stack	00000000 _heap_end
20000568 g     O .bss	00000012 DevDesc_Buf
00005b22 g     F .text	0000000c _isatty
00004762 g     F .text	00000036 Delay_Us
20000100 g     O .data	00000004 _global_impure_ptr
0000020a g     F .text	00000016 .hidden __riscv_restore_5
00003e06  w      .text	00000000 DMA2_Channel2_IRQHandler
0000446c g     F .text	0000001e RCC_AHBPeriphClockCmd
00003e06  w      .text	00000000 DMA1_Channel4_IRQHandler
00003f7e g     F .text	000000b8 ADC_RegularChannelConfig
00003c46 g     F .text	00000048 ADC_Map
00004866 g     F .text	00000026 _sbrk
00002cda g     F .text	00000040 OLED_I2C_SendByte
00003e06  w      .text	00000000 TIM9_UP_IRQHandler
0000020a g     F .text	00000016 .hidden __riscv_restore_6
00002b3e g     F .text	000000e6 USART3_IRQHandler
00003e06  w      .text	00000000 RTC_IRQHandler
2000102c g       .bss	00000000 _ebss
000046ec g     F .text	0000003c USART_GetITStatus
00002cc0 g     F .text	0000001a OLED_I2C_Stop
000025b4 g     F .text	00000036 HUB_GetPortStatus
00003e06  w      .text	00000000 DMA1_Channel7_IRQHandler
00003f66 g     F .text	00000018 ADC_SoftwareStartConvCmd
00003f54 g     F .text	00000008 ADC_GetResetCalibrationStatus
00000cea g     F .text	000000e0 KM_DealHidReportDesc
00002ffc g     F .text	0000003c OLED_ShowChar
0000277e g     F .text	000001d8 Parse_Touch_Report
00003e06  w      .text	00000000 CAN1_RX1_IRQHandler
0000473c g     F .text	00000026 Delay_Init
0000261a g     F .text	00000030 HUB_SetPortFeature
00003e06  w      .text	00000000 UART5_IRQHandler
000003e2 g     F .text	00000080 TIM4_IRQHandler
00004036 g     F .text	0000000e ADC_ExternalTrigInjectedConvConfig
00003108 g     F .text	00000158 OLED_ShowString
000001c8 g     F .text	00000028 .hidden __riscv_save_9
000042e8 g     F .text	0000000a GPIO_WriteBit
00003e06  w      .text	00000000 DMA2_Channel1_IRQHandler
00006be4 g     O .text	00000020 __sf_fake_stderr
000001d6 g     F .text	0000001a .hidden __riscv_save_4
20000118 g     O .bss	00000006 rc_packet
00000658 g     F .text	0000001a USBH_GetDeviceDescr
00003e06  w      .text	00000000 I2C1_EV_IRQHandler
000045d2 g     F .text	00000018 TIM_GetITStatus
20000688 g     O .bss	0000001f RootHubDev
00000768 g     F .text	000001da USBH_EnumRootDevice
00004366 g     F .text	00000106 RCC_GetClocksFreq
00003e06  w      .text	00000000 DMA1_Channel6_IRQHandler
000052b2 g     F .text	00000042 __sfputs_r
00003e06  w      .text	00000000 UART4_IRQHandler
00003e06  w      .text	00000000 DMA2_Channel4_IRQHandler
0000488c g     F .text	00000018 memchr
000045f6 g     F .text	00000090 USART_Init
0000510e g     F .text	000000a8 _free_r
00000528 g     F .text	0000010a TIM3_IRQHandler
00003e06  w      .text	00000000 RCC_IRQHandler
20000728 g     O .bss	00000400 OLED_DisplayBuf
00003af8 g     F .text	0000001e Stick_Start
000001f0 g     F .text	0000000c .hidden __riscv_save_3
00003e06  w      .text	00000000 TIM1_TRG_COM_IRQHandler
00000b58 g     F .text	00000192 KM_AnalyzeHidReportDesc
00003e06  w      .text	00000000 DMA1_Channel1_IRQHandler
00000000 g       .init	00000000 _start
00003e06  w      .text	00000000 DMA2_Channel7_IRQHandler
20000000 g     O .data	00000010 AHBPrescTable
00004a76 g     F .text	00000034 strstr
000006f2 g     F .text	00000016 USBH_SetUsbConfig
00005b2e g     F .text	0000000c _lseek
20000168 g     O .bss	00000400 Com_Buf
00003530 g     F .text	000000fe SIM_GetLine
00002c64 g     F .text	0000003c OLED_GPIO_Init
00001502 g     F .text	0000009e KB_AnalyzeKeyValue
00003e06  w      .text	00000000 EXTI15_10_IRQHandler
20000b28 g     O .bss	00000200 sim_rx_buf
000045c0 g     F .text	00000012 TIM_ITConfig
0000469c g     F .text	00000036 USART_ITConfig
00001144 g     F .text	000000c0 HUB_Port_PreEnum1
20000f28 g     O .bss	00000100 line_buf
0000162e g     F .text	0000021e USBH_EnumHidDevice
0000397a g     F .text	0000017e Stick_Init
00003e06  w      .text	00000000 TIM7_IRQHandler
00005a34 g     F .text	00000028 _close_r
20000000 g       .dalign	00000000 _data_vma
00003e06  w      .text	00000000 TIM5_IRQHandler
00001fd8 g     F .text	0000002e USBFSH_SetSelfSpeed
20000132 g     O .bss	00000002 sim_rx_tail
00004b66 g     F .text	000000fc __swsetup_r
0000184c g     F .text	0000067c USBH_MainDeal
00003e06  w      .text	00000000 EXTI9_5_IRQHandler
00004f1a g     F .text	000000a0 __sfp
00000690 g     F .text	00000020 USBH_GetConfigDescr
00002d40 g     F .text	00000034 OLED_WriteData
00006298 g     O .text	0000023a OLED_F6x8
000001c8 g     F .text	00000028 .hidden __riscv_save_10
0000595c g     F .text	0000002c __sread
00002eb6 g     F .text	0000006a OLED_ClearArea
00005ada g     F .text	00000002 __malloc_lock
0000020a g     F .text	00000016 .hidden __riscv_restore_4
00000200 g     F .text	00000020 .hidden __riscv_restore_8
00004d92 g     F .text	00000066 _fflush_r
000001d6 g     F .text	0000001a .hidden __riscv_save_6
00002dca g     F .text	00000026 OLED_Clear
00003e06  w      .text	00000000 SPI2_IRQHandler
00006c04 g     O .text	00000020 __sf_fake_stdin
00000220 g     F .text	000000a8 memset
00000200 g     F .text	00000020 .hidden __riscv_restore_9
0000020a g     F .text	00000016 .hidden __riscv_restore_7
00003640 g     F .text	0000033a main
00003e06  w      .text	00000000 TIM10_BRK_IRQHandler
00003e06  w      .text	00000000 TIM9_CC_IRQHandler
00005a00 g     F .text	00000006 __sclose
00003e06  w      .text	00000000 DMA2_Channel5_IRQHandler
00002056 g     F .text	0000003c USBFSH_EnableRootHubPort
000051b6 g     F .text	000000d4 _malloc_r
00003094 g     F .text	00000074 OLED_ShowSignedNum
00003e06  w      .text	00000000 DMA1_Channel5_IRQHandler
00002d74 g     F .text	00000026 OLED_SetCursor
00003e06  w      .text	00000000 EXTI4_IRQHandler
00004798 g     F .text	00000036 Delay_Ms
00003e06  w      .text	00000000 USB_LP_CAN1_RX0_IRQHandler
00004044 g     F .text	00000018 ADC_BufferCmd
000002c8 g     F .text	0000011a strcmp
000023bc g     F .text	0000005a USBFSH_GetStrDescr
00003c8e g     F .text	000000ea SystemInit
00003e06  w      .text	00000000 RNG_IRQHandler
00002c44 g     F .text	00000020 OLED_W_SDA
00004956 g     F .text	00000040 iprintf
00003e06  w      .text	00000000 USB_HP_CAN1_TX_IRQHandler
00000000 g       .init	00000000 _sinit
200006e8 g     O .bss	00000040 USBFS_TX_Buf
00000942 g     F .text	00000216 KM_AnalyzeConfigDesc
00005a06 g     F .text	0000002e _write_r
00003e06  w      .text	00000000 DMA1_Channel3_IRQHandler
00005582 g     F .text	0000010c _printf_common
20000094 g     O .data	00000004 _impure_ptr
000029b2 g     F .text	00000088 TIM1_UP_IRQHandler
00002d9a g     F .text	00000030 OLED_Update
00004c62 g     F .text	00000130 __sflush_r
20000138 g     O .bss	00000002 line_len
00002314 g     F .text	0000003e USBFSH_GetDeviceDescr
00002490 g     F .text	00000044 USBFSH_GetEndpData
00003e06  w      .text	00000000 WWDG_IRQHandler
00003e06  w      .text	00000000 DMA2_Channel11_IRQHandler
000025ea g     F .text	00000030 HUB_ClearPortFeature
00003e06  w      .text	00000000 Ecall_U_Mode_Handler
00003e06  w      .text	00000000 DMA2_Channel6_IRQHandler
00003b16 g     F .text	00000130 TIM2_IRQHandler
20008000 g       .stack	00000000 _eusrstack
000001f0 g     F .text	0000000c .hidden __riscv_save_2
00001fb4 g     F .text	00000010 USBFSH_CheckRootHubPortSpeed
00003e06  w      .text	00000000 SW_Handler
0000264a g     F .text	00000048 HUB_GetClassDevDescr
00003e92 g     F .text	00000040 ADC_DeInit
0000051e g     F .text	0000000a Touch_Deal
00000dca g     F .text	000000aa HUB_AnalyzeConfigDesc
00003e06  w      .text	00000000 TIM1_BRK_IRQHandler
00005024 g     F .text	00000058 __swhatbuf_r
00003ed2 g     F .text	00000056 ADC_Init
000046d2 g     F .text	00000008 USART_SendData
00001f86 g     F .text	0000002e USBFSH_CheckRootHubPortStatus
00003e06  w      .text	00000000 DMA2_Channel10_IRQHandler
00003e06  w      .text	00000000 EXTI1_IRQHandler
000001d6 g     F .text	0000001a .hidden __riscv_save_5
00004828 g     F .text	0000003e _write
2000013a g     O .bss	00000001 sim_lock_1
20000108 g       .data	00000000 _edata
00000632 g     F .text	00000010 USBH_ResetRootHubPort
2000102c g       .bss	00000000 _end
000044fe g     F .text	000000aa TIM_TimeBaseInit
00003e06  w      .text	00000000 RTCAlarm_IRQHandler
00001204 g     F .text	00000100 HUB_Port_PreEnum2
00006c80 g       .dlalign	00000000 _data_lma
00003e06  w      .text	00000000 TIM10_UP_IRQHandler
00003260 g     F .text	000000b8 SIM_Init
00001f30 g     F .text	00000056 USBFS_Host_Init
00003e06  w      .text	00000000 TIM9_TRG_COM_IRQHandler
00003e06  w      .text	00000000 UART7_IRQHandler
000044e4 g     F .text	0000001a RCC_USBFSCLKConfig
0000257c g     F .text	00000038 HID_SetIdle
00003418 g     F .text	00000118 USART2_IRQHandler
00003e06  w      .text	00000000 UART6_IRQHandler
00005988 g     F .text	00000048 __swrite
00000708 g     F .text	0000001c USBH_GetStrDescr
00002006 g     F .text	00000050 USBFSH_ResetRootHubPort
20000148 g     O .bss	00000008 Stick1
000052f4 g     F .text	0000028e _vfiprintf_r
00004fba g     F .text	0000006a _fwalk_reent
00003d78 g     F .text	0000008e SystemCoreClockUpdate
20000114 g     O .bss	00000004 tick_ms
00003e06  w      .text	00000000 I2C2_ER_IRQHandler
000015a0 g     F .text	0000008e KB_SetReport
00003e06  w      .text	00000000 DMA1_Channel2_IRQHandler
00006c24 g     O .text	00000020 __sf_fake_stdout
000001fc g     F .text	00000024 .hidden __riscv_restore_12
00003e06  w      .text	00000000 TIM8_BRK_IRQHandler
00005b3a g     F .text	0000000c _read
00003e08  w      .text	00000000 handle_reset
00002adc g     F .text	00000062 Fiber_Send_RemoteControl
00003e06  w      .text	00000000 CAN1_SCE_IRQHandler
00003e06  w      .text	00000000 FLASH_IRQHandler
000001f0 g     F .text	0000000c .hidden __riscv_save_0
00000e74 g     F .text	000002d0 USBH_EnumHubDevice
00003e06  w      .text	00000000 USART1_IRQHandler
0000507c g     F .text	00000092 __smakebuf_r
00000724 g     F .text	00000044 USBH_SendHidData
0000568e g     F .text	000002a4 _printf_i
00003e06  w      .text	00000000 SPI3_IRQHandler
20000130 g     O .bss	00000002 sim_rx_head
20000164 g     O .bss	00000004 __malloc_sbrk_start
00001fc4 g     F .text	00000014 USBFSH_SetSelfAddr
000044c6 g     F .text	0000001e RCC_APB2PeriphResetCmd
00003e06  w      .text	00000000 I2C1_ER_IRQHandler
000042f2 g     F .text	00000006 NVIC_PriorityGroupConfig
00002092 g     F .text	000000ec USBFSH_Transact
00004066 g     F .text	0000016c DMA_DeInit
20000160 g     O .bss	00000004 __malloc_free_list
00000214 g     F .text	0000000c .hidden __riscv_restore_1
000052f4 g     F .text	0000028e _vfprintf_r
000042de g     F .text	0000000a GPIO_ReadInputDataBit
00002c24 g     F .text	00000020 OLED_W_SCL
00002a3a g     F .text	000000a2 Fiber_Init
00002d1a g     F .text	00000026 OLED_WriteCommand
00005b0a g     F .text	0000000c _close
00003e06  w      .text	00000000 DMA2_Channel3_IRQHandler
0000217e g     F .text	00000196 USBFSH_CtrlTransfer



Disassembly of section .init:

00000000 <_sinit>:
   0:	6090306f          	j	3e08 <handle_reset>

Disassembly of section .vector:

00000004 <_vector_base>:
	...
   c:	362e                	lhu	a1,42(a2)
   e:	0000                	unimp
  10:	3630                	lbu	a2,11(a2)
  12:	0000                	unimp
  14:	0000                	unimp
  16:	0000                	unimp
  18:	3e06                	lhu	s1,56(a2)
	...
  22:	0000                	unimp
  24:	3e06                	lhu	s1,56(a2)
  26:	0000                	unimp
  28:	3e06                	lhu	s1,56(a2)
	...
  32:	0000                	unimp
  34:	3e06                	lhu	s1,56(a2)
  36:	0000                	unimp
  38:	0000                	unimp
  3a:	0000                	unimp
  3c:	3e06                	lhu	s1,56(a2)
  3e:	0000                	unimp
  40:	0000                	unimp
  42:	0000                	unimp
  44:	3e06                	lhu	s1,56(a2)
  46:	0000                	unimp
  48:	3e06                	lhu	s1,56(a2)
  4a:	0000                	unimp
  4c:	3e06                	lhu	s1,56(a2)
  4e:	0000                	unimp
  50:	3e06                	lhu	s1,56(a2)
  52:	0000                	unimp
  54:	3e06                	lhu	s1,56(a2)
  56:	0000                	unimp
  58:	3e06                	lhu	s1,56(a2)
  5a:	0000                	unimp
  5c:	3e06                	lhu	s1,56(a2)
  5e:	0000                	unimp
  60:	3e06                	lhu	s1,56(a2)
  62:	0000                	unimp
  64:	3e06                	lhu	s1,56(a2)
  66:	0000                	unimp
  68:	3e06                	lhu	s1,56(a2)
  6a:	0000                	unimp
  6c:	3e06                	lhu	s1,56(a2)
  6e:	0000                	unimp
  70:	3e06                	lhu	s1,56(a2)
  72:	0000                	unimp
  74:	3e06                	lhu	s1,56(a2)
  76:	0000                	unimp
  78:	3e06                	lhu	s1,56(a2)
  7a:	0000                	unimp
  7c:	3e06                	lhu	s1,56(a2)
  7e:	0000                	unimp
  80:	3e06                	lhu	s1,56(a2)
  82:	0000                	unimp
  84:	3e06                	lhu	s1,56(a2)
  86:	0000                	unimp
  88:	3e06                	lhu	s1,56(a2)
  8a:	0000                	unimp
  8c:	3e06                	lhu	s1,56(a2)
  8e:	0000                	unimp
  90:	3e06                	lhu	s1,56(a2)
  92:	0000                	unimp
  94:	3e06                	lhu	s1,56(a2)
  96:	0000                	unimp
  98:	3e06                	lhu	s1,56(a2)
  9a:	0000                	unimp
  9c:	3e06                	lhu	s1,56(a2)
  9e:	0000                	unimp
  a0:	3e06                	lhu	s1,56(a2)
  a2:	0000                	unimp
  a4:	3e06                	lhu	s1,56(a2)
  a6:	0000                	unimp
  a8:	29b2                	lhu	a2,18(a1)
  aa:	0000                	unimp
  ac:	3e06                	lhu	s1,56(a2)
  ae:	0000                	unimp
  b0:	3e06                	lhu	s1,56(a2)
  b2:	0000                	unimp
  b4:	3b16                	lhu	a3,48(a4)
  b6:	0000                	unimp
  b8:	0528                	addi	a0,sp,648
  ba:	0000                	unimp
  bc:	03e2                	slli	t2,t2,0x18
  be:	0000                	unimp
  c0:	3e06                	lhu	s1,56(a2)
  c2:	0000                	unimp
  c4:	3e06                	lhu	s1,56(a2)
  c6:	0000                	unimp
  c8:	3e06                	lhu	s1,56(a2)
  ca:	0000                	unimp
  cc:	3e06                	lhu	s1,56(a2)
  ce:	0000                	unimp
  d0:	3e06                	lhu	s1,56(a2)
  d2:	0000                	unimp
  d4:	3e06                	lhu	s1,56(a2)
  d6:	0000                	unimp
  d8:	3e06                	lhu	s1,56(a2)
  da:	0000                	unimp
  dc:	3418                	lbu	a4,9(s0)
  de:	0000                	unimp
  e0:	2b3e                	lhu	a5,18(a4)
  e2:	0000                	unimp
  e4:	3e06                	lhu	s1,56(a2)
  e6:	0000                	unimp
  e8:	3e06                	lhu	s1,56(a2)
  ea:	0000                	unimp
  ec:	0000                	unimp
  ee:	0000                	unimp
  f0:	3e06                	lhu	s1,56(a2)
  f2:	0000                	unimp
  f4:	3e06                	lhu	s1,56(a2)
  f6:	0000                	unimp
  f8:	3e06                	lhu	s1,56(a2)
  fa:	0000                	unimp
  fc:	3e06                	lhu	s1,56(a2)
  fe:	0000                	unimp
 100:	3e06                	lhu	s1,56(a2)
 102:	0000                	unimp
 104:	0000                	unimp
 106:	0000                	unimp
 108:	3e06                	lhu	s1,56(a2)
 10a:	0000                	unimp
 10c:	3e06                	lhu	s1,56(a2)
 10e:	0000                	unimp
 110:	3e06                	lhu	s1,56(a2)
 112:	0000                	unimp
 114:	3e06                	lhu	s1,56(a2)
 116:	0000                	unimp
 118:	3e06                	lhu	s1,56(a2)
 11a:	0000                	unimp
 11c:	3e06                	lhu	s1,56(a2)
 11e:	0000                	unimp
 120:	3e06                	lhu	s1,56(a2)
 122:	0000                	unimp
 124:	3e06                	lhu	s1,56(a2)
 126:	0000                	unimp
 128:	3e06                	lhu	s1,56(a2)
 12a:	0000                	unimp
 12c:	3e06                	lhu	s1,56(a2)
 12e:	0000                	unimp
 130:	3e06                	lhu	s1,56(a2)
 132:	0000                	unimp
 134:	3e06                	lhu	s1,56(a2)
	...
 14e:	0000                	unimp
 150:	3e06                	lhu	s1,56(a2)
	...
 15e:	0000                	unimp
 160:	3e06                	lhu	s1,56(a2)
 162:	0000                	unimp
 164:	3e06                	lhu	s1,56(a2)
 166:	0000                	unimp
 168:	3e06                	lhu	s1,56(a2)
 16a:	0000                	unimp
 16c:	3e06                	lhu	s1,56(a2)
 16e:	0000                	unimp
 170:	3e06                	lhu	s1,56(a2)
 172:	0000                	unimp
 174:	3e06                	lhu	s1,56(a2)
 176:	0000                	unimp
 178:	3e06                	lhu	s1,56(a2)
 17a:	0000                	unimp
 17c:	3e06                	lhu	s1,56(a2)
 17e:	0000                	unimp
 180:	3e06                	lhu	s1,56(a2)
 182:	0000                	unimp
 184:	3e06                	lhu	s1,56(a2)
 186:	0000                	unimp
 188:	3e06                	lhu	s1,56(a2)
 18a:	0000                	unimp
 18c:	3e06                	lhu	s1,56(a2)
 18e:	0000                	unimp
 190:	3e06                	lhu	s1,56(a2)
 192:	0000                	unimp
 194:	3e06                	lhu	s1,56(a2)
 196:	0000                	unimp
 198:	3e06                	lhu	s1,56(a2)
 19a:	0000                	unimp
 19c:	3e06                	lhu	s1,56(a2)
 19e:	0000                	unimp
 1a0:	3e06                	lhu	s1,56(a2)
	...

Disassembly of section .text:

000001c0 <__riscv_save_12>:
     1c0:	7139                	addi	sp,sp,-64
     1c2:	4301                	li	t1,0
     1c4:	c66e                	sw	s11,12(sp)
     1c6:	a019                	j	1cc <__riscv_save_10+0x4>

000001c8 <__riscv_save_10>:
     1c8:	7139                	addi	sp,sp,-64
     1ca:	5341                	li	t1,-16
     1cc:	c86a                	sw	s10,16(sp)
     1ce:	ca66                	sw	s9,20(sp)
     1d0:	cc62                	sw	s8,24(sp)
     1d2:	ce5e                	sw	s7,28(sp)
     1d4:	a019                	j	1da <__riscv_save_4+0x4>

000001d6 <__riscv_save_4>:
     1d6:	7139                	addi	sp,sp,-64
     1d8:	5301                	li	t1,-32
     1da:	d05a                	sw	s6,32(sp)
     1dc:	d256                	sw	s5,36(sp)
     1de:	d452                	sw	s4,40(sp)
     1e0:	d64e                	sw	s3,44(sp)
     1e2:	d84a                	sw	s2,48(sp)
     1e4:	da26                	sw	s1,52(sp)
     1e6:	dc22                	sw	s0,56(sp)
     1e8:	de06                	sw	ra,60(sp)
     1ea:	40610133          	sub	sp,sp,t1
     1ee:	8282                	jr	t0

000001f0 <__riscv_save_0>:
     1f0:	1141                	addi	sp,sp,-16
     1f2:	c04a                	sw	s2,0(sp)
     1f4:	c226                	sw	s1,4(sp)
     1f6:	c422                	sw	s0,8(sp)
     1f8:	c606                	sw	ra,12(sp)
     1fa:	8282                	jr	t0

000001fc <__riscv_restore_12>:
     1fc:	4db2                	lw	s11,12(sp)
     1fe:	0141                	addi	sp,sp,16

00000200 <__riscv_restore_10>:
     200:	4d02                	lw	s10,0(sp)
     202:	4c92                	lw	s9,4(sp)
     204:	4c22                	lw	s8,8(sp)
     206:	4bb2                	lw	s7,12(sp)
     208:	0141                	addi	sp,sp,16

0000020a <__riscv_restore_4>:
     20a:	4b02                	lw	s6,0(sp)
     20c:	4a92                	lw	s5,4(sp)
     20e:	4a22                	lw	s4,8(sp)
     210:	49b2                	lw	s3,12(sp)
     212:	0141                	addi	sp,sp,16

00000214 <__riscv_restore_0>:
     214:	4902                	lw	s2,0(sp)
     216:	4492                	lw	s1,4(sp)
     218:	4422                	lw	s0,8(sp)
     21a:	40b2                	lw	ra,12(sp)
     21c:	0141                	addi	sp,sp,16
     21e:	8082                	ret

00000220 <memset>:
     220:	433d                	li	t1,15
     222:	872a                	mv	a4,a0
     224:	02c37363          	bgeu	t1,a2,24a <memset+0x2a>
     228:	00f77793          	andi	a5,a4,15
     22c:	efbd                	bnez	a5,2aa <memset+0x8a>
     22e:	e5ad                	bnez	a1,298 <memset+0x78>
     230:	ff067693          	andi	a3,a2,-16
     234:	8a3d                	andi	a2,a2,15
     236:	96ba                	add	a3,a3,a4
     238:	c30c                	sw	a1,0(a4)
     23a:	c34c                	sw	a1,4(a4)
     23c:	c70c                	sw	a1,8(a4)
     23e:	c74c                	sw	a1,12(a4)
     240:	0741                	addi	a4,a4,16
     242:	fed76be3          	bltu	a4,a3,238 <memset+0x18>
     246:	e211                	bnez	a2,24a <memset+0x2a>
     248:	8082                	ret
     24a:	40c306b3          	sub	a3,t1,a2
     24e:	068a                	slli	a3,a3,0x2
     250:	00000297          	auipc	t0,0x0
     254:	9696                	add	a3,a3,t0
     256:	00a68067          	jr	10(a3)
     25a:	00b70723          	sb	a1,14(a4)
     25e:	00b706a3          	sb	a1,13(a4)
     262:	00b70623          	sb	a1,12(a4)
     266:	00b705a3          	sb	a1,11(a4)
     26a:	00b70523          	sb	a1,10(a4)
     26e:	00b704a3          	sb	a1,9(a4)
     272:	00b70423          	sb	a1,8(a4)
     276:	00b703a3          	sb	a1,7(a4)
     27a:	00b70323          	sb	a1,6(a4)
     27e:	00b702a3          	sb	a1,5(a4)
     282:	00b70223          	sb	a1,4(a4)
     286:	00b701a3          	sb	a1,3(a4)
     28a:	00b70123          	sb	a1,2(a4)
     28e:	00b700a3          	sb	a1,1(a4)
     292:	00b70023          	sb	a1,0(a4)
     296:	8082                	ret
     298:	0ff5f593          	andi	a1,a1,255
     29c:	00859693          	slli	a3,a1,0x8
     2a0:	8dd5                	or	a1,a1,a3
     2a2:	01059693          	slli	a3,a1,0x10
     2a6:	8dd5                	or	a1,a1,a3
     2a8:	b761                	j	230 <memset+0x10>
     2aa:	00279693          	slli	a3,a5,0x2
     2ae:	00000297          	auipc	t0,0x0
     2b2:	9696                	add	a3,a3,t0
     2b4:	8286                	mv	t0,ra
     2b6:	fa8680e7          	jalr	-88(a3)
     2ba:	8096                	mv	ra,t0
     2bc:	17c1                	addi	a5,a5,-16
     2be:	8f1d                	sub	a4,a4,a5
     2c0:	963e                	add	a2,a2,a5
     2c2:	f8c374e3          	bgeu	t1,a2,24a <memset+0x2a>
     2c6:	b7a5                	j	22e <memset+0xe>

000002c8 <strcmp>:
     2c8:	00b56733          	or	a4,a0,a1
     2cc:	53fd                	li	t2,-1
     2ce:	8b0d                	andi	a4,a4,3
     2d0:	e779                	bnez	a4,39e <strcmp+0xd6>
     2d2:	7f7f87b7          	lui	a5,0x7f7f8
     2d6:	f7f78793          	addi	a5,a5,-129 # 7f7f7f7f <_eusrstack+0x5f7eff7f>
     2da:	4110                	lw	a2,0(a0)
     2dc:	4194                	lw	a3,0(a1)
     2de:	00f672b3          	and	t0,a2,a5
     2e2:	00f66333          	or	t1,a2,a5
     2e6:	92be                	add	t0,t0,a5
     2e8:	0062e2b3          	or	t0,t0,t1
     2ec:	0c729563          	bne	t0,t2,3b6 <strcmp+0xee>
     2f0:	06d61863          	bne	a2,a3,360 <strcmp+0x98>
     2f4:	4150                	lw	a2,4(a0)
     2f6:	41d4                	lw	a3,4(a1)
     2f8:	00f672b3          	and	t0,a2,a5
     2fc:	00f66333          	or	t1,a2,a5
     300:	92be                	add	t0,t0,a5
     302:	0062e2b3          	or	t0,t0,t1
     306:	0a729663          	bne	t0,t2,3b2 <strcmp+0xea>
     30a:	04d61b63          	bne	a2,a3,360 <strcmp+0x98>
     30e:	4510                	lw	a2,8(a0)
     310:	4594                	lw	a3,8(a1)
     312:	00f672b3          	and	t0,a2,a5
     316:	00f66333          	or	t1,a2,a5
     31a:	92be                	add	t0,t0,a5
     31c:	0062e2b3          	or	t0,t0,t1
     320:	08729f63          	bne	t0,t2,3be <strcmp+0xf6>
     324:	02d61e63          	bne	a2,a3,360 <strcmp+0x98>
     328:	4550                	lw	a2,12(a0)
     32a:	45d4                	lw	a3,12(a1)
     32c:	00f672b3          	and	t0,a2,a5
     330:	00f66333          	or	t1,a2,a5
     334:	92be                	add	t0,t0,a5
     336:	0062e2b3          	or	t0,t0,t1
     33a:	08729863          	bne	t0,t2,3ca <strcmp+0x102>
     33e:	02d61163          	bne	a2,a3,360 <strcmp+0x98>
     342:	4910                	lw	a2,16(a0)
     344:	4994                	lw	a3,16(a1)
     346:	00f672b3          	and	t0,a2,a5
     34a:	00f66333          	or	t1,a2,a5
     34e:	92be                	add	t0,t0,a5
     350:	0062e2b3          	or	t0,t0,t1
     354:	08729163          	bne	t0,t2,3d6 <strcmp+0x10e>
     358:	0551                	addi	a0,a0,20
     35a:	05d1                	addi	a1,a1,20
     35c:	f6d60fe3          	beq	a2,a3,2da <strcmp+0x12>
     360:	01061713          	slli	a4,a2,0x10
     364:	01069793          	slli	a5,a3,0x10
     368:	00f71c63          	bne	a4,a5,380 <strcmp+0xb8>
     36c:	01065713          	srli	a4,a2,0x10
     370:	0106d793          	srli	a5,a3,0x10
     374:	40f70533          	sub	a0,a4,a5
     378:	0ff57593          	andi	a1,a0,255
     37c:	e991                	bnez	a1,390 <strcmp+0xc8>
     37e:	8082                	ret
     380:	8341                	srli	a4,a4,0x10
     382:	83c1                	srli	a5,a5,0x10
     384:	40f70533          	sub	a0,a4,a5
     388:	0ff57593          	andi	a1,a0,255
     38c:	e191                	bnez	a1,390 <strcmp+0xc8>
     38e:	8082                	ret
     390:	0ff77713          	andi	a4,a4,255
     394:	0ff7f793          	andi	a5,a5,255
     398:	40f70533          	sub	a0,a4,a5
     39c:	8082                	ret
     39e:	2110                	lbu	a2,0(a0)
     3a0:	2194                	lbu	a3,0(a1)
     3a2:	0505                	addi	a0,a0,1
     3a4:	0585                	addi	a1,a1,1
     3a6:	00d61363          	bne	a2,a3,3ac <strcmp+0xe4>
     3aa:	fa75                	bnez	a2,39e <strcmp+0xd6>
     3ac:	40d60533          	sub	a0,a2,a3
     3b0:	8082                	ret
     3b2:	0511                	addi	a0,a0,4
     3b4:	0591                	addi	a1,a1,4
     3b6:	fed614e3          	bne	a2,a3,39e <strcmp+0xd6>
     3ba:	4501                	li	a0,0
     3bc:	8082                	ret
     3be:	0521                	addi	a0,a0,8
     3c0:	05a1                	addi	a1,a1,8
     3c2:	fcd61ee3          	bne	a2,a3,39e <strcmp+0xd6>
     3c6:	4501                	li	a0,0
     3c8:	8082                	ret
     3ca:	0531                	addi	a0,a0,12
     3cc:	05b1                	addi	a1,a1,12
     3ce:	fcd618e3          	bne	a2,a3,39e <strcmp+0xd6>
     3d2:	4501                	li	a0,0
     3d4:	8082                	ret
     3d6:	0541                	addi	a0,a0,16
     3d8:	05c1                	addi	a1,a1,16
     3da:	fcd612e3          	bne	a2,a3,39e <strcmp+0xd6>
     3de:	4501                	li	a0,0
     3e0:	8082                	ret

000003e2 <TIM4_IRQHandler>:
     3e2:	1141                	addi	sp,sp,-16
     3e4:	c622                	sw	s0,12(sp)
     3e6:	40001437          	lui	s0,0x40001
     3ea:	4585                	li	a1,1
     3ec:	80040513          	addi	a0,s0,-2048 # 40000800 <_eusrstack+0x1fff8800>
     3f0:	1e2040ef          	jal	ra,45d2 <TIM_GetITStatus>
     3f4:	c13d                	beqz	a0,45a <TIM4_IRQHandler+0x78>
     3f6:	4585                	li	a1,1
     3f8:	80040513          	addi	a0,s0,-2048
     3fc:	1ee040ef          	jal	ra,45ea <TIM_ClearITPendingBit>
     400:	e081c683          	lbu	a3,-504(gp) # 20000688 <RootHubDev>
     404:	4709                	li	a4,2
     406:	04d77a63          	bgeu	a4,a3,45a <TIM4_IRQHandler+0x78>
     40a:	e0818793          	addi	a5,gp,-504 # 20000688 <RootHubDev>
     40e:	3394                	lbu	a3,1(a5)
     410:	470d                	li	a4,3
     412:	04e69463          	bne	a3,a4,45a <TIM4_IRQHandler+0x78>
     416:	33dc                	lbu	a5,5(a5)
     418:	10a00713          	li	a4,266
     41c:	4681                	li	a3,0
     41e:	02e787b3          	mul	a5,a5,a4
     422:	cfc18713          	addi	a4,gp,-772 # 2000057c <HostCtl>
     426:	97ba                	add	a5,a5,a4
     428:	2388                	lbu	a0,0(a5)
     42a:	02d50863          	beq	a0,a3,45a <TIM4_IRQHandler+0x78>
     42e:	0087c803          	lbu	a6,8(a5)
     432:	863e                	mv	a2,a5
     434:	4701                	li	a4,0
     436:	0605                	addi	a2,a2,1
     438:	00e81863          	bne	a6,a4,448 <TIM4_IRQHandler+0x66>
     43c:	0685                	addi	a3,a3,1
     43e:	0ff6f693          	andi	a3,a3,255
     442:	04278793          	addi	a5,a5,66
     446:	b7d5                	j	42a <TIM4_IRQHandler+0x48>
     448:	02164583          	lbu	a1,33(a2)
     44c:	0705                	addi	a4,a4,1
     44e:	0ff77713          	andi	a4,a4,255
     452:	0585                	addi	a1,a1,1
     454:	02b600a3          	sb	a1,33(a2)
     458:	bff9                	j	436 <TIM4_IRQHandler+0x54>
     45a:	4432                	lw	s0,12(sp)
     45c:	0141                	addi	sp,sp,16
     45e:	30200073          	mret

00000462 <TIM4_Init>:
     462:	d8fff2ef          	jal	t0,1f0 <__riscv_save_0>
     466:	1101                	addi	sp,sp,-32
     468:	84aa                	mv	s1,a0
     46a:	842e                	mv	s0,a1
     46c:	4511                	li	a0,4
     46e:	4585                	li	a1,1
     470:	ca02                	sw	zero,20(sp)
     472:	cc02                	sw	zero,24(sp)
     474:	00011e23          	sh	zero,28(sp)
     478:	c602                	sw	zero,12(sp)
     47a:	c802                	sw	zero,16(sp)
     47c:	02c040ef          	jal	ra,44a8 <RCC_APB1PeriphClockCmd>
     480:	82e0                	sh	s0,20(sp)
     482:	40001437          	lui	s0,0x40001
     486:	084c                	addi	a1,sp,20
     488:	80040513          	addi	a0,s0,-2048 # 40000800 <_eusrstack+0x1fff8800>
     48c:	84e4                	sh	s1,24(sp)
     48e:	00011d23          	sh	zero,26(sp)
     492:	00011b23          	sh	zero,22(sp)
     496:	068040ef          	jal	ra,44fe <TIM_TimeBaseInit>
     49a:	4605                	li	a2,1
     49c:	4585                	li	a1,1
     49e:	80040513          	addi	a0,s0,-2048
     4a2:	11e040ef          	jal	ra,45c0 <TIM_ITConfig>
     4a6:	12e00793          	li	a5,302
     4aa:	867c                	sh	a5,12(sp)
     4ac:	4789                	li	a5,2
     4ae:	875c                	sb	a5,14(sp)
     4b0:	0068                	addi	a0,sp,12
     4b2:	4785                	li	a5,1
     4b4:	c83e                	sw	a5,16(sp)
     4b6:	643030ef          	jal	ra,42f8 <NVIC_Init>
     4ba:	4585                	li	a1,1
     4bc:	80040513          	addi	a0,s0,-2048
     4c0:	0e8040ef          	jal	ra,45a8 <TIM_Cmd>
     4c4:	e000e7b7          	lui	a5,0xe000e
     4c8:	6711                	lui	a4,0x4
     4ca:	10e7a223          	sw	a4,260(a5) # e000e104 <_eusrstack+0xc0006104>
     4ce:	6105                	addi	sp,sp,32
     4d0:	b391                	j	214 <__riscv_restore_0>

000004d2 <Touch_Init>:
     4d2:	d1fff2ef          	jal	t0,1f0 <__riscv_save_0>
     4d6:	00006537          	lui	a0,0x6
     4da:	b4850513          	addi	a0,a0,-1208 # 5b48 <_read+0xe>
     4de:	58c040ef          	jal	ra,4a6a <puts>
     4e2:	20d010ef          	jal	ra,1eee <USBFS_RCC_Init>
     4e6:	4505                	li	a0,1
     4e8:	249010ef          	jal	ra,1f30 <USBFS_Host_Init>
     4ec:	467d                	li	a2,31
     4ee:	4581                	li	a1,0
     4f0:	e0818513          	addi	a0,gp,-504 # 20000688 <RootHubDev>
     4f4:	3335                	jal	220 <memset>
     4f6:	10a00613          	li	a2,266
     4fa:	4581                	li	a1,0
     4fc:	cfc18513          	addi	a0,gp,-772 # 2000057c <HostCtl>
     500:	3305                	jal	220 <memset>
     502:	00006537          	lui	a0,0x6
     506:	b6450513          	addi	a0,a0,-1180 # 5b64 <_read+0x2a>
     50a:	560040ef          	jal	ra,4a6a <puts>
     50e:	6509                	lui	a0,0x2
     510:	08f00593          	li	a1,143
     514:	70f50513          	addi	a0,a0,1807 # 270f <Send_Touch_Packet+0x7d>
     518:	37a9                	jal	462 <TIM4_Init>
     51a:	4505                	li	a0,1
     51c:	b9e5                	j	214 <__riscv_restore_0>

0000051e <Touch_Deal>:
     51e:	cd3ff2ef          	jal	t0,1f0 <__riscv_save_0>
     522:	32a010ef          	jal	ra,184c <USBH_MainDeal>
     526:	b1fd                	j	214 <__riscv_restore_0>

00000528 <TIM3_IRQHandler>:
     528:	1141                	addi	sp,sp,-16
     52a:	c622                	sw	s0,12(sp)
     52c:	40000437          	lui	s0,0x40000
     530:	4585                	li	a1,1
     532:	40040513          	addi	a0,s0,1024 # 40000400 <_eusrstack+0x1fff8400>
     536:	09c040ef          	jal	ra,45d2 <TIM_GetITStatus>
     53a:	cd51                	beqz	a0,5d6 <TIM3_IRQHandler+0xae>
     53c:	4585                	li	a1,1
     53e:	40040513          	addi	a0,s0,1024
     542:	0a8040ef          	jal	ra,45ea <TIM_ClearITPendingBit>
     546:	e0818693          	addi	a3,gp,-504 # 20000688 <RootHubDev>
     54a:	2290                	lbu	a2,0(a3)
     54c:	4789                	li	a5,2
     54e:	08c7f463          	bgeu	a5,a2,5d6 <TIM3_IRQHandler+0xae>
     552:	3290                	lbu	a2,1(a3)
     554:	458d                	li	a1,3
     556:	32dc                	lbu	a5,5(a3)
     558:	04b61363          	bne	a2,a1,59e <TIM3_IRQHandler+0x76>
     55c:	10a00713          	li	a4,266
     560:	02e78733          	mul	a4,a5,a4
     564:	cfc18793          	addi	a5,gp,-772 # 2000057c <HostCtl>
     568:	4681                	li	a3,0
     56a:	97ba                	add	a5,a5,a4
     56c:	0007c803          	lbu	a6,0(a5)
     570:	06d80363          	beq	a6,a3,5d6 <TIM3_IRQHandler+0xae>
     574:	2788                	lbu	a0,8(a5)
     576:	863e                	mv	a2,a5
     578:	4701                	li	a4,0
     57a:	a809                	j	58c <TIM3_IRQHandler+0x64>
     57c:	02164583          	lbu	a1,33(a2)
     580:	0705                	addi	a4,a4,1
     582:	0ff77713          	andi	a4,a4,255
     586:	0585                	addi	a1,a1,1
     588:	02b600a3          	sb	a1,33(a2)
     58c:	0605                	addi	a2,a2,1
     58e:	fee517e3          	bne	a0,a4,57c <TIM3_IRQHandler+0x54>
     592:	0685                	addi	a3,a3,1
     594:	0ff6f693          	andi	a3,a3,255
     598:	04278793          	addi	a5,a5,66
     59c:	bfd1                	j	570 <TIM3_IRQHandler+0x48>
     59e:	45a5                	li	a1,9
     5a0:	02b61b63          	bne	a2,a1,5d6 <TIM3_IRQHandler+0xae>
     5a4:	10a00513          	li	a0,266
     5a8:	02a787b3          	mul	a5,a5,a0
     5ac:	cfc18593          	addi	a1,gp,-772 # 2000057c <HostCtl>
     5b0:	0066c303          	lbu	t1,6(a3)
     5b4:	e0818713          	addi	a4,gp,-504 # 20000688 <RootHubDev>
     5b8:	4681                	li	a3,0
     5ba:	cfc18513          	addi	a0,gp,-772 # 2000057c <HostCtl>
     5be:	4e09                	li	t3,2
     5c0:	4e8d                	li	t4,3
     5c2:	10a00f13          	li	t5,266
     5c6:	97ae                	add	a5,a5,a1
     5c8:	0227c583          	lbu	a1,34(a5)
     5cc:	0585                	addi	a1,a1,1
     5ce:	02b78123          	sb	a1,34(a5)
     5d2:	00d31663          	bne	t1,a3,5de <TIM3_IRQHandler+0xb6>
     5d6:	4432                	lw	s0,12(sp)
     5d8:	0141                	addi	sp,sp,16
     5da:	30200073          	mret
     5de:	337c                	lbu	a5,7(a4)
     5e0:	04fe7463          	bgeu	t3,a5,628 <TIM3_IRQHandler+0x100>
     5e4:	271c                	lbu	a5,8(a4)
     5e6:	05d79163          	bne	a5,t4,628 <TIM3_IRQHandler+0x100>
     5ea:	275c                	lbu	a5,12(a4)
     5ec:	4581                	li	a1,0
     5ee:	03e787b3          	mul	a5,a5,t5
     5f2:	97aa                	add	a5,a5,a0
     5f4:	0007c283          	lbu	t0,0(a5)
     5f8:	02b28863          	beq	t0,a1,628 <TIM3_IRQHandler+0x100>
     5fc:	0087cf83          	lbu	t6,8(a5)
     600:	883e                	mv	a6,a5
     602:	4601                	li	a2,0
     604:	a809                	j	616 <TIM3_IRQHandler+0xee>
     606:	02184883          	lbu	a7,33(a6)
     60a:	0605                	addi	a2,a2,1
     60c:	0ff67613          	andi	a2,a2,255
     610:	0885                	addi	a7,a7,1
     612:	031800a3          	sb	a7,33(a6)
     616:	0805                	addi	a6,a6,1
     618:	fecf97e3          	bne	t6,a2,606 <TIM3_IRQHandler+0xde>
     61c:	0585                	addi	a1,a1,1
     61e:	0ff5f593          	andi	a1,a1,255
     622:	04278793          	addi	a5,a5,66
     626:	bfc9                	j	5f8 <TIM3_IRQHandler+0xd0>
     628:	0685                	addi	a3,a3,1
     62a:	0ff6f693          	andi	a3,a3,255
     62e:	0719                	addi	a4,a4,6
     630:	b74d                	j	5d2 <TIM3_IRQHandler+0xaa>

00000632 <USBH_ResetRootHubPort>:
     632:	e519                	bnez	a0,640 <USBH_ResetRootHubPort+0xe>
     634:	bbdff2ef          	jal	t0,1f0 <__riscv_save_0>
     638:	852e                	mv	a0,a1
     63a:	1cd010ef          	jal	ra,2006 <USBFSH_ResetRootHubPort>
     63e:	bed9                	j	214 <__riscv_restore_0>
     640:	8082                	ret

00000642 <USBH_EnableRootHubPort>:
     642:	e901                	bnez	a0,652 <USBH_EnableRootHubPort+0x10>
     644:	badff2ef          	jal	t0,1f0 <__riscv_save_0>
     648:	e0b18513          	addi	a0,gp,-501 # 2000068b <RootHubDev+0x3>
     64c:	20b010ef          	jal	ra,2056 <USBFSH_EnableRootHubPort>
     650:	b6d1                	j	214 <__riscv_restore_0>
     652:	0fb00513          	li	a0,251
     656:	8082                	ret

00000658 <USBH_GetDeviceDescr>:
     658:	e911                	bnez	a0,66c <USBH_GetDeviceDescr+0x14>
     65a:	b97ff2ef          	jal	t0,1f0 <__riscv_save_0>
     65e:	ce818593          	addi	a1,gp,-792 # 20000568 <DevDesc_Buf>
     662:	e0c18513          	addi	a0,gp,-500 # 2000068c <RootHubDev+0x4>
     666:	4af010ef          	jal	ra,2314 <USBFSH_GetDeviceDescr>
     66a:	b66d                	j	214 <__riscv_restore_0>
     66c:	0fb00513          	li	a0,251
     670:	8082                	ret

00000672 <USBH_SetUsbAddress>:
     672:	ed01                	bnez	a0,68a <USBH_SetUsbAddress+0x18>
     674:	b7dff2ef          	jal	t0,1f0 <__riscv_save_0>
     678:	e0818793          	addi	a5,gp,-504 # 20000688 <RootHubDev>
     67c:	23c8                	lbu	a0,4(a5)
     67e:	4709                	li	a4,2
     680:	a3b8                	sb	a4,2(a5)
     682:	4589                	li	a1,2
     684:	593010ef          	jal	ra,2416 <USBFSH_SetUsbAddress>
     688:	b671                	j	214 <__riscv_restore_0>
     68a:	0fb00513          	li	a0,251
     68e:	8082                	ret

00000690 <USBH_GetConfigDescr>:
     690:	ed09                	bnez	a0,6aa <USBH_GetConfigDescr+0x1a>
     692:	b5fff2ef          	jal	t0,1f0 <__riscv_save_0>
     696:	e0c1c503          	lbu	a0,-500(gp) # 2000068c <RootHubDev+0x4>
     69a:	86ae                	mv	a3,a1
     69c:	40000613          	li	a2,1024
     6a0:	8e818593          	addi	a1,gp,-1816 # 20000168 <Com_Buf>
     6a4:	4af010ef          	jal	ra,2352 <USBFSH_GetConfigDescr>
     6a8:	b6b5                	j	214 <__riscv_restore_0>
     6aa:	0fb00513          	li	a0,251
     6ae:	8082                	ret

000006b0 <USBH_AnalyseType>:
     6b0:	2158                	lbu	a4,4(a0)
     6b2:	46a1                	li	a3,8
     6b4:	00d70563          	beq	a4,a3,6be <USBH_AnalyseType+0xe>
     6b8:	25fc                	lbu	a5,14(a1)
     6ba:	00d79563          	bne	a5,a3,6c4 <USBH_AnalyseType+0x14>
     6be:	47a1                	li	a5,8
     6c0:	a21c                	sb	a5,0(a2)
     6c2:	8082                	ret
     6c4:	469d                	li	a3,7
     6c6:	00d70463          	beq	a4,a3,6ce <USBH_AnalyseType+0x1e>
     6ca:	00d79463          	bne	a5,a3,6d2 <USBH_AnalyseType+0x22>
     6ce:	479d                	li	a5,7
     6d0:	bfc5                	j	6c0 <USBH_AnalyseType+0x10>
     6d2:	468d                	li	a3,3
     6d4:	00d70463          	beq	a4,a3,6dc <USBH_AnalyseType+0x2c>
     6d8:	00d79463          	bne	a5,a3,6e0 <USBH_AnalyseType+0x30>
     6dc:	478d                	li	a5,3
     6de:	b7cd                	j	6c0 <USBH_AnalyseType+0x10>
     6e0:	46a5                	li	a3,9
     6e2:	00d70463          	beq	a4,a3,6ea <USBH_AnalyseType+0x3a>
     6e6:	00d79463          	bne	a5,a3,6ee <USBH_AnalyseType+0x3e>
     6ea:	47a5                	li	a5,9
     6ec:	bfd1                	j	6c0 <USBH_AnalyseType+0x10>
     6ee:	57fd                	li	a5,-1
     6f0:	bfc1                	j	6c0 <USBH_AnalyseType+0x10>

000006f2 <USBH_SetUsbConfig>:
     6f2:	e901                	bnez	a0,702 <USBH_SetUsbConfig+0x10>
     6f4:	afdff2ef          	jal	t0,1f0 <__riscv_save_0>
     6f8:	e0c1c503          	lbu	a0,-500(gp) # 2000068c <RootHubDev+0x4>
     6fc:	551010ef          	jal	ra,244c <USBFSH_SetUsbConfig>
     700:	be11                	j	214 <__riscv_restore_0>
     702:	0fb00513          	li	a0,251
     706:	8082                	ret

00000708 <USBH_GetStrDescr>:
     708:	e919                	bnez	a0,71e <USBH_GetStrDescr+0x16>
     70a:	ae7ff2ef          	jal	t0,1f0 <__riscv_save_0>
     70e:	87ae                	mv	a5,a1
     710:	85b2                	mv	a1,a2
     712:	853e                	mv	a0,a5
     714:	8e818613          	addi	a2,gp,-1816 # 20000168 <Com_Buf>
     718:	4a5010ef          	jal	ra,23bc <USBFSH_GetStrDescr>
     71c:	bce5                	j	214 <__riscv_restore_0>
     71e:	0fb00513          	li	a0,251
     722:	8082                	ret

00000724 <USBH_SendHidData>:
     724:	ed1d                	bnez	a0,762 <USBH_SendHidData+0x3e>
     726:	acbff2ef          	jal	t0,1f0 <__riscv_save_0>
     72a:	8832                	mv	a6,a2
     72c:	04200513          	li	a0,66
     730:	02a80533          	mul	a0,a6,a0
     734:	10a00813          	li	a6,266
     738:	8e36                	mv	t3,a3
     73a:	038e0893          	addi	a7,t3,56
     73e:	cfc18313          	addi	t1,gp,-772 # 2000057c <HostCtl>
     742:	86be                	mv	a3,a5
     744:	863a                	mv	a2,a4
     746:	03058833          	mul	a6,a1,a6
     74a:	98aa                	add	a7,a7,a0
     74c:	9542                	add	a0,a0,a6
     74e:	951a                	add	a0,a0,t1
     750:	9572                	add	a0,a0,t3
     752:	02754503          	lbu	a0,39(a0)
     756:	010885b3          	add	a1,a7,a6
     75a:	959a                	add	a1,a1,t1
     75c:	579010ef          	jal	ra,24d4 <USBFSH_SendEndpData>
     760:	bc55                	j	214 <__riscv_restore_0>
     762:	0fb00513          	li	a0,251
     766:	8082                	ret

00000768 <USBH_EnumRootDevice>:
     768:	a59ff2ef          	jal	t0,1c0 <__riscv_save_12>
     76c:	84aa                	mv	s1,a0
     76e:	00006537          	lui	a0,0x6
     772:	1101                	addi	sp,sp,-32
     774:	d2850513          	addi	a0,a0,-728 # 5d28 <_read+0x1ee>
     778:	2f2040ef          	jal	ra,4a6a <puts>
     77c:	47fd                	li	a5,31
     77e:	02f487b3          	mul	a5,s1,a5
     782:	e0818913          	addi	s2,gp,-504 # 20000688 <RootHubDev>
     786:	4401                	li	s0,0
     788:	ce818c93          	addi	s9,gp,-792 # 20000568 <DevDesc_Buf>
     78c:	8e818c13          	addi	s8,gp,-1816 # 20000168 <Com_Buf>
     790:	00178a93          	addi	s5,a5,1
     794:	9aca                	add	s5,s5,s2
     796:	993e                	add	s2,s2,a5
     798:	06400513          	li	a0,100
     79c:	7fd030ef          	jal	ra,4798 <Delay_Ms>
     7a0:	0405                	addi	s0,s0,1
     7a2:	0ff47413          	andi	s0,s0,255
     7a6:	4521                	li	a0,8
     7a8:	00851533          	sll	a0,a0,s0
     7ac:	7ed030ef          	jal	ra,4798 <Delay_Ms>
     7b0:	4581                	li	a1,0
     7b2:	8526                	mv	a0,s1
     7b4:	3dbd                	jal	632 <USBH_ResetRootHubPort>
     7b6:	4981                	li	s3,0
     7b8:	4d81                	li	s11,0
     7ba:	4d19                	li	s10,6
     7bc:	06400a13          	li	s4,100
     7c0:	8526                	mv	a0,s1
     7c2:	3541                	jal	642 <USBH_EnableRootHubPort>
     7c4:	e519                	bnez	a0,7d2 <USBH_EnumRootDevice+0x6a>
     7c6:	0d85                	addi	s11,s11,1
     7c8:	0ffdfd93          	andi	s11,s11,255
     7cc:	11bd6463          	bltu	s10,s11,8d4 <__stack_size+0xd4>
     7d0:	4981                	li	s3,0
     7d2:	0985                	addi	s3,s3,1
     7d4:	09c2                	slli	s3,s3,0x10
     7d6:	4505                	li	a0,1
     7d8:	0109d993          	srli	s3,s3,0x10
     7dc:	7bd030ef          	jal	ra,4798 <Delay_Ms>
     7e0:	ff4990e3          	bne	s3,s4,7c0 <USBH_EnumRootDevice+0x58>
     7e4:	4795                	li	a5,5
     7e6:	fa87f9e3          	bgeu	a5,s0,798 <USBH_EnumRootDevice+0x30>
     7ea:	45d9                	li	a1,22
     7ec:	a821                	j	804 <__stack_size+0x4>
     7ee:	00006537          	lui	a0,0x6
     7f2:	d4850513          	addi	a0,a0,-696 # 5d48 <_read+0x20e>
     7f6:	160040ef          	jal	ra,4956 <iprintf>
     7fa:	4795                	li	a5,5
     7fc:	f887fee3          	bgeu	a5,s0,798 <USBH_EnumRootDevice+0x30>
     800:	04500593          	li	a1,69
     804:	852e                	mv	a0,a1
     806:	6105                	addi	sp,sp,32
     808:	bad5                	j	1fc <__riscv_restore_12>
     80a:	000069b7          	lui	s3,0x6
     80e:	d5498513          	addi	a0,s3,-684 # 5d54 <_read+0x21a>
     812:	258040ef          	jal	ra,4a6a <puts>
     816:	4515                	li	a0,5
     818:	781030ef          	jal	ra,4798 <Delay_Ms>
     81c:	00006537          	lui	a0,0x6
     820:	d5850513          	addi	a0,a0,-680 # 5d58 <_read+0x21e>
     824:	132040ef          	jal	ra,4956 <iprintf>
     828:	01e10593          	addi	a1,sp,30
     82c:	8526                	mv	a0,s1
     82e:	358d                	jal	690 <USBH_GetConfigDescr>
     830:	85aa                	mv	a1,a0
     832:	e92d                	bnez	a0,8a4 <__stack_size+0xa4>
     834:	8e818793          	addi	a5,gp,-1816 # 20000168 <Com_Buf>
     838:	0057cd03          	lbu	s10,5(a5)
     83c:	4781                	li	a5,0
     83e:	87b8                	lhu	a4,30(sp)
     840:	04e7e563          	bltu	a5,a4,88a <__stack_size+0x8a>
     844:	d14a0513          	addi	a0,s4,-748
     848:	222040ef          	jal	ra,4a6a <puts>
     84c:	8656                	mv	a2,s5
     84e:	85e2                	mv	a1,s8
     850:	ce818513          	addi	a0,gp,-792 # 20000568 <DevDesc_Buf>
     854:	3db1                	jal	6b0 <USBH_AnalyseType>
     856:	00194583          	lbu	a1,1(s2)
     85a:	00006537          	lui	a0,0x6
     85e:	d6850513          	addi	a0,a0,-664 # 5d68 <_read+0x22e>
     862:	0f4040ef          	jal	ra,4956 <iprintf>
     866:	00006537          	lui	a0,0x6
     86a:	d7850513          	addi	a0,a0,-648 # 5d78 <_read+0x23e>
     86e:	0e8040ef          	jal	ra,4956 <iprintf>
     872:	85ea                	mv	a1,s10
     874:	8526                	mv	a0,s1
     876:	3db5                	jal	6f2 <USBH_SetUsbConfig>
     878:	85aa                	mv	a1,a0
     87a:	e129                	bnez	a0,8bc <__stack_size+0xbc>
     87c:	c62a                	sw	a0,12(sp)
     87e:	d5498513          	addi	a0,s3,-684
     882:	1e8040ef          	jal	ra,4a6a <puts>
     886:	45b2                	lw	a1,12(sp)
     888:	bfb5                	j	804 <__stack_size+0x4>
     88a:	00fc0733          	add	a4,s8,a5
     88e:	230c                	lbu	a1,0(a4)
     890:	d30d8513          	addi	a0,s11,-720
     894:	c63e                	sw	a5,12(sp)
     896:	0c0040ef          	jal	ra,4956 <iprintf>
     89a:	47b2                	lw	a5,12(sp)
     89c:	0785                	addi	a5,a5,1
     89e:	07c2                	slli	a5,a5,0x10
     8a0:	83c1                	srli	a5,a5,0x10
     8a2:	bf71                	j	83e <__stack_size+0x3e>
     8a4:	00006537          	lui	a0,0x6
     8a8:	d4850513          	addi	a0,a0,-696 # 5d48 <_read+0x20e>
     8ac:	0aa040ef          	jal	ra,4956 <iprintf>
     8b0:	4795                	li	a5,5
     8b2:	ee87f3e3          	bgeu	a5,s0,798 <USBH_EnumRootDevice+0x30>
     8b6:	04700593          	li	a1,71
     8ba:	b7a9                	j	804 <__stack_size+0x4>
     8bc:	00006537          	lui	a0,0x6
     8c0:	d4850513          	addi	a0,a0,-696 # 5d48 <_read+0x20e>
     8c4:	092040ef          	jal	ra,4956 <iprintf>
     8c8:	4795                	li	a5,5
     8ca:	ec87f7e3          	bgeu	a5,s0,798 <USBH_EnumRootDevice+0x30>
     8ce:	0fb00593          	li	a1,251
     8d2:	bf0d                	j	804 <__stack_size+0x4>
     8d4:	00006537          	lui	a0,0x6
     8d8:	d8450513          	addi	a0,a0,-636 # 5d84 <_read+0x24a>
     8dc:	07a040ef          	jal	ra,4956 <iprintf>
     8e0:	8526                	mv	a0,s1
     8e2:	3b9d                	jal	658 <USBH_GetDeviceDescr>
     8e4:	85aa                	mv	a1,a0
     8e6:	f00514e3          	bnez	a0,7ee <USBH_EnumRootDevice+0x86>
     8ea:	00006a37          	lui	s4,0x6
     8ee:	4981                	li	s3,0
     8f0:	4d49                	li	s10,18
     8f2:	8dd2                	mv	s11,s4
     8f4:	013c87b3          	add	a5,s9,s3
     8f8:	238c                	lbu	a1,0(a5)
     8fa:	d30a0513          	addi	a0,s4,-720 # 5d30 <_read+0x1f6>
     8fe:	0985                	addi	s3,s3,1
     900:	056040ef          	jal	ra,4956 <iprintf>
     904:	ffa998e3          	bne	s3,s10,8f4 <__stack_size+0xf4>
     908:	00006a37          	lui	s4,0x6
     90c:	d14a0513          	addi	a0,s4,-748 # 5d14 <_read+0x1da>
     910:	15a040ef          	jal	ra,4a6a <puts>
     914:	00006537          	lui	a0,0x6
     918:	d3850513          	addi	a0,a0,-712 # 5d38 <_read+0x1fe>
     91c:	03a040ef          	jal	ra,4956 <iprintf>
     920:	8526                	mv	a0,s1
     922:	3b81                	jal	672 <USBH_SetUsbAddress>
     924:	85aa                	mv	a1,a0
     926:	ee0502e3          	beqz	a0,80a <__stack_size+0xa>
     92a:	00006537          	lui	a0,0x6
     92e:	d4850513          	addi	a0,a0,-696 # 5d48 <_read+0x20e>
     932:	024040ef          	jal	ra,4956 <iprintf>
     936:	4795                	li	a5,5
     938:	e687f0e3          	bgeu	a5,s0,798 <USBH_EnumRootDevice+0x30>
     93c:	04600593          	li	a1,70
     940:	b5d1                	j	804 <__stack_size+0x4>

00000942 <KM_AnalyzeConfigDesc>:
     942:	895ff2ef          	jal	t0,1d6 <__riscv_save_4>
     946:	47fd                	li	a5,31
     948:	02f507b3          	mul	a5,a0,a5
     94c:	e0818a13          	addi	s4,gp,-504 # 20000688 <RootHubDev>
     950:	8b2a                	mv	s6,a0
     952:	89ae                	mv	s3,a1
     954:	4481                	li	s1,0
     956:	4401                	li	s0,0
     958:	8e818913          	addi	s2,gp,-1816 # 20000168 <Com_Buf>
     95c:	9a3e                	add	s4,s4,a5
     95e:	00394783          	lbu	a5,3(s2)
     962:	00294703          	lbu	a4,2(s2)
     966:	07a2                	slli	a5,a5,0x8
     968:	97ba                	add	a5,a5,a4
     96a:	1ef45463          	bge	s0,a5,b52 <KM_AnalyzeConfigDesc+0x210>
     96e:	008907b3          	add	a5,s2,s0
     972:	3394                	lbu	a3,1(a5)
     974:	4709                	li	a4,2
     976:	02e69763          	bne	a3,a4,9a4 <KM_AnalyzeConfigDesc+0x62>
     97a:	10a00713          	li	a4,266
     97e:	02e98733          	mul	a4,s3,a4
     982:	23d4                	lbu	a3,4(a5)
     984:	4611                	li	a2,4
     986:	cfc18793          	addi	a5,gp,-772 # 2000057c <HostCtl>
     98a:	97ba                	add	a5,a5,a4
     98c:	00d67a63          	bgeu	a2,a3,9a0 <KM_AnalyzeConfigDesc+0x5e>
     990:	a390                	sb	a2,0(a5)
     992:	008907b3          	add	a5,s2,s0
     996:	239c                	lbu	a5,0(a5)
     998:	943e                	add	s0,s0,a5
     99a:	0442                	slli	s0,s0,0x10
     99c:	8041                	srli	s0,s0,0x10
     99e:	b7c1                	j	95e <KM_AnalyzeConfigDesc+0x1c>
     9a0:	a394                	sb	a3,0(a5)
     9a2:	bfc5                	j	992 <KM_AnalyzeConfigDesc+0x50>
     9a4:	4611                	li	a2,4
     9a6:	fec698e3          	bne	a3,a2,996 <KM_AnalyzeConfigDesc+0x54>
     9aa:	1ad48463          	beq	s1,a3,b52 <KM_AnalyzeConfigDesc+0x210>
     9ae:	33d0                	lbu	a2,5(a5)
     9b0:	468d                	li	a3,3
     9b2:	18d61263          	bne	a2,a3,b36 <KM_AnalyzeConfigDesc+0x1f4>
     9b6:	23f0                	lbu	a2,6(a5)
     9b8:	4685                	li	a3,1
     9ba:	14c6e963          	bltu	a3,a2,b0c <KM_AnalyzeConfigDesc+0x1ca>
     9be:	33fc                	lbu	a5,7(a5)
     9c0:	14f76663          	bltu	a4,a5,b0c <KM_AnalyzeConfigDesc+0x1ca>
     9c4:	02d79863          	bne	a5,a3,9f4 <KM_AnalyzeConfigDesc+0xb2>
     9c8:	04200713          	li	a4,66
     9cc:	10a00613          	li	a2,266
     9d0:	02c98633          	mul	a2,s3,a2
     9d4:	cfc18693          	addi	a3,gp,-772 # 2000057c <HostCtl>
     9d8:	855a                	mv	a0,s6
     9da:	02e48733          	mul	a4,s1,a4
     9de:	9732                	add	a4,a4,a2
     9e0:	9736                	add	a4,a4,a3
     9e2:	a33c                	sb	a5,2(a4)
     9e4:	004a4583          	lbu	a1,4(s4)
     9e8:	4701                	li	a4,0
     9ea:	4681                	li	a3,0
     9ec:	8626                	mv	a2,s1
     9ee:	38f010ef          	jal	ra,257c <HID_SetIdle>
     9f2:	a019                	j	9f8 <KM_AnalyzeConfigDesc+0xb6>
     9f4:	fce78ae3          	beq	a5,a4,9c8 <KM_AnalyzeConfigDesc+0x86>
     9f8:	008907b3          	add	a5,s2,s0
     9fc:	239c                	lbu	a5,0(a5)
     9fe:	10a00713          	li	a4,266
     a02:	02e98733          	mul	a4,s3,a4
     a06:	943e                	add	s0,s0,a5
     a08:	04200793          	li	a5,66
     a0c:	02100313          	li	t1,33
     a10:	00294e03          	lbu	t3,2(s2)
     a14:	0442                	slli	s0,s0,0x10
     a16:	cfc18893          	addi	a7,gp,-772 # 2000057c <HostCtl>
     a1a:	8041                	srli	s0,s0,0x10
     a1c:	4681                	li	a3,0
     a1e:	4501                	li	a0,0
     a20:	02f487b3          	mul	a5,s1,a5
     a24:	4e91                	li	t4,4
     a26:	4f15                	li	t5,5
     a28:	97ba                	add	a5,a5,a4
     a2a:	08500713          	li	a4,133
     a2e:	02648833          	mul	a6,s1,t1
     a32:	97c6                	add	a5,a5,a7
     a34:	02e98733          	mul	a4,s3,a4
     a38:	983a                	add	a6,a6,a4
     a3a:	00890733          	add	a4,s2,s0
     a3e:	3310                	lbu	a2,1(a4)
     a40:	09d60d63          	beq	a2,t4,ada <KM_AnalyzeConfigDesc+0x198>
     a44:	09c47b63          	bgeu	s0,t3,ada <KM_AnalyzeConfigDesc+0x198>
     a48:	230c                	lbu	a1,0(a4)
     a4a:	942e                	add	s0,s0,a1
     a4c:	0442                	slli	s0,s0,0x10
     a4e:	8041                	srli	s0,s0,0x10
     a50:	07e61d63          	bne	a2,t5,aca <KM_AnalyzeConfigDesc+0x188>
     a54:	3350                	lbu	a2,5(a4)
     a56:	232c                	lbu	a1,2(a4)
     a58:	00474f83          	lbu	t6,4(a4) # 4004 <ADC_RegularChannelConfig+0x86>
     a5c:	0622                	slli	a2,a2,0x8
     a5e:	00f5f393          	andi	t2,a1,15
     a62:	967e                	add	a2,a2,t6
     a64:	05e2                	slli	a1,a1,0x18
     a66:	0642                	slli	a2,a2,0x10
     a68:	85e1                	srai	a1,a1,0x18
     a6a:	00374283          	lbu	t0,3(a4)
     a6e:	8241                	srli	a2,a2,0x10
     a70:	0205d863          	bgez	a1,aa0 <KM_AnalyzeConfigDesc+0x15e>
     a74:	2378                	lbu	a4,6(a4)
     a76:	00a78fb3          	add	t6,a5,a0
     a7a:	00a805b3          	add	a1,a6,a0
     a7e:	00ef8f23          	sb	a4,30(t6)
     a82:	2798                	lbu	a4,8(a5)
     a84:	05a1                	addi	a1,a1,8
     a86:	0586                	slli	a1,a1,0x1
     a88:	95c6                	add	a1,a1,a7
     a8a:	0705                	addi	a4,a4,1
     a8c:	0505                	addi	a0,a0,1
     a8e:	007f84a3          	sb	t2,9(t6)
     a92:	005f86a3          	sb	t0,13(t6)
     a96:	a1b2                	sh	a2,2(a1)
     a98:	a798                	sb	a4,8(a5)
     a9a:	0ff57513          	andi	a0,a0,255
     a9e:	bf71                	j	a3a <KM_AnalyzeConfigDesc+0xf8>
     aa0:	00d78733          	add	a4,a5,a3
     aa4:	027703a3          	sb	t2,39(a4)
     aa8:	025705a3          	sb	t0,43(a4)
     aac:	00d80733          	add	a4,a6,a3
     ab0:	0741                	addi	a4,a4,16
     ab2:	0706                	slli	a4,a4,0x1
     ab4:	9746                	add	a4,a4,a7
     ab6:	ab12                	sh	a2,16(a4)
     ab8:	0267c703          	lbu	a4,38(a5)
     abc:	0685                	addi	a3,a3,1
     abe:	0ff6f693          	andi	a3,a3,255
     ac2:	0705                	addi	a4,a4,1
     ac4:	02e78323          	sb	a4,38(a5)
     ac8:	bf8d                	j	a3a <KM_AnalyzeConfigDesc+0xf8>
     aca:	f66618e3          	bne	a2,t1,a3a <KM_AnalyzeConfigDesc+0xf8>
     ace:	2710                	lbu	a2,8(a4)
     ad0:	3378                	lbu	a4,7(a4)
     ad2:	0622                	slli	a2,a2,0x8
     ad4:	8f51                	or	a4,a4,a2
     ad6:	a3da                	sh	a4,4(a5)
     ad8:	b78d                	j	a3a <KM_AnalyzeConfigDesc+0xf8>
     ada:	4785                	li	a5,1
     adc:	02f69463          	bne	a3,a5,b04 <KM_AnalyzeConfigDesc+0x1c2>
     ae0:	04200793          	li	a5,66
     ae4:	10a00613          	li	a2,266
     ae8:	02f487b3          	mul	a5,s1,a5
     aec:	cfc18713          	addi	a4,gp,-772 # 2000057c <HostCtl>
     af0:	02c98633          	mul	a2,s3,a2
     af4:	97b2                	add	a5,a5,a2
     af6:	97ba                	add	a5,a5,a4
     af8:	23b8                	lbu	a4,2(a5)
     afa:	00d71563          	bne	a4,a3,b04 <KM_AnalyzeConfigDesc+0x1c2>
     afe:	577d                	li	a4,-1
     b00:	04e78023          	sb	a4,64(a5)
     b04:	0485                	addi	s1,s1,1
     b06:	0ff4f493          	andi	s1,s1,255
     b0a:	bd91                	j	95e <KM_AnalyzeConfigDesc+0x1c>
     b0c:	04200793          	li	a5,66
     b10:	10a00693          	li	a3,266
     b14:	02f487b3          	mul	a5,s1,a5
     b18:	cfc18713          	addi	a4,gp,-772 # 2000057c <HostCtl>
     b1c:	02d986b3          	mul	a3,s3,a3
     b20:	97b6                	add	a5,a5,a3
     b22:	97ba                	add	a5,a5,a4
     b24:	577d                	li	a4,-1
     b26:	a3b8                	sb	a4,2(a5)
     b28:	008907b3          	add	a5,s2,s0
     b2c:	239c                	lbu	a5,0(a5)
     b2e:	943e                	add	s0,s0,a5
     b30:	0442                	slli	s0,s0,0x10
     b32:	8041                	srli	s0,s0,0x10
     b34:	bfc1                	j	b04 <KM_AnalyzeConfigDesc+0x1c2>
     b36:	04200793          	li	a5,66
     b3a:	02f484b3          	mul	s1,s1,a5
     b3e:	10a00793          	li	a5,266
     b42:	02f989b3          	mul	s3,s3,a5
     b46:	57fd                	li	a5,-1
     b48:	99a6                	add	s3,s3,s1
     b4a:	cfc18493          	addi	s1,gp,-772 # 2000057c <HostCtl>
     b4e:	94ce                	add	s1,s1,s3
     b50:	a0bc                	sb	a5,2(s1)
     b52:	4501                	li	a0,0
     b54:	eb6ff06f          	j	20a <__riscv_restore_4>

00000b58 <KM_AnalyzeHidReportDesc>:
     b58:	8e81c683          	lbu	a3,-1816(gp) # 20000168 <Com_Buf>
     b5c:	4795                	li	a5,5
     b5e:	18f69563          	bne	a3,a5,ce8 <KM_AnalyzeHidReportDesc+0x190>
     b62:	8e818713          	addi	a4,gp,-1816 # 20000168 <Com_Buf>
     b66:	3314                	lbu	a3,1(a4)
     b68:	4785                	li	a5,1
     b6a:	16f69f63          	bne	a3,a5,ce8 <KM_AnalyzeHidReportDesc+0x190>
     b6e:	2334                	lbu	a3,2(a4)
     b70:	47a5                	li	a5,9
     b72:	16f69b63          	bne	a3,a5,ce8 <KM_AnalyzeHidReportDesc+0x190>
     b76:	3334                	lbu	a3,3(a4)
     b78:	4799                	li	a5,6
     b7a:	16f69763          	bne	a3,a5,ce8 <KM_AnalyzeHidReportDesc+0x190>
     b7e:	04200693          	li	a3,66
     b82:	10a00813          	li	a6,266
     b86:	03050833          	mul	a6,a0,a6
     b8a:	cfc18613          	addi	a2,gp,-772 # 2000057c <HostCtl>
     b8e:	1101                	addi	sp,sp,-32
     b90:	ce22                	sw	s0,28(sp)
     b92:	cc26                	sw	s1,24(sp)
     b94:	ca4a                	sw	s2,20(sp)
     b96:	c84e                	sw	s3,16(sp)
     b98:	c652                	sw	s4,12(sp)
     b9a:	c456                	sw	s5,8(sp)
     b9c:	02d586b3          	mul	a3,a1,a3
     ba0:	c25a                	sw	s6,4(sp)
     ba2:	c05e                	sw	s7,0(sp)
     ba4:	4791                	li	a5,4
     ba6:	4301                	li	t1,0
     ba8:	4e81                	li	t4,0
     baa:	4f01                	li	t5,0
     bac:	4e01                	li	t3,0
     bae:	cfc18893          	addi	a7,gp,-772 # 2000057c <HostCtl>
     bb2:	4411                	li	s0,4
     bb4:	96c2                	add	a3,a3,a6
     bb6:	9636                	add	a2,a2,a3
     bb8:	00465383          	lhu	t2,4(a2)
     bbc:	4801                	li	a6,0
     bbe:	07000f93          	li	t6,112
     bc2:	08000493          	li	s1,128
     bc6:	09000293          	li	t0,144
     bca:	4921                	li	s2,8
     bcc:	49c1                	li	s3,16
     bce:	02000a13          	li	s4,32
     bd2:	4a85                	li	s5,1
     bd4:	0477e063          	bltu	a5,t2,c14 <KM_AnalyzeHidReportDesc+0xbc>
     bd8:	47a1                	li	a5,8
     bda:	0ef31a63          	bne	t1,a5,cce <KM_AnalyzeHidReportDesc+0x176>
     bde:	04200793          	li	a5,66
     be2:	10a00713          	li	a4,266
     be6:	02f587b3          	mul	a5,a1,a5
     bea:	02e50733          	mul	a4,a0,a4
     bee:	97ba                	add	a5,a5,a4
     bf0:	00f885b3          	add	a1,a7,a5
     bf4:	0405c783          	lbu	a5,64(a1)
     bf8:	e781                	bnez	a5,c00 <KM_AnalyzeHidReportDesc+0xa8>
     bfa:	4785                	li	a5,1
     bfc:	04f58023          	sb	a5,64(a1)
     c00:	4472                	lw	s0,28(sp)
     c02:	44e2                	lw	s1,24(sp)
     c04:	4952                	lw	s2,20(sp)
     c06:	49c2                	lw	s3,16(sp)
     c08:	4a32                	lw	s4,12(sp)
     c0a:	4aa2                	lw	s5,8(sp)
     c0c:	4b12                	lw	s6,4(sp)
     c0e:	4b82                	lw	s7,0(sp)
     c10:	6105                	addi	sp,sp,32
     c12:	8082                	ret
     c14:	00f706b3          	add	a3,a4,a5
     c18:	2294                	lbu	a3,0(a3)
     c1a:	0785                	addi	a5,a5,1
     c1c:	07c2                	slli	a5,a5,0x10
     c1e:	00c6fb93          	andi	s7,a3,12
     c22:	0036fb13          	andi	s6,a3,3
     c26:	83c1                	srli	a5,a5,0x10
     c28:	0f06f693          	andi	a3,a3,240
     c2c:	028b8d63          	beq	s7,s0,c66 <KM_AnalyzeHidReportDesc+0x10e>
     c30:	072b8b63          	beq	s7,s2,ca6 <KM_AnalyzeHidReportDesc+0x14e>
     c34:	020b9563          	bnez	s7,c5e <KM_AnalyzeHidReportDesc+0x106>
     c38:	02569363          	bne	a3,t0,c5e <KM_AnalyzeHidReportDesc+0x106>
     c3c:	02080163          	beqz	a6,c5e <KM_AnalyzeHidReportDesc+0x106>
     c40:	03ee86b3          	mul	a3,t4,t5
     c44:	9336                	add	t1,t1,a3
     c46:	0342                	slli	t1,t1,0x10
     c48:	01035313          	srli	t1,t1,0x10
     c4c:	000e0963          	beqz	t3,c5e <KM_AnalyzeHidReportDesc+0x106>
     c50:	03c64683          	lbu	a3,60(a2)
     c54:	e689                	bnez	a3,c5e <KM_AnalyzeHidReportDesc+0x106>
     c56:	03560e23          	sb	s5,60(a2)
     c5a:	03c60ea3          	sb	t3,61(a2)
     c5e:	97da                	add	a5,a5,s6
     c60:	07c2                	slli	a5,a5,0x10
     c62:	83c1                	srli	a5,a5,0x10
     c64:	bf85                	j	bd4 <KM_AnalyzeHidReportDesc+0x7c>
     c66:	03f68b63          	beq	a3,t6,c9c <KM_AnalyzeHidReportDesc+0x144>
     c6a:	00dfeb63          	bltu	t6,a3,c80 <KM_AnalyzeHidReportDesc+0x128>
     c6e:	fae5                	bnez	a3,c5e <KM_AnalyzeHidReportDesc+0x106>
     c70:	00f706b3          	add	a3,a4,a5
     c74:	0006c803          	lbu	a6,0(a3)
     c78:	1861                	addi	a6,a6,-8
     c7a:	00183813          	seqz	a6,a6
     c7e:	b7c5                	j	c5e <KM_AnalyzeHidReportDesc+0x106>
     c80:	00968963          	beq	a3,s1,c92 <KM_AnalyzeHidReportDesc+0x13a>
     c84:	fc569de3          	bne	a3,t0,c5e <KM_AnalyzeHidReportDesc+0x106>
     c88:	00f706b3          	add	a3,a4,a5
     c8c:	0006ce83          	lbu	t4,0(a3)
     c90:	b7f9                	j	c5e <KM_AnalyzeHidReportDesc+0x106>
     c92:	00f706b3          	add	a3,a4,a5
     c96:	0006ce03          	lbu	t3,0(a3)
     c9a:	b7d1                	j	c5e <KM_AnalyzeHidReportDesc+0x106>
     c9c:	00f706b3          	add	a3,a4,a5
     ca0:	0006cf03          	lbu	t5,0(a3)
     ca4:	bf6d                	j	c5e <KM_AnalyzeHidReportDesc+0x106>
     ca6:	01368c63          	beq	a3,s3,cbe <KM_AnalyzeHidReportDesc+0x166>
     caa:	fb469ae3          	bne	a3,s4,c5e <KM_AnalyzeHidReportDesc+0x106>
     cae:	fa0808e3          	beqz	a6,c5e <KM_AnalyzeHidReportDesc+0x106>
     cb2:	00f706b3          	add	a3,a4,a5
     cb6:	2294                	lbu	a3,0(a3)
     cb8:	02d60fa3          	sb	a3,63(a2)
     cbc:	b74d                	j	c5e <KM_AnalyzeHidReportDesc+0x106>
     cbe:	fa0800e3          	beqz	a6,c5e <KM_AnalyzeHidReportDesc+0x106>
     cc2:	00f706b3          	add	a3,a4,a5
     cc6:	2294                	lbu	a3,0(a3)
     cc8:	02d60f23          	sb	a3,62(a2)
     ccc:	bf49                	j	c5e <KM_AnalyzeHidReportDesc+0x106>
     cce:	04200793          	li	a5,66
     cd2:	02f587b3          	mul	a5,a1,a5
     cd6:	10a00593          	li	a1,266
     cda:	02b50533          	mul	a0,a0,a1
     cde:	97aa                	add	a5,a5,a0
     ce0:	97c6                	add	a5,a5,a7
     ce2:	04078023          	sb	zero,64(a5)
     ce6:	bf29                	j	c00 <KM_AnalyzeHidReportDesc+0xa8>
     ce8:	8082                	ret

00000cea <KM_DealHidReportDesc>:
     cea:	cd6ff2ef          	jal	t0,1c0 <__riscv_save_12>
     cee:	10a00a93          	li	s5,266
     cf2:	03558ab3          	mul	s5,a1,s5
     cf6:	cfc18793          	addi	a5,gp,-772 # 2000057c <HostCtl>
     cfa:	1141                	addi	sp,sp,-16
     cfc:	8caa                	mv	s9,a0
     cfe:	8b2e                	mv	s6,a1
     d00:	8d32                	mv	s10,a2
     d02:	4a01                	li	s4,0
     d04:	cfc18993          	addi	s3,gp,-772 # 2000057c <HostCtl>
     d08:	97d6                	add	a5,a5,s5
     d0a:	2384                	lbu	s1,0(a5)
     d0c:	8bd6                	mv	s7,s5
     d0e:	c63e                	sw	a5,12(sp)
     d10:	c8cd                	beqz	s1,dc2 <KM_DealHidReportDesc+0xd8>
     d12:	47b2                	lw	a5,12(sp)
     d14:	04200913          	li	s2,66
     d18:	2380                	lbu	s0,0(a5)
     d1a:	8c05                	sub	s0,s0,s1
     d1c:	0ff47413          	andi	s0,s0,255
     d20:	03240933          	mul	s2,s0,s2
     d24:	017907b3          	add	a5,s2,s7
     d28:	97ce                	add	a5,a5,s3
     d2a:	23de                	lhu	a5,4(a5)
     d2c:	cfb5                	beqz	a5,da8 <KM_DealHidReportDesc+0xbe>
     d2e:	004a8793          	addi	a5,s5,4
     d32:	993e                	add	s2,s2,a5
     d34:	994e                	add	s2,s2,s3
     d36:	00006db7          	lui	s11,0x6
     d3a:	000067b7          	lui	a5,0x6
     d3e:	85a2                	mv	a1,s0
     d40:	c1478513          	addi	a0,a5,-1004 # 5c14 <_read+0xda>
     d44:	413030ef          	jal	ra,4956 <iprintf>
     d48:	85ea                	mv	a1,s10
     d4a:	874a                	mv	a4,s2
     d4c:	8e818693          	addi	a3,gp,-1816 # 20000168 <Com_Buf>
     d50:	8622                	mv	a2,s0
     d52:	8566                	mv	a0,s9
     d54:	0a05                	addi	s4,s4,1
     d56:	7ba010ef          	jal	ra,2510 <HID_GetHidDesr>
     d5a:	0ffa7a13          	andi	s4,s4,255
     d5e:	85aa                	mv	a1,a0
     d60:	e921                	bnez	a0,db0 <KM_DealHidReportDesc+0xc6>
     d62:	04200913          	li	s2,66
     d66:	03240933          	mul	s2,s0,s2
     d6a:	4d81                	li	s11,0
     d6c:	995e                	add	s2,s2,s7
     d6e:	994e                	add	s2,s2,s3
     d70:	a829                	j	d8a <KM_DealHidReportDesc+0xa0>
     d72:	8e818793          	addi	a5,gp,-1816 # 20000168 <Com_Buf>
     d76:	97ee                	add	a5,a5,s11
     d78:	238c                	lbu	a1,0(a5)
     d7a:	0d85                	addi	s11,s11,1
     d7c:	d3070513          	addi	a0,a4,-720
     d80:	0dc2                	slli	s11,s11,0x10
     d82:	3d5030ef          	jal	ra,4956 <iprintf>
     d86:	010ddd93          	srli	s11,s11,0x10
     d8a:	00495783          	lhu	a5,4(s2)
     d8e:	00006737          	lui	a4,0x6
     d92:	fefde0e3          	bltu	s11,a5,d72 <KM_DealHidReportDesc+0x88>
     d96:	00006537          	lui	a0,0x6
     d9a:	d1450513          	addi	a0,a0,-748 # 5d14 <_read+0x1da>
     d9e:	4cd030ef          	jal	ra,4a6a <puts>
     da2:	85a2                	mv	a1,s0
     da4:	855a                	mv	a0,s6
     da6:	3b4d                	jal	b58 <KM_AnalyzeHidReportDesc>
     da8:	14fd                	addi	s1,s1,-1
     daa:	0ff4f493          	andi	s1,s1,255
     dae:	b78d                	j	d10 <KM_DealHidReportDesc+0x26>
     db0:	d48d8513          	addi	a0,s11,-696 # 5d48 <_read+0x20e>
     db4:	3a3030ef          	jal	ra,4956 <iprintf>
     db8:	4795                	li	a5,5
     dba:	f947f0e3          	bgeu	a5,s4,d3a <KM_DealHidReportDesc+0x50>
     dbe:	04800493          	li	s1,72
     dc2:	8526                	mv	a0,s1
     dc4:	0141                	addi	sp,sp,16
     dc6:	c36ff06f          	j	1fc <__riscv_restore_12>

00000dca <HUB_AnalyzeConfigDesc>:
     dca:	10a00713          	li	a4,266
     dce:	02e50533          	mul	a0,a0,a4
     dd2:	8e818793          	addi	a5,gp,-1816 # 20000168 <Com_Buf>
     dd6:	33b0                	lbu	a2,3(a5)
     dd8:	23bc                	lbu	a5,2(a5)
     dda:	0622                	slli	a2,a2,0x8
     ddc:	cfc18693          	addi	a3,gp,-772 # 2000057c <HostCtl>
     de0:	963e                	add	a2,a2,a5
     de2:	8e818593          	addi	a1,gp,-1816 # 20000168 <Com_Buf>
     de6:	4781                	li	a5,0
     de8:	4309                	li	t1,2
     dea:	4811                	li	a6,4
     dec:	4e25                	li	t3,9
     dee:	4e95                	li	t4,5
     df0:	9536                	add	a0,a0,a3
     df2:	4885                	li	a7,1
     df4:	00c7c463          	blt	a5,a2,dfc <HUB_AnalyzeConfigDesc+0x32>
     df8:	4501                	li	a0,0
     dfa:	8082                	ret
     dfc:	00f58733          	add	a4,a1,a5
     e00:	00074f03          	lbu	t5,0(a4) # 6000 <_read+0x4c6>
     e04:	3314                	lbu	a3,1(a4)
     e06:	97fa                	add	a5,a5,t5
     e08:	07c2                	slli	a5,a5,0x10
     e0a:	83c1                	srli	a5,a5,0x10
     e0c:	00669a63          	bne	a3,t1,e20 <HUB_AnalyzeConfigDesc+0x56>
     e10:	2358                	lbu	a4,4(a4)
     e12:	00e8f563          	bgeu	a7,a4,e1c <HUB_AnalyzeConfigDesc+0x52>
     e16:	01150023          	sb	a7,0(a0)
     e1a:	bfe9                	j	df4 <HUB_AnalyzeConfigDesc+0x2a>
     e1c:	a118                	sb	a4,0(a0)
     e1e:	bfd9                	j	df4 <HUB_AnalyzeConfigDesc+0x2a>
     e20:	fd069ae3          	bne	a3,a6,df4 <HUB_AnalyzeConfigDesc+0x2a>
     e24:	3358                	lbu	a4,5(a4)
     e26:	fdc717e3          	bne	a4,t3,df4 <HUB_AnalyzeConfigDesc+0x2a>
     e2a:	00f58733          	add	a4,a1,a5
     e2e:	3314                	lbu	a3,1(a4)
     e30:	fd0682e3          	beq	a3,a6,df4 <HUB_AnalyzeConfigDesc+0x2a>
     e34:	fcc7d0e3          	bge	a5,a2,df4 <HUB_AnalyzeConfigDesc+0x2a>
     e38:	00074f03          	lbu	t5,0(a4)
     e3c:	97fa                	add	a5,a5,t5
     e3e:	07c2                	slli	a5,a5,0x10
     e40:	83c1                	srli	a5,a5,0x10
     e42:	ffd694e3          	bne	a3,t4,e2a <HUB_AnalyzeConfigDesc+0x60>
     e46:	2334                	lbu	a3,2(a4)
     e48:	01869f13          	slli	t5,a3,0x18
     e4c:	418f5f13          	srai	t5,t5,0x18
     e50:	fc0f5de3          	bgez	t5,e2a <HUB_AnalyzeConfigDesc+0x60>
     e54:	8abd                	andi	a3,a3,15
     e56:	b514                	sb	a3,9(a0)
     e58:	3334                	lbu	a3,3(a4)
     e5a:	00474f03          	lbu	t5,4(a4)
     e5e:	b554                	sb	a3,13(a0)
     e60:	3354                	lbu	a3,5(a4)
     e62:	2378                	lbu	a4,6(a4)
     e64:	06a2                	slli	a3,a3,0x8
     e66:	ad78                	sb	a4,30(a0)
     e68:	2518                	lbu	a4,8(a0)
     e6a:	96fa                	add	a3,a3,t5
     e6c:	a936                	sh	a3,18(a0)
     e6e:	0705                	addi	a4,a4,1
     e70:	a518                	sb	a4,8(a0)
     e72:	bf65                	j	e2a <HUB_AnalyzeConfigDesc+0x60>

00000e74 <USBH_EnumHubDevice>:
     e74:	b54ff2ef          	jal	t0,1c8 <__riscv_save_10>
     e78:	842a                	mv	s0,a0
     e7a:	00006537          	lui	a0,0x6
     e7e:	1141                	addi	sp,sp,-16
     e80:	c3c50513          	addi	a0,a0,-964 # 5c3c <_read+0x102>
     e84:	8aae                	mv	s5,a1
     e86:	3e5030ef          	jal	ra,4a6a <puts>
     e8a:	00006537          	lui	a0,0x6
     e8e:	c4850513          	addi	a0,a0,-952 # 5c48 <_read+0x10e>
     e92:	2c5030ef          	jal	ra,4956 <iprintf>
     e96:	477d                	li	a4,31
     e98:	02e40733          	mul	a4,s0,a4
     e9c:	e0818793          	addi	a5,gp,-504 # 20000688 <RootHubDev>
     ea0:	97ba                	add	a5,a5,a4
     ea2:	33c8                	lbu	a0,5(a5)
     ea4:	371d                	jal	dca <HUB_AnalyzeConfigDesc>
     ea6:	14051b63          	bnez	a0,ffc <USBH_EnumHubDevice+0x188>
     eaa:	00006537          	lui	a0,0x6
     eae:	d5450513          	addi	a0,a0,-684 # 5d54 <_read+0x21a>
     eb2:	3b9030ef          	jal	ra,4a6a <puts>
     eb6:	8e818793          	addi	a5,gp,-1816 # 20000168 <Com_Buf>
     eba:	23fc                	lbu	a5,6(a5)
     ebc:	e0818a13          	addi	s4,gp,-504 # 20000688 <RootHubDev>
     ec0:	8e818493          	addi	s1,gp,-1816 # 20000168 <Com_Buf>
     ec4:	cf95                	beqz	a5,f00 <USBH_EnumHubDevice+0x8c>
     ec6:	00006537          	lui	a0,0x6
     eca:	c5c50513          	addi	a0,a0,-932 # 5c5c <_read+0x122>
     ece:	289030ef          	jal	ra,4956 <iprintf>
     ed2:	20f0                	lbu	a2,6(s1)
     ed4:	85d6                	mv	a1,s5
     ed6:	8522                	mv	a0,s0
     ed8:	831ff0ef          	jal	ra,708 <USBH_GetStrDescr>
     edc:	85aa                	mv	a1,a0
     ede:	4981                	li	s3,0
     ee0:	14051363          	bnez	a0,1026 <USBH_EnumHubDevice+0x1b2>
     ee4:	00006b37          	lui	s6,0x6
     ee8:	2098                	lbu	a4,0(s1)
     eea:	01099793          	slli	a5,s3,0x10
     eee:	83c1                	srli	a5,a5,0x10
     ef0:	12e7e263          	bltu	a5,a4,1014 <USBH_EnumHubDevice+0x1a0>
     ef4:	00006537          	lui	a0,0x6
     ef8:	d1450513          	addi	a0,a0,-748 # 5d14 <_read+0x1da>
     efc:	36f030ef          	jal	ra,4a6a <puts>
     f00:	ce818793          	addi	a5,gp,-792 # 20000568 <DevDesc_Buf>
     f04:	27fc                	lbu	a5,14(a5)
     f06:	ce818993          	addi	s3,gp,-792 # 20000568 <DevDesc_Buf>
     f0a:	cf9d                	beqz	a5,f48 <USBH_EnumHubDevice+0xd4>
     f0c:	00006537          	lui	a0,0x6
     f10:	c7050513          	addi	a0,a0,-912 # 5c70 <_read+0x136>
     f14:	243030ef          	jal	ra,4956 <iprintf>
     f18:	00e9c603          	lbu	a2,14(s3)
     f1c:	85d6                	mv	a1,s5
     f1e:	8522                	mv	a0,s0
     f20:	fe8ff0ef          	jal	ra,708 <USBH_GetStrDescr>
     f24:	85aa                	mv	a1,a0
     f26:	4b01                	li	s6,0
     f28:	10051f63          	bnez	a0,1046 <USBH_EnumHubDevice+0x1d2>
     f2c:	00006bb7          	lui	s7,0x6
     f30:	2098                	lbu	a4,0(s1)
     f32:	010b1793          	slli	a5,s6,0x10
     f36:	83c1                	srli	a5,a5,0x10
     f38:	0ee7ee63          	bltu	a5,a4,1034 <USBH_EnumHubDevice+0x1c0>
     f3c:	00006537          	lui	a0,0x6
     f40:	d1450513          	addi	a0,a0,-748 # 5d14 <_read+0x1da>
     f44:	327030ef          	jal	ra,4a6a <puts>
     f48:	00f9c783          	lbu	a5,15(s3)
     f4c:	cf9d                	beqz	a5,f8a <USBH_EnumHubDevice+0x116>
     f4e:	00006537          	lui	a0,0x6
     f52:	c8450513          	addi	a0,a0,-892 # 5c84 <_read+0x14a>
     f56:	201030ef          	jal	ra,4956 <iprintf>
     f5a:	00f9c603          	lbu	a2,15(s3)
     f5e:	85d6                	mv	a1,s5
     f60:	8522                	mv	a0,s0
     f62:	fa6ff0ef          	jal	ra,708 <USBH_GetStrDescr>
     f66:	85aa                	mv	a1,a0
     f68:	4b01                	li	s6,0
     f6a:	0e051e63          	bnez	a0,1066 <USBH_EnumHubDevice+0x1f2>
     f6e:	00006bb7          	lui	s7,0x6
     f72:	2098                	lbu	a4,0(s1)
     f74:	010b1793          	slli	a5,s6,0x10
     f78:	83c1                	srli	a5,a5,0x10
     f7a:	0ce7ed63          	bltu	a5,a4,1054 <USBH_EnumHubDevice+0x1e0>
     f7e:	00006537          	lui	a0,0x6
     f82:	d1450513          	addi	a0,a0,-748 # 5d14 <_read+0x1da>
     f86:	2e5030ef          	jal	ra,4a6a <puts>
     f8a:	0109c783          	lbu	a5,16(s3)
     f8e:	cf9d                	beqz	a5,fcc <USBH_EnumHubDevice+0x158>
     f90:	00006537          	lui	a0,0x6
     f94:	c9850513          	addi	a0,a0,-872 # 5c98 <_read+0x15e>
     f98:	1bf030ef          	jal	ra,4956 <iprintf>
     f9c:	0109c603          	lbu	a2,16(s3)
     fa0:	85d6                	mv	a1,s5
     fa2:	8522                	mv	a0,s0
     fa4:	f64ff0ef          	jal	ra,708 <USBH_GetStrDescr>
     fa8:	85aa                	mv	a1,a0
     faa:	4981                	li	s3,0
     fac:	0c051d63          	bnez	a0,1086 <USBH_EnumHubDevice+0x212>
     fb0:	00006b37          	lui	s6,0x6
     fb4:	2098                	lbu	a4,0(s1)
     fb6:	01099793          	slli	a5,s3,0x10
     fba:	83c1                	srli	a5,a5,0x10
     fbc:	0ae7ec63          	bltu	a5,a4,1074 <USBH_EnumHubDevice+0x200>
     fc0:	00006537          	lui	a0,0x6
     fc4:	d1450513          	addi	a0,a0,-748 # 5d14 <_read+0x1da>
     fc8:	2a3030ef          	jal	ra,4a6a <puts>
     fcc:	00006537          	lui	a0,0x6
     fd0:	cac50513          	addi	a0,a0,-852 # 5cac <_read+0x172>
     fd4:	183030ef          	jal	ra,4956 <iprintf>
     fd8:	4b15                	li	s6,5
     fda:	00006bb7          	lui	s7,0x6
     fde:	00e10693          	addi	a3,sp,14
     fe2:	8e818613          	addi	a2,gp,-1816 # 20000168 <Com_Buf>
     fe6:	85d6                	mv	a1,s5
     fe8:	8522                	mv	a0,s0
     fea:	660010ef          	jal	ra,264a <HUB_GetClassDevDescr>
     fee:	89aa                	mv	s3,a0
     ff0:	12051d63          	bnez	a0,112a <USBH_EnumHubDevice+0x2b6>
     ff4:	4901                	li	s2,0
     ff6:	00006ab7          	lui	s5,0x6
     ffa:	a845                	j	10aa <USBH_EnumHubDevice+0x236>
     ffc:	89aa                	mv	s3,a0
     ffe:	85aa                	mv	a1,a0
    1000:	00006537          	lui	a0,0x6
    1004:	d4850513          	addi	a0,a0,-696 # 5d48 <_read+0x20e>
    1008:	14f030ef          	jal	ra,4956 <iprintf>
    100c:	854e                	mv	a0,s3
    100e:	0141                	addi	sp,sp,16
    1010:	9f0ff06f          	j	200 <__riscv_restore_10>
    1014:	013487b3          	add	a5,s1,s3
    1018:	238c                	lbu	a1,0(a5)
    101a:	d30b0513          	addi	a0,s6,-720 # 5d30 <_read+0x1f6>
    101e:	0985                	addi	s3,s3,1
    1020:	137030ef          	jal	ra,4956 <iprintf>
    1024:	b5d1                	j	ee8 <USBH_EnumHubDevice+0x74>
    1026:	00006537          	lui	a0,0x6
    102a:	d4850513          	addi	a0,a0,-696 # 5d48 <_read+0x20e>
    102e:	129030ef          	jal	ra,4956 <iprintf>
    1032:	b5f9                	j	f00 <USBH_EnumHubDevice+0x8c>
    1034:	016487b3          	add	a5,s1,s6
    1038:	238c                	lbu	a1,0(a5)
    103a:	d30b8513          	addi	a0,s7,-720 # 5d30 <_read+0x1f6>
    103e:	0b05                	addi	s6,s6,1
    1040:	117030ef          	jal	ra,4956 <iprintf>
    1044:	b5f5                	j	f30 <USBH_EnumHubDevice+0xbc>
    1046:	00006537          	lui	a0,0x6
    104a:	d4850513          	addi	a0,a0,-696 # 5d48 <_read+0x20e>
    104e:	109030ef          	jal	ra,4956 <iprintf>
    1052:	bddd                	j	f48 <USBH_EnumHubDevice+0xd4>
    1054:	016487b3          	add	a5,s1,s6
    1058:	238c                	lbu	a1,0(a5)
    105a:	d30b8513          	addi	a0,s7,-720
    105e:	0b05                	addi	s6,s6,1
    1060:	0f7030ef          	jal	ra,4956 <iprintf>
    1064:	b739                	j	f72 <USBH_EnumHubDevice+0xfe>
    1066:	00006537          	lui	a0,0x6
    106a:	d4850513          	addi	a0,a0,-696 # 5d48 <_read+0x20e>
    106e:	0e9030ef          	jal	ra,4956 <iprintf>
    1072:	bf21                	j	f8a <USBH_EnumHubDevice+0x116>
    1074:	013487b3          	add	a5,s1,s3
    1078:	238c                	lbu	a1,0(a5)
    107a:	d30b0513          	addi	a0,s6,-720
    107e:	0985                	addi	s3,s3,1
    1080:	0d7030ef          	jal	ra,4956 <iprintf>
    1084:	bf05                	j	fb4 <USBH_EnumHubDevice+0x140>
    1086:	00006537          	lui	a0,0x6
    108a:	d4850513          	addi	a0,a0,-696 # 5d48 <_read+0x20e>
    108e:	0c9030ef          	jal	ra,4956 <iprintf>
    1092:	bf2d                	j	fcc <USBH_EnumHubDevice+0x158>
    1094:	012487b3          	add	a5,s1,s2
    1098:	238c                	lbu	a1,0(a5)
    109a:	0905                	addi	s2,s2,1
    109c:	d30a8513          	addi	a0,s5,-720 # 5d30 <_read+0x1f6>
    10a0:	0942                	slli	s2,s2,0x10
    10a2:	0b5030ef          	jal	ra,4956 <iprintf>
    10a6:	01095913          	srli	s2,s2,0x10
    10aa:	873c                	lhu	a5,14(sp)
    10ac:	fef964e3          	bltu	s2,a5,1094 <USBH_EnumHubDevice+0x220>
    10b0:	00006537          	lui	a0,0x6
    10b4:	d1450513          	addi	a0,a0,-748 # 5d14 <_read+0x1da>
    10b8:	1b3030ef          	jal	ra,4a6a <puts>
    10bc:	47fd                	li	a5,31
    10be:	02f407b3          	mul	a5,s0,a5
    10c2:	20b4                	lbu	a3,2(s1)
    10c4:	4711                	li	a4,4
    10c6:	97d2                	add	a5,a5,s4
    10c8:	04d76f63          	bltu	a4,a3,1126 <USBH_EnumHubDevice+0x2b2>
    10cc:	a3f4                	sb	a3,6(a5)
    10ce:	497d                	li	s2,31
    10d0:	03240933          	mul	s2,s0,s2
    10d4:	00006537          	lui	a0,0x6
    10d8:	85a2                	mv	a1,s0
    10da:	cbc50513          	addi	a0,a0,-836 # 5cbc <_read+0x182>
    10de:	4485                	li	s1,1
    10e0:	4a91                	li	s5,4
    10e2:	9952                	add	s2,s2,s4
    10e4:	00694603          	lbu	a2,6(s2)
    10e8:	4a01                	li	s4,0
    10ea:	06d030ef          	jal	ra,4956 <iprintf>
    10ee:	00694783          	lbu	a5,6(s2)
    10f2:	f097ede3          	bltu	a5,s1,100c <USBH_EnumHubDevice+0x198>
    10f6:	00494583          	lbu	a1,4(s2)
    10fa:	46a1                	li	a3,8
    10fc:	0ff4f613          	andi	a2,s1,255
    1100:	8522                	mv	a0,s0
    1102:	518010ef          	jal	ra,261a <HUB_SetPortFeature>
    1106:	cd01                	beqz	a0,111e <USBH_EnumHubDevice+0x2aa>
    1108:	14fd                	addi	s1,s1,-1
    110a:	0a05                	addi	s4,s4,1
    110c:	4515                	li	a0,5
    110e:	04c2                	slli	s1,s1,0x10
    1110:	0ffa7a13          	andi	s4,s4,255
    1114:	684030ef          	jal	ra,4798 <Delay_Ms>
    1118:	80c1                	srli	s1,s1,0x10
    111a:	034ae263          	bltu	s5,s4,113e <USBH_EnumHubDevice+0x2ca>
    111e:	0485                	addi	s1,s1,1
    1120:	04c2                	slli	s1,s1,0x10
    1122:	80c1                	srli	s1,s1,0x10
    1124:	b7e9                	j	10ee <USBH_EnumHubDevice+0x27a>
    1126:	a3f8                	sb	a4,6(a5)
    1128:	b75d                	j	10ce <USBH_EnumHubDevice+0x25a>
    112a:	1b7d                	addi	s6,s6,-1
    112c:	85ce                	mv	a1,s3
    112e:	d48b8513          	addi	a0,s7,-696
    1132:	0ffb7b13          	andi	s6,s6,255
    1136:	021030ef          	jal	ra,4956 <iprintf>
    113a:	ea0b12e3          	bnez	s6,fde <USBH_EnumHubDevice+0x16a>
    113e:	0fe00993          	li	s3,254
    1142:	b5e9                	j	100c <USBH_EnumHubDevice+0x198>

00001144 <HUB_Port_PreEnum1>:
    1144:	892ff2ef          	jal	t0,1d6 <__riscv_save_4>
    1148:	221c                	lbu	a5,0(a2)
    114a:	1141                	addi	sp,sp,-16
    114c:	40b7d7b3          	sra	a5,a5,a1
    1150:	8b85                	andi	a5,a5,1
    1152:	e799                	bnez	a5,1160 <HUB_Port_PreEnum1+0x1c>
    1154:	0fe00413          	li	s0,254
    1158:	8522                	mv	a0,s0
    115a:	0141                	addi	sp,sp,16
    115c:	8aeff06f          	j	20a <__riscv_restore_4>
    1160:	44fd                	li	s1,31
    1162:	029507b3          	mul	a5,a0,s1
    1166:	e0818493          	addi	s1,gp,-504 # 20000688 <RootHubDev>
    116a:	862e                	mv	a2,a1
    116c:	892e                	mv	s2,a1
    116e:	0074                	addi	a3,sp,12
    1170:	89aa                	mv	s3,a0
    1172:	94be                	add	s1,s1,a5
    1174:	20cc                	lbu	a1,4(s1)
    1176:	43e010ef          	jal	ra,25b4 <HUB_GetPortStatus>
    117a:	842a                	mv	s0,a0
    117c:	c909                	beqz	a0,118e <HUB_Port_PreEnum1+0x4a>
    117e:	85aa                	mv	a1,a0
    1180:	00006537          	lui	a0,0x6
    1184:	b7850513          	addi	a0,a0,-1160 # 5b78 <_read+0x3e>
    1188:	7ce030ef          	jal	ra,4956 <iprintf>
    118c:	b7f1                	j	1158 <HUB_Port_PreEnum1+0x14>
    118e:	871c                	lbu	a5,14(sp)
    1190:	8b85                	andi	a5,a5,1
    1192:	d3e9                	beqz	a5,1154 <HUB_Port_PreEnum1+0x10>
    1194:	20cc                	lbu	a1,4(s1)
    1196:	46c1                	li	a3,16
    1198:	864a                	mv	a2,s2
    119a:	854e                	mv	a0,s3
    119c:	44e010ef          	jal	ra,25ea <HUB_ClearPortFeature>
    11a0:	842a                	mv	s0,a0
    11a2:	e11d                	bnez	a0,11c8 <HUB_Port_PreEnum1+0x84>
    11a4:	4aa9                	li	s5,10
    11a6:	20cc                	lbu	a1,4(s1)
    11a8:	0074                	addi	a3,sp,12
    11aa:	864a                	mv	a2,s2
    11ac:	854e                	mv	a0,s3
    11ae:	406010ef          	jal	ra,25b4 <HUB_GetPortStatus>
    11b2:	8a2a                	mv	s4,a0
    11b4:	c105                	beqz	a0,11d4 <HUB_Port_PreEnum1+0x90>
    11b6:	85aa                	mv	a1,a0
    11b8:	00006537          	lui	a0,0x6
    11bc:	ba050513          	addi	a0,a0,-1120 # 5ba0 <_read+0x66>
    11c0:	796030ef          	jal	ra,4956 <iprintf>
    11c4:	8452                	mv	s0,s4
    11c6:	bf49                	j	1158 <HUB_Port_PreEnum1+0x14>
    11c8:	85aa                	mv	a1,a0
    11ca:	00006537          	lui	a0,0x6
    11ce:	b8c50513          	addi	a0,a0,-1140 # 5b8c <_read+0x52>
    11d2:	bf5d                	j	1188 <HUB_Port_PreEnum1+0x44>
    11d4:	871c                	lbu	a5,14(sp)
    11d6:	0405                	addi	s0,s0,1
    11d8:	0ff47413          	andi	s0,s0,255
    11dc:	8b85                	andi	a5,a5,1
    11de:	c781                	beqz	a5,11e6 <HUB_Port_PreEnum1+0xa2>
    11e0:	fd5413e3          	bne	s0,s5,11a6 <HUB_Port_PreEnum1+0x62>
    11e4:	bf85                	j	1154 <HUB_Port_PreEnum1+0x10>
    11e6:	47a9                	li	a5,10
    11e8:	f6f406e3          	beq	s0,a5,1154 <HUB_Port_PreEnum1+0x10>
    11ec:	861c                	lbu	a5,12(sp)
    11ee:	8b85                	andi	a5,a5,1
    11f0:	f3b5                	bnez	a5,1154 <HUB_Port_PreEnum1+0x10>
    11f2:	00006537          	lui	a0,0x6
    11f6:	85ca                	mv	a1,s2
    11f8:	bb450513          	addi	a0,a0,-1100 # 5bb4 <_read+0x7a>
    11fc:	75a030ef          	jal	ra,4956 <iprintf>
    1200:	4459                	li	s0,22
    1202:	bf99                	j	1158 <HUB_Port_PreEnum1+0x14>

00001204 <HUB_Port_PreEnum2>:
    1204:	fd3fe2ef          	jal	t0,1d6 <__riscv_save_4>
    1208:	221c                	lbu	a5,0(a2)
    120a:	1141                	addi	sp,sp,-16
    120c:	40b7d7b3          	sra	a5,a5,a1
    1210:	8b85                	andi	a5,a5,1
    1212:	e799                	bnez	a5,1220 <HUB_Port_PreEnum2+0x1c>
    1214:	0fe00413          	li	s0,254
    1218:	8522                	mv	a0,s0
    121a:	0141                	addi	sp,sp,16
    121c:	feffe06f          	j	20a <__riscv_restore_4>
    1220:	47fd                	li	a5,31
    1222:	02f507b3          	mul	a5,a0,a5
    1226:	e0818493          	addi	s1,gp,-504 # 20000688 <RootHubDev>
    122a:	862e                	mv	a2,a1
    122c:	89ae                	mv	s3,a1
    122e:	4691                	li	a3,4
    1230:	8a2a                	mv	s4,a0
    1232:	e0818a93          	addi	s5,gp,-504 # 20000688 <RootHubDev>
    1236:	94be                	add	s1,s1,a5
    1238:	20cc                	lbu	a1,4(s1)
    123a:	3e0010ef          	jal	ra,261a <HUB_SetPortFeature>
    123e:	842a                	mv	s0,a0
    1240:	e515                	bnez	a0,126c <HUB_Port_PreEnum2+0x68>
    1242:	8926                	mv	s2,s1
    1244:	06500b13          	li	s6,101
    1248:	00494583          	lbu	a1,4(s2)
    124c:	0074                	addi	a3,sp,12
    124e:	864e                	mv	a2,s3
    1250:	8552                	mv	a0,s4
    1252:	362010ef          	jal	ra,25b4 <HUB_GetPortStatus>
    1256:	84aa                	mv	s1,a0
    1258:	c115                	beqz	a0,127c <HUB_Port_PreEnum2+0x78>
    125a:	85aa                	mv	a1,a0
    125c:	00006537          	lui	a0,0x6
    1260:	bdc50513          	addi	a0,a0,-1060 # 5bdc <_read+0xa2>
    1264:	6f2030ef          	jal	ra,4956 <iprintf>
    1268:	8426                	mv	s0,s1
    126a:	b77d                	j	1218 <HUB_Port_PreEnum2+0x14>
    126c:	85aa                	mv	a1,a0
    126e:	00006537          	lui	a0,0x6
    1272:	bc850513          	addi	a0,a0,-1080 # 5bc8 <_read+0x8e>
    1276:	6e0030ef          	jal	ra,4956 <iprintf>
    127a:	bf79                	j	1218 <HUB_Port_PreEnum2+0x14>
    127c:	4505                	li	a0,1
    127e:	51a030ef          	jal	ra,4798 <Delay_Ms>
    1282:	871c                	lbu	a5,14(sp)
    1284:	0405                	addi	s0,s0,1
    1286:	0ff47413          	andi	s0,s0,255
    128a:	8bc1                	andi	a5,a5,16
    128c:	ef9d                	bnez	a5,12ca <HUB_Port_PreEnum2+0xc6>
    128e:	fb641de3          	bne	s0,s6,1248 <HUB_Port_PreEnum2+0x44>
    1292:	47fd                	li	a5,31
    1294:	02fa07b3          	mul	a5,s4,a5
    1298:	46d1                	li	a3,20
    129a:	864e                	mv	a2,s3
    129c:	8552                	mv	a0,s4
    129e:	00fa8933          	add	s2,s5,a5
    12a2:	00494583          	lbu	a1,4(s2)
    12a6:	4aad                	li	s5,11
    12a8:	342010ef          	jal	ra,25ea <HUB_ClearPortFeature>
    12ac:	00494583          	lbu	a1,4(s2)
    12b0:	0074                	addi	a3,sp,12
    12b2:	864e                	mv	a2,s3
    12b4:	8552                	mv	a0,s4
    12b6:	2fe010ef          	jal	ra,25b4 <HUB_GetPortStatus>
    12ba:	842a                	mv	s0,a0
    12bc:	cd01                	beqz	a0,12d4 <HUB_Port_PreEnum2+0xd0>
    12be:	85aa                	mv	a1,a0
    12c0:	00006537          	lui	a0,0x6
    12c4:	bf050513          	addi	a0,a0,-1040 # 5bf0 <_read+0xb6>
    12c8:	b77d                	j	1276 <HUB_Port_PreEnum2+0x72>
    12ca:	06400793          	li	a5,100
    12ce:	fcf412e3          	bne	s0,a5,1292 <HUB_Port_PreEnum2+0x8e>
    12d2:	b789                	j	1214 <HUB_Port_PreEnum2+0x10>
    12d4:	871c                	lbu	a5,14(sp)
    12d6:	0485                	addi	s1,s1,1
    12d8:	0ff4f493          	andi	s1,s1,255
    12dc:	8bc1                	andi	a5,a5,16
    12de:	cf99                	beqz	a5,12fc <HUB_Port_PreEnum2+0xf8>
    12e0:	fd5496e3          	bne	s1,s5,12ac <HUB_Port_PreEnum2+0xa8>
    12e4:	861c                	lbu	a5,12(sp)
    12e6:	8b85                	andi	a5,a5,1
    12e8:	d795                	beqz	a5,1214 <HUB_Port_PreEnum2+0x10>
    12ea:	00006537          	lui	a0,0x6
    12ee:	85ce                	mv	a1,s3
    12f0:	c0450513          	addi	a0,a0,-1020 # 5c04 <_read+0xca>
    12f4:	662030ef          	jal	ra,4956 <iprintf>
    12f8:	4455                	li	s0,21
    12fa:	bf39                	j	1218 <HUB_Port_PreEnum2+0x14>
    12fc:	47a9                	li	a5,10
    12fe:	f0f48be3          	beq	s1,a5,1214 <HUB_Port_PreEnum2+0x10>
    1302:	b7cd                	j	12e4 <HUB_Port_PreEnum2+0xe0>

00001304 <HUB_CheckPortSpeed>:
    1304:	eedfe2ef          	jal	t0,1f0 <__riscv_save_0>
    1308:	47fd                	li	a5,31
    130a:	02f50733          	mul	a4,a0,a5
    130e:	e0818793          	addi	a5,gp,-504 # 20000688 <RootHubDev>
    1312:	8432                	mv	s0,a2
    1314:	86b2                	mv	a3,a2
    1316:	862e                	mv	a2,a1
    1318:	97ba                	add	a5,a5,a4
    131a:	23cc                	lbu	a1,4(a5)
    131c:	298010ef          	jal	ra,25b4 <HUB_GetPortStatus>
    1320:	e911                	bnez	a0,1334 <HUB_CheckPortSpeed+0x30>
    1322:	301c                	lbu	a5,1(s0)
    1324:	0027f713          	andi	a4,a5,2
    1328:	e711                	bnez	a4,1334 <HUB_CheckPortSpeed+0x30>
    132a:	0047f513          	andi	a0,a5,4
    132e:	00a03533          	snez	a0,a0
    1332:	0505                	addi	a0,a0,1
    1334:	ee1fe06f          	j	214 <__riscv_restore_0>

00001338 <USBH_EnumHubPortDevice>:
    1338:	e89fe2ef          	jal	t0,1c0 <__riscv_save_12>
    133c:	892a                	mv	s2,a0
    133e:	00006537          	lui	a0,0x6
    1342:	1141                	addi	sp,sp,-16
    1344:	ce050513          	addi	a0,a0,-800 # 5ce0 <_read+0x1a6>
    1348:	89ae                	mv	s3,a1
    134a:	8c32                	mv	s8,a2
    134c:	8ab6                	mv	s5,a3
    134e:	71c030ef          	jal	ra,4a6a <puts>
    1352:	4799                	li	a5,6
    1354:	02f987b3          	mul	a5,s3,a5
    1358:	477d                	li	a4,31
    135a:	e0818a13          	addi	s4,gp,-504 # 20000688 <RootHubDev>
    135e:	4429                	li	s0,10
    1360:	e0818493          	addi	s1,gp,-504 # 20000688 <RootHubDev>
    1364:	8b5e                	mv	s6,s7
    1366:	00006cb7          	lui	s9,0x6
    136a:	02e90733          	mul	a4,s2,a4
    136e:	07ad                	addi	a5,a5,11
    1370:	97ba                	add	a5,a5,a4
    1372:	9a3e                	add	s4,s4,a5
    1374:	ce818593          	addi	a1,gp,-792 # 20000568 <DevDesc_Buf>
    1378:	8552                	mv	a0,s4
    137a:	79b000ef          	jal	ra,2314 <USBFSH_GetDeviceDescr>
    137e:	85aa                	mv	a1,a0
    1380:	e955                	bnez	a0,1434 <USBH_EnumHubPortDevice+0xfc>
    1382:	00006a37          	lui	s4,0x6
    1386:	4401                	li	s0,0
    1388:	ce818d13          	addi	s10,gp,-792 # 20000568 <DevDesc_Buf>
    138c:	4cc9                	li	s9,18
    138e:	8bd2                	mv	s7,s4
    1390:	008d07b3          	add	a5,s10,s0
    1394:	238c                	lbu	a1,0(a5)
    1396:	d30a0513          	addi	a0,s4,-720 # 5d30 <_read+0x1f6>
    139a:	0405                	addi	s0,s0,1
    139c:	5ba030ef          	jal	ra,4956 <iprintf>
    13a0:	ff9418e3          	bne	s0,s9,1390 <USBH_EnumHubPortDevice+0x58>
    13a4:	00006a37          	lui	s4,0x6
    13a8:	d14a0513          	addi	a0,s4,-748 # 5d14 <_read+0x1da>
    13ac:	6be030ef          	jal	ra,4a6a <puts>
    13b0:	00006537          	lui	a0,0x6
    13b4:	cf450513          	addi	a0,a0,-780 # 5cf4 <_read+0x1ba>
    13b8:	6b2030ef          	jal	ra,4a6a <puts>
    13bc:	4419                	li	s0,6
    13be:	47fd                	li	a5,31
    13c0:	02898433          	mul	s0,s3,s0
    13c4:	4ca9                	li	s9,10
    13c6:	00006d37          	lui	s10,0x6
    13ca:	02f907b3          	mul	a5,s2,a5
    13ce:	943e                	add	s0,s0,a5
    13d0:	9426                	add	s0,s0,s1
    13d2:	244c                	lbu	a1,12(s0)
    13d4:	3428                	lbu	a0,11(s0)
    13d6:	0589                	addi	a1,a1,2
    13d8:	0ff5f593          	andi	a1,a1,255
    13dc:	03a010ef          	jal	ra,2416 <USBFSH_SetUsbAddress>
    13e0:	85aa                	mv	a1,a0
    13e2:	e535                	bnez	a0,144e <USBH_EnumHubPortDevice+0x116>
    13e4:	245c                	lbu	a5,12(s0)
    13e6:	4515                	li	a0,5
    13e8:	4419                	li	s0,6
    13ea:	0789                	addi	a5,a5,2
    13ec:	00fc0023          	sb	a5,0(s8)
    13f0:	3a8030ef          	jal	ra,4798 <Delay_Ms>
    13f4:	00006537          	lui	a0,0x6
    13f8:	d0450513          	addi	a0,a0,-764 # 5d04 <_read+0x1ca>
    13fc:	66e030ef          	jal	ra,4a6a <puts>
    1400:	47fd                	li	a5,31
    1402:	02898433          	mul	s0,s3,s0
    1406:	4c29                	li	s8,10
    1408:	8cea                	mv	s9,s10
    140a:	00006db7          	lui	s11,0x6
    140e:	02f907b3          	mul	a5,s2,a5
    1412:	943e                	add	s0,s0,a5
    1414:	9426                	add	s0,s0,s1
    1416:	3428                	lbu	a0,11(s0)
    1418:	8e818593          	addi	a1,gp,-1816 # 20000168 <Com_Buf>
    141c:	00e10693          	addi	a3,sp,14
    1420:	40000613          	li	a2,1024
    1424:	72f000ef          	jal	ra,2352 <USBFSH_GetConfigDescr>
    1428:	85aa                	mv	a1,a0
    142a:	e171                	bnez	a0,14ee <USBH_EnumHubPortDevice+0x1b6>
    142c:	4401                	li	s0,0
    142e:	8e818c13          	addi	s8,gp,-1816 # 20000168 <Com_Buf>
    1432:	a0a1                	j	147a <USBH_EnumHubPortDevice+0x142>
    1434:	147d                	addi	s0,s0,-1
    1436:	d48c8513          	addi	a0,s9,-696 # 5d48 <_read+0x20e>
    143a:	0ff47413          	andi	s0,s0,255
    143e:	518030ef          	jal	ra,4956 <iprintf>
    1442:	f80d                	bnez	s0,1374 <USBH_EnumHubPortDevice+0x3c>
    1444:	04500513          	li	a0,69
    1448:	0141                	addi	sp,sp,16
    144a:	db3fe06f          	j	1fc <__riscv_restore_12>
    144e:	1cfd                	addi	s9,s9,-1
    1450:	d48d0513          	addi	a0,s10,-696 # 5d48 <_read+0x20e>
    1454:	0ffcfc93          	andi	s9,s9,255
    1458:	4fe030ef          	jal	ra,4956 <iprintf>
    145c:	f60c9be3          	bnez	s9,13d2 <USBH_EnumHubPortDevice+0x9a>
    1460:	04600513          	li	a0,70
    1464:	b7d5                	j	1448 <USBH_EnumHubPortDevice+0x110>
    1466:	008c07b3          	add	a5,s8,s0
    146a:	238c                	lbu	a1,0(a5)
    146c:	0405                	addi	s0,s0,1
    146e:	d30b8513          	addi	a0,s7,-720
    1472:	0442                	slli	s0,s0,0x10
    1474:	4e2030ef          	jal	ra,4956 <iprintf>
    1478:	8041                	srli	s0,s0,0x10
    147a:	873c                	lhu	a5,14(sp)
    147c:	fef465e3          	bltu	s0,a5,1466 <USBH_EnumHubPortDevice+0x12e>
    1480:	d14a0513          	addi	a0,s4,-748
    1484:	5e6030ef          	jal	ra,4a6a <puts>
    1488:	8656                	mv	a2,s5
    148a:	8e818593          	addi	a1,gp,-1816 # 20000168 <Com_Buf>
    148e:	ce818513          	addi	a0,gp,-792 # 20000568 <DevDesc_Buf>
    1492:	005c4a03          	lbu	s4,5(s8)
    1496:	a1aff0ef          	jal	ra,6b0 <USBH_AnalyseType>
    149a:	000ac583          	lbu	a1,0(s5)
    149e:	00006537          	lui	a0,0x6
    14a2:	d6850513          	addi	a0,a0,-664 # 5d68 <_read+0x22e>
    14a6:	4b0030ef          	jal	ra,4956 <iprintf>
    14aa:	00006537          	lui	a0,0x6
    14ae:	d1850513          	addi	a0,a0,-744 # 5d18 <_read+0x1de>
    14b2:	5b8030ef          	jal	ra,4a6a <puts>
    14b6:	4799                	li	a5,6
    14b8:	02f989b3          	mul	s3,s3,a5
    14bc:	47fd                	li	a5,31
    14be:	4429                	li	s0,10
    14c0:	02f90933          	mul	s2,s2,a5
    14c4:	99ca                	add	s3,s3,s2
    14c6:	94ce                	add	s1,s1,s3
    14c8:	00006937          	lui	s2,0x6
    14cc:	34a8                	lbu	a0,11(s1)
    14ce:	85d2                	mv	a1,s4
    14d0:	77d000ef          	jal	ra,244c <USBFSH_SetUsbConfig>
    14d4:	d935                	beqz	a0,1448 <USBH_EnumHubPortDevice+0x110>
    14d6:	147d                	addi	s0,s0,-1
    14d8:	85aa                	mv	a1,a0
    14da:	0ff47413          	andi	s0,s0,255
    14de:	d4890513          	addi	a0,s2,-696 # 5d48 <_read+0x20e>
    14e2:	474030ef          	jal	ra,4956 <iprintf>
    14e6:	f07d                	bnez	s0,14cc <USBH_EnumHubPortDevice+0x194>
    14e8:	04900513          	li	a0,73
    14ec:	bfb1                	j	1448 <USBH_EnumHubPortDevice+0x110>
    14ee:	1c7d                	addi	s8,s8,-1
    14f0:	d48d8513          	addi	a0,s11,-696 # 5d48 <_read+0x20e>
    14f4:	0ffc7c13          	andi	s8,s8,255
    14f8:	45e030ef          	jal	ra,4956 <iprintf>
    14fc:	f00c1de3          	bnez	s8,1416 <USBH_EnumHubPortDevice+0xde>
    1500:	b791                	j	1444 <USBH_EnumHubPortDevice+0x10c>

00001502 <KB_AnalyzeKeyValue>:
    1502:	cbffe2ef          	jal	t0,1c0 <__riscv_save_12>
    1506:	04200d13          	li	s10,66
    150a:	03a58d33          	mul	s10,a1,s10
    150e:	10a00593          	li	a1,266
    1512:	8932                	mv	s2,a2
    1514:	8c36                	mv	s8,a3
    1516:	4985                	li	s3,1
    1518:	4b09                	li	s6,2
    151a:	4b8d                	li	s7,3
    151c:	02b50533          	mul	a0,a0,a1
    1520:	956a                	add	a0,a0,s10
    1522:	cfc18d13          	addi	s10,gp,-772 # 2000057c <HostCtl>
    1526:	9d2a                	add	s10,s10,a0
    1528:	03ed4a03          	lbu	s4,62(s10)
    152c:	041d4483          	lbu	s1,65(s10)
    1530:	03fd4a83          	lbu	s5,63(s10)
    1534:	8dd2                	mv	s11,s4
    1536:	414d8433          	sub	s0,s11,s4
    153a:	0ff47413          	andi	s0,s0,255
    153e:	041d4c83          	lbu	s9,65(s10)
    1542:	01bafa63          	bgeu	s5,s11,1556 <KB_AnalyzeKeyValue+0x54>
    1546:	41948433          	sub	s0,s1,s9
    154a:	00803433          	snez	s0,s0
    154e:	048d0123          	sb	s0,66(s10)
    1552:	cabfe06f          	j	1fc <__riscv_restore_12>
    1556:	013d9f63          	bne	s11,s3,1574 <KB_AnalyzeKeyValue+0x72>
    155a:	8662                	mv	a2,s8
    155c:	05300593          	li	a1,83
    1560:	854a                	mv	a0,s2
    1562:	32a030ef          	jal	ra,488c <memchr>
    1566:	008d9433          	sll	s0,s11,s0
    156a:	e105                	bnez	a0,158a <KB_AnalyzeKeyValue+0x88>
    156c:	0d85                	addi	s11,s11,1
    156e:	0ffdfd93          	andi	s11,s11,255
    1572:	b7d1                	j	1536 <KB_AnalyzeKeyValue+0x34>
    1574:	036d9063          	bne	s11,s6,1594 <KB_AnalyzeKeyValue+0x92>
    1578:	8662                	mv	a2,s8
    157a:	03900593          	li	a1,57
    157e:	854a                	mv	a0,s2
    1580:	30c030ef          	jal	ra,488c <memchr>
    1584:	d565                	beqz	a0,156c <KB_AnalyzeKeyValue+0x6a>
    1586:	00899433          	sll	s0,s3,s0
    158a:	01944433          	xor	s0,s0,s9
    158e:	048d00a3          	sb	s0,65(s10)
    1592:	bfe9                	j	156c <KB_AnalyzeKeyValue+0x6a>
    1594:	fd7d9ce3          	bne	s11,s7,156c <KB_AnalyzeKeyValue+0x6a>
    1598:	8662                	mv	a2,s8
    159a:	04700593          	li	a1,71
    159e:	b7c5                	j	157e <KB_AnalyzeKeyValue+0x7c>

000015a0 <KB_SetReport>:
    15a0:	c51fe2ef          	jal	t0,1f0 <__riscv_save_0>
    15a4:	88b2                	mv	a7,a2
    15a6:	10a00813          	li	a6,266
    15aa:	8636                	mv	a2,a3
    15ac:	04200693          	li	a3,66
    15b0:	03058833          	mul	a6,a1,a6
    15b4:	cfc18713          	addi	a4,gp,-772 # 2000057c <HostCtl>
    15b8:	1141                	addi	sp,sp,-16
    15ba:	cfc18793          	addi	a5,gp,-772 # 2000057c <HostCtl>
    15be:	02d606b3          	mul	a3,a2,a3
    15c2:	96c2                	add	a3,a3,a6
    15c4:	9736                	add	a4,a4,a3
    15c6:	03c74803          	lbu	a6,60(a4)
    15ca:	04174683          	lbu	a3,65(a4)
    15ce:	04080263          	beqz	a6,1612 <KB_SetReport+0x72>
    15d2:	03d74703          	lbu	a4,61(a4)
    15d6:	86d4                	sb	a3,13(sp)
    15d8:	8658                	sb	a4,12(sp)
    15da:	4709                	li	a4,2
    15dc:	8778                	sh	a4,14(sp)
    15de:	10a00693          	li	a3,266
    15e2:	04200713          	li	a4,66
    15e6:	02e60733          	mul	a4,a2,a4
    15ea:	02d586b3          	mul	a3,a1,a3
    15ee:	9736                	add	a4,a4,a3
    15f0:	97ba                	add	a5,a5,a4
    15f2:	0407c703          	lbu	a4,64(a5)
    15f6:	4785                	li	a5,1
    15f8:	02f71063          	bne	a4,a5,1618 <KB_SetReport+0x78>
    15fc:	00e10713          	addi	a4,sp,14
    1600:	0074                	addi	a3,sp,12
    1602:	85c6                	mv	a1,a7
    1604:	745000ef          	jal	ra,2548 <HID_SetReport>
    1608:	87aa                	mv	a5,a0
    160a:	853e                	mv	a0,a5
    160c:	0141                	addi	sp,sp,16
    160e:	c07fe06f          	j	214 <__riscv_restore_0>
    1612:	8654                	sb	a3,12(sp)
    1614:	4705                	li	a4,1
    1616:	b7d9                	j	15dc <KB_SetReport+0x3c>
    1618:	0ff00693          	li	a3,255
    161c:	4781                	li	a5,0
    161e:	fed716e3          	bne	a4,a3,160a <KB_SetReport+0x6a>
    1622:	873c                	lhu	a5,14(sp)
    1624:	0078                	addi	a4,sp,12
    1626:	4681                	li	a3,0
    1628:	8fcff0ef          	jal	ra,724 <USBH_SendHidData>
    162c:	bff1                	j	1608 <KB_SetReport+0x68>

0000162e <USBH_EnumHidDevice>:
    162e:	b9bfe2ef          	jal	t0,1c8 <__riscv_save_10>
    1632:	89aa                	mv	s3,a0
    1634:	00006537          	lui	a0,0x6
    1638:	c3050513          	addi	a0,a0,-976 # 5c30 <_read+0xf6>
    163c:	8aae                	mv	s5,a1
    163e:	8a32                	mv	s4,a2
    1640:	42a030ef          	jal	ra,4a6a <puts>
    1644:	00006537          	lui	a0,0x6
    1648:	c4850513          	addi	a0,a0,-952 # 5c48 <_read+0x10e>
    164c:	30a030ef          	jal	ra,4956 <iprintf>
    1650:	85d6                	mv	a1,s5
    1652:	854e                	mv	a0,s3
    1654:	aeeff0ef          	jal	ra,942 <KM_AnalyzeConfigDesc>
    1658:	8b2a                	mv	s6,a0
    165a:	1e051163          	bnez	a0,183c <USBH_EnumHidDevice+0x20e>
    165e:	00006537          	lui	a0,0x6
    1662:	d5450513          	addi	a0,a0,-684 # 5d54 <_read+0x21a>
    1666:	404030ef          	jal	ra,4a6a <puts>
    166a:	8e818793          	addi	a5,gp,-1816 # 20000168 <Com_Buf>
    166e:	23fc                	lbu	a5,6(a5)
    1670:	8e818413          	addi	s0,gp,-1816 # 20000168 <Com_Buf>
    1674:	cb95                	beqz	a5,16a8 <USBH_EnumHidDevice+0x7a>
    1676:	00006537          	lui	a0,0x6
    167a:	c5c50513          	addi	a0,a0,-932 # 5c5c <_read+0x122>
    167e:	2d8030ef          	jal	ra,4956 <iprintf>
    1682:	2070                	lbu	a2,6(s0)
    1684:	85d2                	mv	a1,s4
    1686:	854e                	mv	a0,s3
    1688:	880ff0ef          	jal	ra,708 <USBH_GetStrDescr>
    168c:	84aa                	mv	s1,a0
    168e:	10051463          	bnez	a0,1796 <USBH_EnumHidDevice+0x168>
    1692:	00006937          	lui	s2,0x6
    1696:	201c                	lbu	a5,0(s0)
    1698:	0ef4e463          	bltu	s1,a5,1780 <USBH_EnumHidDevice+0x152>
    169c:	00006537          	lui	a0,0x6
    16a0:	d1450513          	addi	a0,a0,-748 # 5d14 <_read+0x1da>
    16a4:	3c6030ef          	jal	ra,4a6a <puts>
    16a8:	8652                	mv	a2,s4
    16aa:	85d6                	mv	a1,s5
    16ac:	854e                	mv	a0,s3
    16ae:	e3cff0ef          	jal	ra,cea <KM_DealHidReportDesc>
    16b2:	ce818793          	addi	a5,gp,-792 # 20000568 <DevDesc_Buf>
    16b6:	27fc                	lbu	a5,14(a5)
    16b8:	ce818493          	addi	s1,gp,-792 # 20000568 <DevDesc_Buf>
    16bc:	cb95                	beqz	a5,16f0 <USBH_EnumHidDevice+0xc2>
    16be:	00006537          	lui	a0,0x6
    16c2:	c7050513          	addi	a0,a0,-912 # 5c70 <_read+0x136>
    16c6:	290030ef          	jal	ra,4956 <iprintf>
    16ca:	24f0                	lbu	a2,14(s1)
    16cc:	85d2                	mv	a1,s4
    16ce:	854e                	mv	a0,s3
    16d0:	838ff0ef          	jal	ra,708 <USBH_GetStrDescr>
    16d4:	892a                	mv	s2,a0
    16d6:	0e051363          	bnez	a0,17bc <USBH_EnumHidDevice+0x18e>
    16da:	00006bb7          	lui	s7,0x6
    16de:	201c                	lbu	a5,0(s0)
    16e0:	0cf96363          	bltu	s2,a5,17a6 <USBH_EnumHidDevice+0x178>
    16e4:	00006537          	lui	a0,0x6
    16e8:	d1450513          	addi	a0,a0,-748 # 5d14 <_read+0x1da>
    16ec:	37e030ef          	jal	ra,4a6a <puts>
    16f0:	34fc                	lbu	a5,15(s1)
    16f2:	cb95                	beqz	a5,1726 <USBH_EnumHidDevice+0xf8>
    16f4:	00006537          	lui	a0,0x6
    16f8:	c8450513          	addi	a0,a0,-892 # 5c84 <_read+0x14a>
    16fc:	25a030ef          	jal	ra,4956 <iprintf>
    1700:	34f0                	lbu	a2,15(s1)
    1702:	85d2                	mv	a1,s4
    1704:	854e                	mv	a0,s3
    1706:	802ff0ef          	jal	ra,708 <USBH_GetStrDescr>
    170a:	892a                	mv	s2,a0
    170c:	0c051b63          	bnez	a0,17e2 <USBH_EnumHidDevice+0x1b4>
    1710:	00006bb7          	lui	s7,0x6
    1714:	201c                	lbu	a5,0(s0)
    1716:	0af96b63          	bltu	s2,a5,17cc <USBH_EnumHidDevice+0x19e>
    171a:	00006537          	lui	a0,0x6
    171e:	d1450513          	addi	a0,a0,-748 # 5d14 <_read+0x1da>
    1722:	348030ef          	jal	ra,4a6a <puts>
    1726:	289c                	lbu	a5,16(s1)
    1728:	cb8d                	beqz	a5,175a <USBH_EnumHidDevice+0x12c>
    172a:	00006537          	lui	a0,0x6
    172e:	c9850513          	addi	a0,a0,-872 # 5c98 <_read+0x15e>
    1732:	224030ef          	jal	ra,4956 <iprintf>
    1736:	2890                	lbu	a2,16(s1)
    1738:	85d2                	mv	a1,s4
    173a:	854e                	mv	a0,s3
    173c:	fcdfe0ef          	jal	ra,708 <USBH_GetStrDescr>
    1740:	84aa                	mv	s1,a0
    1742:	e179                	bnez	a0,1808 <USBH_EnumHidDevice+0x1da>
    1744:	00006937          	lui	s2,0x6
    1748:	201c                	lbu	a5,0(s0)
    174a:	0af4e463          	bltu	s1,a5,17f2 <USBH_EnumHidDevice+0x1c4>
    174e:	00006537          	lui	a0,0x6
    1752:	d1450513          	addi	a0,a0,-748 # 5d14 <_read+0x1da>
    1756:	314030ef          	jal	ra,4a6a <puts>
    175a:	10a00913          	li	s2,266
    175e:	032a8933          	mul	s2,s5,s2
    1762:	cfc18493          	addi	s1,gp,-772 # 2000057c <HostCtl>
    1766:	4401                	li	s0,0
    1768:	04200c13          	li	s8,66
    176c:	4c85                	li	s9,1
    176e:	01248bb3          	add	s7,s1,s2
    1772:	000bc783          	lbu	a5,0(s7) # 6000 <_read+0x4c6>
    1776:	0af46163          	bltu	s0,a5,1818 <USBH_EnumHidDevice+0x1ea>
    177a:	855a                	mv	a0,s6
    177c:	a85fe06f          	j	200 <__riscv_restore_10>
    1780:	009407b3          	add	a5,s0,s1
    1784:	238c                	lbu	a1,0(a5)
    1786:	d3090513          	addi	a0,s2,-720 # 5d30 <_read+0x1f6>
    178a:	0485                	addi	s1,s1,1
    178c:	1ca030ef          	jal	ra,4956 <iprintf>
    1790:	0ff4f493          	andi	s1,s1,255
    1794:	b709                	j	1696 <USBH_EnumHidDevice+0x68>
    1796:	85aa                	mv	a1,a0
    1798:	00006537          	lui	a0,0x6
    179c:	d4850513          	addi	a0,a0,-696 # 5d48 <_read+0x20e>
    17a0:	1b6030ef          	jal	ra,4956 <iprintf>
    17a4:	b711                	j	16a8 <USBH_EnumHidDevice+0x7a>
    17a6:	012407b3          	add	a5,s0,s2
    17aa:	238c                	lbu	a1,0(a5)
    17ac:	d30b8513          	addi	a0,s7,-720
    17b0:	0905                	addi	s2,s2,1
    17b2:	1a4030ef          	jal	ra,4956 <iprintf>
    17b6:	0ff97913          	andi	s2,s2,255
    17ba:	b715                	j	16de <USBH_EnumHidDevice+0xb0>
    17bc:	85aa                	mv	a1,a0
    17be:	00006537          	lui	a0,0x6
    17c2:	d4850513          	addi	a0,a0,-696 # 5d48 <_read+0x20e>
    17c6:	190030ef          	jal	ra,4956 <iprintf>
    17ca:	b71d                	j	16f0 <USBH_EnumHidDevice+0xc2>
    17cc:	012407b3          	add	a5,s0,s2
    17d0:	238c                	lbu	a1,0(a5)
    17d2:	d30b8513          	addi	a0,s7,-720
    17d6:	0905                	addi	s2,s2,1
    17d8:	17e030ef          	jal	ra,4956 <iprintf>
    17dc:	0ff97913          	andi	s2,s2,255
    17e0:	bf15                	j	1714 <USBH_EnumHidDevice+0xe6>
    17e2:	85aa                	mv	a1,a0
    17e4:	00006537          	lui	a0,0x6
    17e8:	d4850513          	addi	a0,a0,-696 # 5d48 <_read+0x20e>
    17ec:	16a030ef          	jal	ra,4956 <iprintf>
    17f0:	bf1d                	j	1726 <USBH_EnumHidDevice+0xf8>
    17f2:	009407b3          	add	a5,s0,s1
    17f6:	238c                	lbu	a1,0(a5)
    17f8:	d3090513          	addi	a0,s2,-720
    17fc:	0485                	addi	s1,s1,1
    17fe:	158030ef          	jal	ra,4956 <iprintf>
    1802:	0ff4f493          	andi	s1,s1,255
    1806:	b789                	j	1748 <USBH_EnumHidDevice+0x11a>
    1808:	85aa                	mv	a1,a0
    180a:	00006537          	lui	a0,0x6
    180e:	d4850513          	addi	a0,a0,-696 # 5d48 <_read+0x20e>
    1812:	144030ef          	jal	ra,4956 <iprintf>
    1816:	b791                	j	175a <USBH_EnumHidDevice+0x12c>
    1818:	038407b3          	mul	a5,s0,s8
    181c:	97ca                	add	a5,a5,s2
    181e:	97a6                	add	a5,a5,s1
    1820:	23b8                	lbu	a4,2(a5)
    1822:	01971963          	bne	a4,s9,1834 <USBH_EnumHidDevice+0x206>
    1826:	040780a3          	sb	zero,65(a5)
    182a:	86a2                	mv	a3,s0
    182c:	8652                	mv	a2,s4
    182e:	85d6                	mv	a1,s5
    1830:	854e                	mv	a0,s3
    1832:	33bd                	jal	15a0 <KB_SetReport>
    1834:	0405                	addi	s0,s0,1
    1836:	0ff47413          	andi	s0,s0,255
    183a:	bf25                	j	1772 <USBH_EnumHidDevice+0x144>
    183c:	85aa                	mv	a1,a0
    183e:	00006537          	lui	a0,0x6
    1842:	d4850513          	addi	a0,a0,-696 # 5d48 <_read+0x20e>
    1846:	110030ef          	jal	ra,4956 <iprintf>
    184a:	bf05                	j	177a <USBH_EnumHidDevice+0x14c>

0000184c <USBH_MainDeal>:
    184c:	975fe2ef          	jal	t0,1c0 <__riscv_save_12>
    1850:	e081c503          	lbu	a0,-504(gp) # 20000688 <RootHubDev>
    1854:	1101                	addi	sp,sp,-32
    1856:	e0818413          	addi	s0,gp,-504 # 20000688 <RootHubDev>
    185a:	72c000ef          	jal	ra,1f86 <USBFSH_CheckRootHubPortStatus>
    185e:	4785                	li	a5,1
    1860:	84aa                	mv	s1,a0
    1862:	10f51563          	bne	a0,a5,196c <USBH_MainDeal+0x120>
    1866:	00006537          	lui	a0,0x6
    186a:	4581                	li	a1,0
    186c:	d9450513          	addi	a0,a0,-620 # 5d94 <_read+0x25a>
    1870:	0e6030ef          	jal	ra,4956 <iprintf>
    1874:	4501                	li	a0,0
    1876:	a004                	sb	s1,0(s0)
    1878:	000402a3          	sb	zero,5(s0)
    187c:	eedfe0ef          	jal	ra,768 <USBH_EnumRootDevice>
    1880:	84aa                	mv	s1,a0
    1882:	e969                	bnez	a0,1954 <USBH_MainDeal+0x108>
    1884:	301c                	lbu	a5,1(s0)
    1886:	470d                	li	a4,3
    1888:	02e79e63          	bne	a5,a4,18c4 <USBH_MainDeal+0x78>
    188c:	00006537          	lui	a0,0x6
    1890:	dac50513          	addi	a0,a0,-596 # 5dac <_read+0x272>
    1894:	0c2030ef          	jal	ra,4956 <iprintf>
    1898:	2050                	lbu	a2,4(s0)
    189a:	304c                	lbu	a1,5(s0)
    189c:	4501                	li	a0,0
    189e:	3b41                	jal	162e <USBH_EnumHidDevice>
    18a0:	892a                	mv	s2,a0
    18a2:	00006537          	lui	a0,0x6
    18a6:	dc450513          	addi	a0,a0,-572 # 5dc4 <_read+0x28a>
    18aa:	0ac030ef          	jal	ra,4956 <iprintf>
    18ae:	02091963          	bnez	s2,18e0 <USBH_MainDeal+0x94>
    18b2:	00006537          	lui	a0,0x6
    18b6:	d5450513          	addi	a0,a0,-684 # 5d54 <_read+0x21a>
    18ba:	1b0030ef          	jal	ra,4a6a <puts>
    18be:	478d                	li	a5,3
    18c0:	a01c                	sb	a5,0(s0)
    18c2:	a825                	j	18fa <USBH_MainDeal+0xae>
    18c4:	4725                	li	a4,9
    18c6:	04e79163          	bne	a5,a4,1908 <USBH_MainDeal+0xbc>
    18ca:	00006537          	lui	a0,0x6
    18ce:	ddc50513          	addi	a0,a0,-548 # 5ddc <_read+0x2a2>
    18d2:	084030ef          	jal	ra,4956 <iprintf>
    18d6:	204c                	lbu	a1,4(s0)
    18d8:	4501                	li	a0,0
    18da:	d9aff0ef          	jal	ra,e74 <USBH_EnumHubDevice>
    18de:	b7c9                	j	18a0 <USBH_MainDeal+0x54>
    18e0:	44d9                	li	s1,22
    18e2:	00990c63          	beq	s2,s1,18fa <USBH_MainDeal+0xae>
    18e6:	00006537          	lui	a0,0x6
    18ea:	85ca                	mv	a1,s2
    18ec:	d4850513          	addi	a0,a0,-696 # 5d48 <_read+0x20e>
    18f0:	066030ef          	jal	ra,4956 <iprintf>
    18f4:	4789                	li	a5,2
    18f6:	a01c                	sb	a5,0(s0)
    18f8:	84ca                	mv	s1,s2
    18fa:	2018                	lbu	a4,0(s0)
    18fc:	4789                	li	a5,2
    18fe:	0ae7e463          	bltu	a5,a4,19a6 <USBH_MainDeal+0x15a>
    1902:	6105                	addi	sp,sp,32
    1904:	8f9fe06f          	j	1fc <__riscv_restore_12>
    1908:	00006537          	lui	a0,0x6
    190c:	df450513          	addi	a0,a0,-524 # 5df4 <_read+0x2ba>
    1910:	046030ef          	jal	ra,4956 <iprintf>
    1914:	301c                	lbu	a5,1(s0)
    1916:	4721                	li	a4,8
    1918:	00e78e63          	beq	a5,a4,1934 <USBH_MainDeal+0xe8>
    191c:	0ff00713          	li	a4,255
    1920:	02e78563          	beq	a5,a4,194a <USBH_MainDeal+0xfe>
    1924:	471d                	li	a4,7
    1926:	00e79d63          	bne	a5,a4,1940 <USBH_MainDeal+0xf4>
    192a:	00006537          	lui	a0,0x6
    192e:	e1050513          	addi	a0,a0,-496 # 5e10 <_read+0x2d6>
    1932:	a029                	j	193c <USBH_MainDeal+0xf0>
    1934:	00006537          	lui	a0,0x6
    1938:	e0450513          	addi	a0,a0,-508 # 5e04 <_read+0x2ca>
    193c:	01a030ef          	jal	ra,4956 <iprintf>
    1940:	00006537          	lui	a0,0x6
    1944:	e2850513          	addi	a0,a0,-472 # 5e28 <_read+0x2ee>
    1948:	bf8d                	j	18ba <USBH_MainDeal+0x6e>
    194a:	00006537          	lui	a0,0x6
    194e:	e1c50513          	addi	a0,a0,-484 # 5e1c <_read+0x2e2>
    1952:	b7ed                	j	193c <USBH_MainDeal+0xf0>
    1954:	47d9                	li	a5,22
    1956:	faf502e3          	beq	a0,a5,18fa <USBH_MainDeal+0xae>
    195a:	85aa                	mv	a1,a0
    195c:	00006537          	lui	a0,0x6
    1960:	e3450513          	addi	a0,a0,-460 # 5e34 <_read+0x2fa>
    1964:	7f3020ef          	jal	ra,4956 <iprintf>
    1968:	4789                	li	a5,2
    196a:	bf99                	j	18c0 <USBH_MainDeal+0x74>
    196c:	f559                	bnez	a0,18fa <USBH_MainDeal+0xae>
    196e:	00006537          	lui	a0,0x6
    1972:	4581                	li	a1,0
    1974:	e5450513          	addi	a0,a0,-428 # 5e54 <_read+0x31a>
    1978:	7df020ef          	jal	ra,4956 <iprintf>
    197c:	467d                	li	a2,31
    197e:	00544903          	lbu	s2,5(s0)
    1982:	4581                	li	a1,0
    1984:	e0818513          	addi	a0,gp,-504 # 20000688 <RootHubDev>
    1988:	899fe0ef          	jal	ra,220 <memset>
    198c:	10a00513          	li	a0,266
    1990:	02a90933          	mul	s2,s2,a0
    1994:	cfc18513          	addi	a0,gp,-772 # 2000057c <HostCtl>
    1998:	10a00613          	li	a2,266
    199c:	4581                	li	a1,0
    199e:	954a                	add	a0,a0,s2
    19a0:	881fe0ef          	jal	ra,220 <memset>
    19a4:	bf99                	j	18fa <USBH_MainDeal+0xae>
    19a6:	301c                	lbu	a5,1(s0)
    19a8:	470d                	li	a4,3
    19aa:	00544903          	lbu	s2,5(s0)
    19ae:	18e79963          	bne	a5,a4,1b40 <USBH_MainDeal+0x2f4>
    19b2:	10a00b93          	li	s7,266
    19b6:	03790bb3          	mul	s7,s2,s7
    19ba:	cfc18713          	addi	a4,gp,-772 # 2000057c <HostCtl>
    19be:	cfc18793          	addi	a5,gp,-772 # 2000057c <HostCtl>
    19c2:	c23e                	sw	a5,4(sp)
    19c4:	4981                	li	s3,0
    19c6:	8e818c93          	addi	s9,gp,-1816 # 20000168 <Com_Buf>
    19ca:	975e                	add	a4,a4,s7
    19cc:	c03a                	sw	a4,0(sp)
    19ce:	c45e                	sw	s7,8(sp)
    19d0:	8c3a                	mv	s8,a4
    19d2:	000c4783          	lbu	a5,0(s8)
    19d6:	f2f9f6e3          	bgeu	s3,a5,1902 <USBH_MainDeal+0xb6>
    19da:	04200793          	li	a5,66
    19de:	02f987b3          	mul	a5,s3,a5
    19e2:	4722                	lw	a4,8(sp)
    19e4:	4a01                	li	s4,0
    19e6:	00e78ab3          	add	s5,a5,a4
    19ea:	4712                	lw	a4,4(sp)
    19ec:	9aba                	add	s5,s5,a4
    19ee:	01ab8713          	addi	a4,s7,26
    19f2:	97ba                	add	a5,a5,a4
    19f4:	c63e                	sw	a5,12(sp)
    19f6:	a879                	j	1a94 <USBH_MainDeal+0x248>
    19f8:	014a8db3          	add	s11,s5,s4
    19fc:	022dc703          	lbu	a4,34(s11)
    1a00:	01edc683          	lbu	a3,30(s11)
    1a04:	08d76563          	bltu	a4,a3,1a8e <USBH_MainDeal+0x242>
    1a08:	02d77733          	remu	a4,a4,a3
    1a0c:	47b2                	lw	a5,12(sp)
    1a0e:	009dc503          	lbu	a0,9(s11)
    1a12:	01e10693          	addi	a3,sp,30
    1a16:	014785b3          	add	a1,a5,s4
    1a1a:	8e818613          	addi	a2,gp,-1816 # 20000168 <Com_Buf>
    1a1e:	4792                	lw	a5,4(sp)
    1a20:	95be                	add	a1,a1,a5
    1a22:	02ed8123          	sb	a4,34(s11)
    1a26:	26b000ef          	jal	ra,2490 <USBFSH_GetEndpData>
    1a2a:	84aa                	mv	s1,a0
    1a2c:	ed3d                	bnez	a0,1aaa <USBH_MainDeal+0x25e>
    1a2e:	4d01                	li	s10,0
    1a30:	a831                	j	1a4c <USBH_MainDeal+0x200>
    1a32:	01ac87b3          	add	a5,s9,s10
    1a36:	238c                	lbu	a1,0(a5)
    1a38:	0d05                	addi	s10,s10,1
    1a3a:	000067b7          	lui	a5,0x6
    1a3e:	d3078513          	addi	a0,a5,-720 # 5d30 <_read+0x1f6>
    1a42:	0d42                	slli	s10,s10,0x10
    1a44:	713020ef          	jal	ra,4956 <iprintf>
    1a48:	010d5d13          	srli	s10,s10,0x10
    1a4c:	87bc                	lhu	a5,30(sp)
    1a4e:	fefd62e3          	bltu	s10,a5,1a32 <USBH_MainDeal+0x1e6>
    1a52:	00006537          	lui	a0,0x6
    1a56:	d1450513          	addi	a0,a0,-748 # 5d14 <_read+0x1da>
    1a5a:	010030ef          	jal	ra,4a6a <puts>
    1a5e:	002ac703          	lbu	a4,2(s5)
    1a62:	4785                	li	a5,1
    1a64:	02f71163          	bne	a4,a5,1a86 <USBH_MainDeal+0x23a>
    1a68:	87b4                	lhu	a3,30(sp)
    1a6a:	8666                	mv	a2,s9
    1a6c:	85ce                	mv	a1,s3
    1a6e:	854a                	mv	a0,s2
    1a70:	a93ff0ef          	jal	ra,1502 <KB_AnalyzeKeyValue>
    1a74:	042ac783          	lbu	a5,66(s5)
    1a78:	c799                	beqz	a5,1a86 <USBH_MainDeal+0x23a>
    1a7a:	2050                	lbu	a2,4(s0)
    1a7c:	86ce                	mv	a3,s3
    1a7e:	85ca                	mv	a1,s2
    1a80:	4501                	li	a0,0
    1a82:	b1fff0ef          	jal	ra,15a0 <KB_SetReport>
    1a86:	87ac                	lhu	a1,30(sp)
    1a88:	8566                	mv	a0,s9
    1a8a:	4f5000ef          	jal	ra,277e <Parse_Touch_Report>
    1a8e:	0a05                	addi	s4,s4,1
    1a90:	0ffa7a13          	andi	s4,s4,255
    1a94:	008ac783          	lbu	a5,8(s5)
    1a98:	f6fa60e3          	bltu	s4,a5,19f8 <USBH_MainDeal+0x1ac>
    1a9c:	47d9                	li	a5,22
    1a9e:	e6f482e3          	beq	s1,a5,1902 <USBH_MainDeal+0xb6>
    1aa2:	0985                	addi	s3,s3,1
    1aa4:	0ff9f993          	andi	s3,s3,255
    1aa8:	b72d                	j	19d2 <USBH_MainDeal+0x186>
    1aaa:	4d59                	li	s10,22
    1aac:	e5a50be3          	beq	a0,s10,1902 <USBH_MainDeal+0xb6>
    1ab0:	02e00713          	li	a4,46
    1ab4:	fce51de3          	bne	a0,a4,1a8e <USBH_MainDeal+0x242>
    1ab8:	00006537          	lui	a0,0x6
    1abc:	e6c50513          	addi	a0,a0,-404 # 5e6c <_read+0x332>
    1ac0:	7ab020ef          	jal	ra,4a6a <puts>
    1ac4:	009dc583          	lbu	a1,9(s11)
    1ac8:	2048                	lbu	a0,4(s0)
    1aca:	0805e593          	ori	a1,a1,128
    1ace:	1a1000ef          	jal	ra,246e <USBFSH_ClearEndpStall>
    1ad2:	001c4703          	lbu	a4,1(s8)
    1ad6:	000d8d23          	sb	zero,26(s11)
    1ada:	46a5                	li	a3,9
    1adc:	0705                	addi	a4,a4,1
    1ade:	0ff77713          	andi	a4,a4,255
    1ae2:	00ec00a3          	sb	a4,1(s8)
    1ae6:	fae6f4e3          	bgeu	a3,a4,1a8e <USBH_MainDeal+0x242>
    1aea:	467d                	li	a2,31
    1aec:	4581                	li	a1,0
    1aee:	e0818513          	addi	a0,gp,-504 # 20000688 <RootHubDev>
    1af2:	f2efe0ef          	jal	ra,220 <memset>
    1af6:	4501                	li	a0,0
    1af8:	c71fe0ef          	jal	ra,768 <USBH_EnumRootDevice>
    1afc:	84aa                	mv	s1,a0
    1afe:	ed05                	bnez	a0,1b36 <USBH_MainDeal+0x2ea>
    1b00:	009dc583          	lbu	a1,9(s11)
    1b04:	2048                	lbu	a0,4(s0)
    1b06:	0805e593          	ori	a1,a1,128
    1b0a:	165000ef          	jal	ra,246e <USBFSH_ClearEndpStall>
    1b0e:	4502                	lw	a0,0(sp)
    1b10:	4785                	li	a5,1
    1b12:	10a00613          	li	a2,266
    1b16:	4581                	li	a1,0
    1b18:	000c00a3          	sb	zero,1(s8)
    1b1c:	a01c                	sb	a5,0(s0)
    1b1e:	000402a3          	sb	zero,5(s0)
    1b22:	efefe0ef          	jal	ra,220 <memset>
    1b26:	2050                	lbu	a2,4(s0)
    1b28:	85ca                	mv	a1,s2
    1b2a:	4501                	li	a0,0
    1b2c:	b03ff0ef          	jal	ra,162e <USBH_EnumHidDevice>
    1b30:	84aa                	mv	s1,a0
    1b32:	478d                	li	a5,3
    1b34:	c501                	beqz	a0,1b3c <USBH_MainDeal+0x2f0>
    1b36:	f5a48ce3          	beq	s1,s10,1a8e <USBH_MainDeal+0x242>
    1b3a:	4789                	li	a5,2
    1b3c:	a01c                	sb	a5,0(s0)
    1b3e:	bf81                	j	1a8e <USBH_MainDeal+0x242>
    1b40:	4725                	li	a4,9
    1b42:	dce790e3          	bne	a5,a4,1902 <USBH_MainDeal+0xb6>
    1b46:	10a00593          	li	a1,266
    1b4a:	02b90933          	mul	s2,s2,a1
    1b4e:	cfc18a13          	addi	s4,gp,-772 # 2000057c <HostCtl>
    1b52:	cfc18993          	addi	s3,gp,-772 # 2000057c <HostCtl>
    1b56:	9a4a                	add	s4,s4,s2
    1b58:	022a4783          	lbu	a5,34(s4)
    1b5c:	01ea4703          	lbu	a4,30(s4)
    1b60:	06e7f063          	bgeu	a5,a4,1bc0 <USBH_MainDeal+0x374>
    1b64:	4a81                	li	s5,0
    1b66:	8e818d13          	addi	s10,gp,-1816 # 20000168 <Com_Buf>
    1b6a:	207c                	lbu	a5,6(s0)
    1b6c:	d8fafbe3          	bgeu	s5,a5,1902 <USBH_MainDeal+0xb6>
    1b70:	4799                	li	a5,6
    1b72:	02fa87b3          	mul	a5,s5,a5
    1b76:	468d                	li	a3,3
    1b78:	97a2                	add	a5,a5,s0
    1b7a:	33f8                	lbu	a4,7(a5)
    1b7c:	34d71263          	bne	a4,a3,1ec0 <USBH_MainDeal+0x674>
    1b80:	2794                	lbu	a3,8(a5)
    1b82:	32e69f63          	bne	a3,a4,1ec0 <USBH_MainDeal+0x674>
    1b86:	00c7cd83          	lbu	s11,12(a5)
    1b8a:	10a00c13          	li	s8,266
    1b8e:	4a01                	li	s4,0
    1b90:	038d8c33          	mul	s8,s11,s8
    1b94:	018987b3          	add	a5,s3,s8
    1b98:	c062                	sw	s8,0(sp)
    1b9a:	c23e                	sw	a5,4(sp)
    1b9c:	4792                	lw	a5,4(sp)
    1b9e:	239c                	lbu	a5,0(a5)
    1ba0:	32fa7063          	bgeu	s4,a5,1ec0 <USBH_MainDeal+0x674>
    1ba4:	04200c93          	li	s9,66
    1ba8:	039a0cb3          	mul	s9,s4,s9
    1bac:	4b19                	li	s6,6
    1bae:	4782                	lw	a5,0(sp)
    1bb0:	4901                	li	s2,0
    1bb2:	036a8b33          	mul	s6,s5,s6
    1bb6:	00fc8bb3          	add	s7,s9,a5
    1bba:	9bce                	add	s7,s7,s3
    1bbc:	9b22                	add	s6,s6,s0
    1bbe:	a4d5                	j	1ea2 <USBH_MainDeal+0x656>
    1bc0:	02e7f7b3          	remu	a5,a5,a4
    1bc4:	2028                	lbu	a0,2(s0)
    1bc6:	0969                	addi	s2,s2,26
    1bc8:	8e818b13          	addi	s6,gp,-1816 # 20000168 <Com_Buf>
    1bcc:	02fa0123          	sb	a5,34(s4)
    1bd0:	2ed5                	jal	1fc4 <USBFSH_SetSelfAddr>
    1bd2:	3028                	lbu	a0,3(s0)
    1bd4:	2111                	jal	1fd8 <USBFSH_SetSelfSpeed>
    1bd6:	009a4503          	lbu	a0,9(s4)
    1bda:	01e10693          	addi	a3,sp,30
    1bde:	8e818613          	addi	a2,gp,-1816 # 20000168 <Com_Buf>
    1be2:	012985b3          	add	a1,s3,s2
    1be6:	0ab000ef          	jal	ra,2490 <USBFSH_GetEndpData>
    1bea:	84aa                	mv	s1,a0
    1bec:	fd25                	bnez	a0,1b64 <USBH_MainDeal+0x318>
    1bee:	000b4583          	lbu	a1,0(s6)
    1bf2:	00006537          	lui	a0,0x6
    1bf6:	e7850513          	addi	a0,a0,-392 # 5e78 <_read+0x33e>
    1bfa:	00b10ea3          	sb	a1,29(sp)
    1bfe:	4901                	li	s2,0
    1c00:	557020ef          	jal	ra,4956 <iprintf>
    1c04:	00006bb7          	lui	s7,0x6
    1c08:	00006c37          	lui	s8,0x6
    1c0c:	00006cb7          	lui	s9,0x6
    1c10:	00006d37          	lui	s10,0x6
    1c14:	00006db7          	lui	s11,0x6
    1c18:	207c                	lbu	a5,6(s0)
    1c1a:	f4f975e3          	bgeu	s2,a5,1b64 <USBH_MainDeal+0x318>
    1c1e:	00190b13          	addi	s6,s2,1
    1c22:	0ffb7a13          	andi	s4,s6,255
    1c26:	01d10613          	addi	a2,sp,29
    1c2a:	85d2                	mv	a1,s4
    1c2c:	4501                	li	a0,0
    1c2e:	d16ff0ef          	jal	ra,1144 <HUB_Port_PreEnum1>
    1c32:	4759                	li	a4,22
    1c34:	84aa                	mv	s1,a0
    1c36:	04e51563          	bne	a0,a4,1c80 <USBH_MainDeal+0x434>
    1c3a:	4519                	li	a0,6
    1c3c:	02a90933          	mul	s2,s2,a0
    1c40:	4705                	li	a4,1
    1c42:	016717b3          	sll	a5,a4,s6
    1c46:	01d14703          	lbu	a4,29(sp)
    1c4a:	fff7c793          	not	a5,a5
    1c4e:	10a00613          	li	a2,266
    1c52:	8ff9                	and	a5,a5,a4
    1c54:	00f10ea3          	sb	a5,29(sp)
    1c58:	4581                	li	a1,0
    1c5a:	012407b3          	add	a5,s0,s2
    1c5e:	27c8                	lbu	a0,12(a5)
    1c60:	10a00793          	li	a5,266
    1c64:	091d                	addi	s2,s2,7
    1c66:	02f50533          	mul	a0,a0,a5
    1c6a:	954e                	add	a0,a0,s3
    1c6c:	db4fe0ef          	jal	ra,220 <memset>
    1c70:	4619                	li	a2,6
    1c72:	4581                	li	a1,0
    1c74:	01240533          	add	a0,s0,s2
    1c78:	da8fe0ef          	jal	ra,220 <memset>
    1c7c:	8952                	mv	s2,s4
    1c7e:	bf69                	j	1c18 <USBH_MainDeal+0x3cc>
    1c80:	06400513          	li	a0,100
    1c84:	315020ef          	jal	ra,4798 <Delay_Ms>
    1c88:	01d10613          	addi	a2,sp,29
    1c8c:	85d2                	mv	a1,s4
    1c8e:	4501                	li	a0,0
    1c90:	d74ff0ef          	jal	ra,1204 <HUB_Port_PreEnum2>
    1c94:	4755                	li	a4,21
    1c96:	84aa                	mv	s1,a0
    1c98:	0ce51163          	bne	a0,a4,1d5a <USBH_MainDeal+0x50e>
    1c9c:	4799                	li	a5,6
    1c9e:	02f907b3          	mul	a5,s2,a5
    1ca2:	4705                	li	a4,1
    1ca4:	97a2                	add	a5,a5,s0
    1ca6:	b3f8                	sb	a4,7(a5)
    1ca8:	4721                	li	a4,8
    1caa:	b7b8                	sb	a4,11(a5)
    1cac:	01478623          	sb	s4,12(a5)
    1cb0:	4499                	li	s1,6
    1cb2:	029904b3          	mul	s1,s2,s1
    1cb6:	8e818613          	addi	a2,gp,-1816 # 20000168 <Com_Buf>
    1cba:	85d2                	mv	a1,s4
    1cbc:	4501                	li	a0,0
    1cbe:	e46ff0ef          	jal	ra,1304 <HUB_CheckPortSpeed>
    1cc2:	000067b7          	lui	a5,0x6
    1cc6:	85aa                	mv	a1,a0
    1cc8:	94a2                	add	s1,s1,s0
    1cca:	a4a8                	sb	a0,10(s1)
    1ccc:	e8c78513          	addi	a0,a5,-372 # 5e8c <_read+0x352>
    1cd0:	487020ef          	jal	ra,4956 <iprintf>
    1cd4:	3488                	lbu	a0,9(s1)
    1cd6:	24fd                	jal	1fc4 <USBFSH_SetSelfAddr>
    1cd8:	24a8                	lbu	a0,10(s1)
    1cda:	2cfd                	jal	1fd8 <USBFSH_SetSelfSpeed>
    1cdc:	303c                	lbu	a5,3(s0)
    1cde:	c799                	beqz	a5,1cec <USBH_MainDeal+0x4a0>
    1ce0:	50000737          	lui	a4,0x50000
    1ce4:	331c                	lbu	a5,1(a4)
    1ce6:	0fb7f793          	andi	a5,a5,251
    1cea:	b31c                	sb	a5,1(a4)
    1cec:	000067b7          	lui	a5,0x6
    1cf0:	e9c78513          	addi	a0,a5,-356 # 5e9c <_read+0x362>
    1cf4:	577020ef          	jal	ra,4a6a <puts>
    1cf8:	4799                	li	a5,6
    1cfa:	02f907b3          	mul	a5,s2,a5
    1cfe:	85ca                	mv	a1,s2
    1d00:	4501                	li	a0,0
    1d02:	00878693          	addi	a3,a5,8
    1d06:	00978613          	addi	a2,a5,9
    1d0a:	96a2                	add	a3,a3,s0
    1d0c:	9622                	add	a2,a2,s0
    1d0e:	c03e                	sw	a5,0(sp)
    1d10:	e28ff0ef          	jal	ra,1338 <USBH_EnumHubPortDevice>
    1d14:	84aa                	mv	s1,a0
    1d16:	4782                	lw	a5,0(sp)
    1d18:	ed45                	bnez	a0,1dd0 <USBH_MainDeal+0x584>
    1d1a:	00f40b33          	add	s6,s0,a5
    1d1e:	008b4703          	lbu	a4,8(s6)
    1d22:	468d                	li	a3,3
    1d24:	04d71d63          	bne	a4,a3,1d7e <USBH_MainDeal+0x532>
    1d28:	85ca                	mv	a1,s2
    1d2a:	eacd8513          	addi	a0,s11,-340 # 5eac <_read+0x372>
    1d2e:	c03a                	sw	a4,0(sp)
    1d30:	427020ef          	jal	ra,4956 <iprintf>
    1d34:	00bb4603          	lbu	a2,11(s6)
    1d38:	00cb4583          	lbu	a1,12(s6)
    1d3c:	4501                	li	a0,0
    1d3e:	8f1ff0ef          	jal	ra,162e <USBH_EnumHidDevice>
    1d42:	84aa                	mv	s1,a0
    1d44:	4702                	lw	a4,0(sp)
    1d46:	f91d                	bnez	a0,1c7c <USBH_MainDeal+0x430>
    1d48:	00006537          	lui	a0,0x6
    1d4c:	00eb03a3          	sb	a4,7(s6)
    1d50:	ed850513          	addi	a0,a0,-296 # 5ed8 <_read+0x39e>
    1d54:	517020ef          	jal	ra,4a6a <puts>
    1d58:	b715                	j	1c7c <USBH_MainDeal+0x430>
    1d5a:	01d14683          	lbu	a3,29(sp)
    1d5e:	4705                	li	a4,1
    1d60:	016717b3          	sll	a5,a4,s6
    1d64:	fff7c793          	not	a5,a5
    1d68:	8ff5                	and	a5,a5,a3
    1d6a:	00f10ea3          	sb	a5,29(sp)
    1d6e:	4799                	li	a5,6
    1d70:	02f907b3          	mul	a5,s2,a5
    1d74:	97a2                	add	a5,a5,s0
    1d76:	33fc                	lbu	a5,7(a5)
    1d78:	f0e792e3          	bne	a5,a4,1c7c <USBH_MainDeal+0x430>
    1d7c:	bf15                	j	1cb0 <USBH_MainDeal+0x464>
    1d7e:	85ca                	mv	a1,s2
    1d80:	ee0b8513          	addi	a0,s7,-288 # 5ee0 <_read+0x3a6>
    1d84:	3d3020ef          	jal	ra,4956 <iprintf>
    1d88:	008b4783          	lbu	a5,8(s6)
    1d8c:	4721                	li	a4,8
    1d8e:	02e78b63          	beq	a5,a4,1dc4 <USBH_MainDeal+0x578>
    1d92:	00f76d63          	bltu	a4,a5,1dac <USBH_MainDeal+0x560>
    1d96:	471d                	li	a4,7
    1d98:	02e78963          	beq	a5,a4,1dca <USBH_MainDeal+0x57e>
    1d9c:	4519                	li	a0,6
    1d9e:	02a90933          	mul	s2,s2,a0
    1da2:	478d                	li	a5,3
    1da4:	9922                	add	s2,s2,s0
    1da6:	00f903a3          	sb	a5,7(s2)
    1daa:	bdc9                	j	1c7c <USBH_MainDeal+0x430>
    1dac:	4725                	li	a4,9
    1dae:	00e78e63          	beq	a5,a4,1dca <USBH_MainDeal+0x57e>
    1db2:	0ff00713          	li	a4,255
    1db6:	f10d0513          	addi	a0,s10,-240 # 5f10 <_read+0x3d6>
    1dba:	fee791e3          	bne	a5,a4,1d9c <USBH_MainDeal+0x550>
    1dbe:	4ad020ef          	jal	ra,4a6a <puts>
    1dc2:	bfe9                	j	1d9c <USBH_MainDeal+0x550>
    1dc4:	ef8c0513          	addi	a0,s8,-264 # 5ef8 <_read+0x3be>
    1dc8:	bfdd                	j	1dbe <USBH_MainDeal+0x572>
    1dca:	f04c8513          	addi	a0,s9,-252 # 5f04 <_read+0x3ca>
    1dce:	bfc5                	j	1dbe <USBH_MainDeal+0x572>
    1dd0:	97a2                	add	a5,a5,s0
    1dd2:	4709                	li	a4,2
    1dd4:	b3f8                	sb	a4,7(a5)
    1dd6:	000067b7          	lui	a5,0x6
    1dda:	85ca                	mv	a1,s2
    1ddc:	f1c78513          	addi	a0,a5,-228 # 5f1c <_read+0x3e2>
    1de0:	377020ef          	jal	ra,4956 <iprintf>
    1de4:	bd61                	j	1c7c <USBH_MainDeal+0x430>
    1de6:	012b8733          	add	a4,s7,s2
    1dea:	02274783          	lbu	a5,34(a4) # 50000022 <_eusrstack+0x2fff8022>
    1dee:	2f74                	lbu	a3,30(a4)
    1df0:	0ad7e663          	bltu	a5,a3,1e9c <USBH_MainDeal+0x650>
    1df4:	02d7f7b3          	remu	a5,a5,a3
    1df8:	009b4503          	lbu	a0,9(s6)
    1dfc:	02f70123          	sb	a5,34(a4)
    1e00:	22d1                	jal	1fc4 <USBFSH_SetSelfAddr>
    1e02:	00ab4503          	lbu	a0,10(s6)
    1e06:	2ac9                	jal	1fd8 <USBFSH_SetSelfSpeed>
    1e08:	303c                	lbu	a5,3(s0)
    1e0a:	c799                	beqz	a5,1e18 <USBH_MainDeal+0x5cc>
    1e0c:	50000737          	lui	a4,0x50000
    1e10:	331c                	lbu	a5,1(a4)
    1e12:	0fb7f793          	andi	a5,a5,251
    1e16:	b31c                	sb	a5,1(a4)
    1e18:	012b87b3          	add	a5,s7,s2
    1e1c:	01ac0593          	addi	a1,s8,26
    1e20:	95e6                	add	a1,a1,s9
    1e22:	3788                	lbu	a0,9(a5)
    1e24:	95ca                	add	a1,a1,s2
    1e26:	01e10693          	addi	a3,sp,30
    1e2a:	8e818613          	addi	a2,gp,-1816 # 20000168 <Com_Buf>
    1e2e:	95ce                	add	a1,a1,s3
    1e30:	660000ef          	jal	ra,2490 <USBFSH_GetEndpData>
    1e34:	84aa                	mv	s1,a0
    1e36:	e149                	bnez	a0,1eb8 <USBH_MainDeal+0x66c>
    1e38:	4781                	li	a5,0
    1e3a:	a839                	j	1e58 <USBH_MainDeal+0x60c>
    1e3c:	00fd0733          	add	a4,s10,a5
    1e40:	230c                	lbu	a1,0(a4)
    1e42:	c43e                	sw	a5,8(sp)
    1e44:	000067b7          	lui	a5,0x6
    1e48:	d3078513          	addi	a0,a5,-720 # 5d30 <_read+0x1f6>
    1e4c:	30b020ef          	jal	ra,4956 <iprintf>
    1e50:	47a2                	lw	a5,8(sp)
    1e52:	0785                	addi	a5,a5,1
    1e54:	07c2                	slli	a5,a5,0x10
    1e56:	83c1                	srli	a5,a5,0x10
    1e58:	87b8                	lhu	a4,30(sp)
    1e5a:	fee7e1e3          	bltu	a5,a4,1e3c <USBH_MainDeal+0x5f0>
    1e5e:	00006537          	lui	a0,0x6
    1e62:	d1450513          	addi	a0,a0,-748 # 5d14 <_read+0x1da>
    1e66:	405020ef          	jal	ra,4a6a <puts>
    1e6a:	002bc703          	lbu	a4,2(s7)
    1e6e:	4785                	li	a5,1
    1e70:	02f71263          	bne	a4,a5,1e94 <USBH_MainDeal+0x648>
    1e74:	87b4                	lhu	a3,30(sp)
    1e76:	866a                	mv	a2,s10
    1e78:	85d2                	mv	a1,s4
    1e7a:	856e                	mv	a0,s11
    1e7c:	e86ff0ef          	jal	ra,1502 <KB_AnalyzeKeyValue>
    1e80:	042bc783          	lbu	a5,66(s7)
    1e84:	cb81                	beqz	a5,1e94 <USBH_MainDeal+0x648>
    1e86:	00bb4603          	lbu	a2,11(s6)
    1e8a:	86d2                	mv	a3,s4
    1e8c:	85ee                	mv	a1,s11
    1e8e:	4501                	li	a0,0
    1e90:	f10ff0ef          	jal	ra,15a0 <KB_SetReport>
    1e94:	87ac                	lhu	a1,30(sp)
    1e96:	856a                	mv	a0,s10
    1e98:	0e7000ef          	jal	ra,277e <Parse_Touch_Report>
    1e9c:	0905                	addi	s2,s2,1
    1e9e:	0ff97913          	andi	s2,s2,255
    1ea2:	008bc783          	lbu	a5,8(s7)
    1ea6:	f4f960e3          	bltu	s2,a5,1de6 <USBH_MainDeal+0x59a>
    1eaa:	47d9                	li	a5,22
    1eac:	00f48963          	beq	s1,a5,1ebe <USBH_MainDeal+0x672>
    1eb0:	0a05                	addi	s4,s4,1
    1eb2:	0ffa7a13          	andi	s4,s4,255
    1eb6:	b1dd                	j	1b9c <USBH_MainDeal+0x350>
    1eb8:	47d9                	li	a5,22
    1eba:	fef511e3          	bne	a0,a5,1e9c <USBH_MainDeal+0x650>
    1ebe:	44d9                	li	s1,22
    1ec0:	0a85                	addi	s5,s5,1
    1ec2:	0ffafa93          	andi	s5,s5,255
    1ec6:	b155                	j	1b6a <USBH_MainDeal+0x31e>

00001ec8 <USBFSH_SetSelfSpeed.part.0>:
    1ec8:	50000737          	lui	a4,0x50000
    1ecc:	231c                	lbu	a5,0(a4)
    1ece:	0bf7f793          	andi	a5,a5,191
    1ed2:	a31c                	sb	a5,0(a4)
    1ed4:	331c                	lbu	a5,1(a4)
    1ed6:	0fb7f793          	andi	a5,a5,251
    1eda:	b31c                	sb	a5,1(a4)
    1edc:	3b7e                	lhu	a5,54(a4)
    1ede:	07c2                	slli	a5,a5,0x10
    1ee0:	83c1                	srli	a5,a5,0x10
    1ee2:	bff7f793          	andi	a5,a5,-1025
    1ee6:	07c2                	slli	a5,a5,0x10
    1ee8:	83c1                	srli	a5,a5,0x10
    1eea:	bb7e                	sh	a5,54(a4)
    1eec:	8082                	ret

00001eee <USBFS_RCC_Init>:
    1eee:	b02fe2ef          	jal	t0,1f0 <__riscv_save_0>
    1ef2:	8081a703          	lw	a4,-2040(gp) # 20000088 <SystemCoreClock>
    1ef6:	089547b7          	lui	a5,0x8954
    1efa:	40078793          	addi	a5,a5,1024 # 8954400 <_data_lma+0x894d780>
    1efe:	4509                	li	a0,2
    1f00:	02f70063          	beq	a4,a5,1f20 <USBFS_RCC_Init+0x32>
    1f04:	05b8e7b7          	lui	a5,0x5b8e
    1f08:	80078793          	addi	a5,a5,-2048 # 5b8d800 <_data_lma+0x5b86b80>
    1f0c:	4505                	li	a0,1
    1f0e:	00f70963          	beq	a4,a5,1f20 <USBFS_RCC_Init+0x32>
    1f12:	02dc77b7          	lui	a5,0x2dc7
    1f16:	c0078793          	addi	a5,a5,-1024 # 2dc6c00 <_data_lma+0x2dbff80>
    1f1a:	00f71563          	bne	a4,a5,1f24 <USBFS_RCC_Init+0x36>
    1f1e:	4501                	li	a0,0
    1f20:	5c4020ef          	jal	ra,44e4 <RCC_USBFSCLKConfig>
    1f24:	4585                	li	a1,1
    1f26:	6505                	lui	a0,0x1
    1f28:	544020ef          	jal	ra,446c <RCC_AHBPeriphClockCmd>
    1f2c:	ae8fe06f          	j	214 <__riscv_restore_0>

00001f30 <USBFS_Host_Init>:
    1f30:	4785                	li	a5,1
    1f32:	04f51563          	bne	a0,a5,1f7c <USBFS_Host_Init+0x4c>
    1f36:	500007b7          	lui	a5,0x50000
    1f3a:	f8000713          	li	a4,-128
    1f3e:	a398                	sb	a4,0(a5)
    1f40:	2398                	lbu	a4,0(a5)
    1f42:	0762                	slli	a4,a4,0x18
    1f44:	8761                	srai	a4,a4,0x18
    1f46:	fe075de3          	bgez	a4,1f40 <USBFS_Host_Init+0x10>
    1f4a:	000780a3          	sb	zero,1(a5) # 50000001 <_eusrstack+0x2fff8001>
    1f4e:	000781a3          	sb	zero,3(a5)
    1f52:	04800713          	li	a4,72
    1f56:	b7d8                	sb	a4,13(a5)
    1f58:	e2818713          	addi	a4,gp,-472 # 200006a8 <USBFS_RX_Buf>
    1f5c:	cf98                	sw	a4,24(a5)
    1f5e:	e6818713          	addi	a4,gp,-408 # 200006e8 <USBFS_TX_Buf>
    1f62:	cfd8                	sw	a4,28(a5)
    1f64:	02078da3          	sb	zero,59(a5)
    1f68:	02078f23          	sb	zero,62(a5)
    1f6c:	f8900713          	li	a4,-119
    1f70:	a398                	sb	a4,0(a5)
    1f72:	577d                	li	a4,-1
    1f74:	a3f8                	sb	a4,6(a5)
    1f76:	470d                	li	a4,3
    1f78:	a3b8                	sb	a4,2(a5)
    1f7a:	8082                	ret
    1f7c:	500007b7          	lui	a5,0x50000
    1f80:	4719                	li	a4,6
    1f82:	a398                	sb	a4,0(a5)
    1f84:	8082                	ret

00001f86 <USBFSH_CheckRootHubPortStatus>:
    1f86:	50000737          	lui	a4,0x50000
    1f8a:	237c                	lbu	a5,6(a4)
    1f8c:	8b85                	andi	a5,a5,1
    1f8e:	c385                	beqz	a5,1fae <USBFSH_CheckRootHubPortStatus+0x28>
    1f90:	4785                	li	a5,1
    1f92:	a37c                	sb	a5,6(a4)
    1f94:	3354                	lbu	a3,5(a4)
    1f96:	4781                	li	a5,0
    1f98:	8a85                	andi	a3,a3,1
    1f9a:	ca99                	beqz	a3,1fb0 <USBFSH_CheckRootHubPortStatus+0x2a>
    1f9c:	4785                	li	a5,1
    1f9e:	c909                	beqz	a0,1fb0 <USBFSH_CheckRootHubPortStatus+0x2a>
    1fa0:	4789                	li	a5,2
    1fa2:	00f50663          	beq	a0,a5,1fae <USBFSH_CheckRootHubPortStatus+0x28>
    1fa6:	3318                	lbu	a4,1(a4)
    1fa8:	4785                	li	a5,1
    1faa:	8b05                	andi	a4,a4,1
    1fac:	c311                	beqz	a4,1fb0 <USBFSH_CheckRootHubPortStatus+0x2a>
    1fae:	4789                	li	a5,2
    1fb0:	853e                	mv	a0,a5
    1fb2:	8082                	ret

00001fb4 <USBFSH_CheckRootHubPortSpeed>:
    1fb4:	500007b7          	lui	a5,0x50000
    1fb8:	33c8                	lbu	a0,5(a5)
    1fba:	8105                	srli	a0,a0,0x1
    1fbc:	00154513          	xori	a0,a0,1
    1fc0:	8905                	andi	a0,a0,1
    1fc2:	8082                	ret

00001fc4 <USBFSH_SetSelfAddr>:
    1fc4:	50000737          	lui	a4,0x50000
    1fc8:	333c                	lbu	a5,3(a4)
    1fca:	07f57513          	andi	a0,a0,127
    1fce:	0807f793          	andi	a5,a5,128
    1fd2:	8fc9                	or	a5,a5,a0
    1fd4:	b33c                	sb	a5,3(a4)
    1fd6:	8082                	ret

00001fd8 <USBFSH_SetSelfSpeed>:
    1fd8:	4785                	li	a5,1
    1fda:	00f51763          	bne	a0,a5,1fe8 <USBFSH_SetSelfSpeed+0x10>
    1fde:	a12fe2ef          	jal	t0,1f0 <__riscv_save_0>
    1fe2:	35dd                	jal	1ec8 <USBFSH_SetSelfSpeed.part.0>
    1fe4:	a30fe06f          	j	214 <__riscv_restore_0>
    1fe8:	500007b7          	lui	a5,0x50000
    1fec:	2398                	lbu	a4,0(a5)
    1fee:	04076713          	ori	a4,a4,64
    1ff2:	a398                	sb	a4,0(a5)
    1ff4:	3398                	lbu	a4,1(a5)
    1ff6:	00476713          	ori	a4,a4,4
    1ffa:	b398                	sb	a4,1(a5)
    1ffc:	3bfa                	lhu	a4,54(a5)
    1ffe:	40076713          	ori	a4,a4,1024
    2002:	bbfa                	sh	a4,54(a5)
    2004:	8082                	ret

00002006 <USBFSH_ResetRootHubPort>:
    2006:	9eafe2ef          	jal	t0,1f0 <__riscv_save_0>
    200a:	842a                	mv	s0,a0
    200c:	4501                	li	a0,0
    200e:	3f5d                	jal	1fc4 <USBFSH_SetSelfAddr>
    2010:	3d65                	jal	1ec8 <USBFSH_SetSelfSpeed.part.0>
    2012:	4785                	li	a5,1
    2014:	0087ec63          	bltu	a5,s0,202c <USBFSH_ResetRootHubPort+0x26>
    2018:	50000737          	lui	a4,0x50000
    201c:	331c                	lbu	a5,1(a4)
    201e:	0027e793          	ori	a5,a5,2
    2022:	b31c                	sb	a5,1(a4)
    2024:	e811                	bnez	s0,2038 <USBFSH_ResetRootHubPort+0x32>
    2026:	452d                	li	a0,11
    2028:	770020ef          	jal	ra,4798 <Delay_Ms>
    202c:	50000737          	lui	a4,0x50000
    2030:	331c                	lbu	a5,1(a4)
    2032:	0fd7f793          	andi	a5,a5,253
    2036:	b31c                	sb	a5,1(a4)
    2038:	4509                	li	a0,2
    203a:	75e020ef          	jal	ra,4798 <Delay_Ms>
    203e:	500007b7          	lui	a5,0x50000
    2042:	23f8                	lbu	a4,6(a5)
    2044:	8b05                	andi	a4,a4,1
    2046:	c711                	beqz	a4,2052 <USBFSH_ResetRootHubPort+0x4c>
    2048:	33d8                	lbu	a4,5(a5)
    204a:	8b05                	andi	a4,a4,1
    204c:	c319                	beqz	a4,2052 <USBFSH_ResetRootHubPort+0x4c>
    204e:	4705                	li	a4,1
    2050:	a3f8                	sb	a4,6(a5)
    2052:	9c2fe06f          	j	214 <__riscv_restore_0>

00002056 <USBFSH_EnableRootHubPort>:
    2056:	50000737          	lui	a4,0x50000
    205a:	335c                	lbu	a5,5(a4)
    205c:	8b85                	andi	a5,a5,1
    205e:	cb85                	beqz	a5,208e <USBFSH_EnableRootHubPort+0x38>
    2060:	990fe2ef          	jal	t0,1f0 <__riscv_save_0>
    2064:	331c                	lbu	a5,1(a4)
    2066:	8b85                	andi	a5,a5,1
    2068:	e791                	bnez	a5,2074 <USBFSH_EnableRootHubPort+0x1e>
    206a:	842a                	mv	s0,a0
    206c:	37a1                	jal	1fb4 <USBFSH_CheckRootHubPortSpeed>
    206e:	a008                	sb	a0,0(s0)
    2070:	e111                	bnez	a0,2074 <USBFSH_EnableRootHubPort+0x1e>
    2072:	379d                	jal	1fd8 <USBFSH_SetSelfSpeed>
    2074:	500007b7          	lui	a5,0x50000
    2078:	3398                	lbu	a4,1(a5)
    207a:	4501                	li	a0,0
    207c:	00176713          	ori	a4,a4,1
    2080:	b398                	sb	a4,1(a5)
    2082:	3bfa                	lhu	a4,54(a5)
    2084:	00476713          	ori	a4,a4,4
    2088:	bbfa                	sh	a4,54(a5)
    208a:	98afe06f          	j	214 <__riscv_restore_0>
    208e:	4559                	li	a0,22
    2090:	8082                	ret

00002092 <USBFSH_Transact>:
    2092:	92efe2ef          	jal	t0,1c0 <__riscv_save_12>
    2096:	500007b7          	lui	a5,0x50000
    209a:	02b78da3          	sb	a1,59(a5) # 5000003b <_eusrstack+0x2fff803b>
    209e:	8a2a                	mv	s4,a0
    20a0:	8d32                	mv	s10,a2
    20a2:	02b78f23          	sb	a1,62(a5)
    20a6:	00455913          	srli	s2,a0,0x4
    20aa:	4481                	li	s1,0
    20ac:	50000437          	lui	s0,0x50000
    20b0:	4a89                	li	s5,2
    20b2:	4b39                	li	s6,14
    20b4:	49a9                	li	s3,10
    20b6:	4ba5                	li	s7,9
    20b8:	4c0d                	li	s8,3
    20ba:	4cb5                	li	s9,13
    20bc:	03440c23          	sb	s4,56(s0) # 50000038 <_eusrstack+0x2fff8038>
    20c0:	01540323          	sb	s5,6(s0)
    20c4:	3e800d93          	li	s11,1000
    20c8:	207c                	lbu	a5,6(s0)
    20ca:	8b89                	andi	a5,a5,2
    20cc:	eb91                	bnez	a5,20e0 <USBFSH_Transact+0x4e>
    20ce:	1dfd                	addi	s11,s11,-1
    20d0:	0dc2                	slli	s11,s11,0x10
    20d2:	4505                	li	a0,1
    20d4:	010ddd93          	srli	s11,s11,0x10
    20d8:	68a020ef          	jal	ra,4762 <Delay_Us>
    20dc:	fe0d96e3          	bnez	s11,20c8 <USBFSH_Transact+0x36>
    20e0:	02040c23          	sb	zero,56(s0)
    20e4:	207c                	lbu	a5,6(s0)
    20e6:	8b89                	andi	a5,a5,2
    20e8:	e781                	bnez	a5,20f0 <USBFSH_Transact+0x5e>
    20ea:	0fe00513          	li	a0,254
    20ee:	a885                	j	215e <USBFSH_Transact+0xcc>
    20f0:	307c                	lbu	a5,7(s0)
    20f2:	0407f793          	andi	a5,a5,64
    20f6:	ebb5                	bnez	a5,216a <USBFSH_Transact+0xd8>
    20f8:	307c                	lbu	a5,7(s0)
    20fa:	0ff7f793          	andi	a5,a5,255
    20fe:	00f7f513          	andi	a0,a5,15
    2102:	07650663          	beq	a0,s6,216e <USBFSH_Transact+0xdc>
    2106:	05351263          	bne	a0,s3,214a <USBFSH_Transact+0xb8>
    210a:	060d0563          	beqz	s10,2174 <USBFSH_Transact+0xe2>
    210e:	57fd                	li	a5,-1
    2110:	00fd0363          	beq	s10,a5,2116 <USBFSH_Transact+0x84>
    2114:	1d7d                	addi	s10,s10,-1
    2116:	14fd                	addi	s1,s1,-1
    2118:	0ff4f493          	andi	s1,s1,255
    211c:	4551                	li	a0,20
    211e:	644020ef          	jal	ra,4762 <Delay_Us>
    2122:	207c                	lbu	a5,6(s0)
    2124:	8b85                	andi	a5,a5,1
    2126:	cb91                	beqz	a5,213a <USBFSH_Transact+0xa8>
    2128:	0c800513          	li	a0,200
    212c:	636020ef          	jal	ra,4762 <Delay_Us>
    2130:	301c                	lbu	a5,1(s0)
    2132:	8b85                	andi	a5,a5,1
    2134:	c3b9                	beqz	a5,217a <USBFSH_Transact+0xe8>
    2136:	4785                	li	a5,1
    2138:	a07c                	sb	a5,6(s0)
    213a:	0485                	addi	s1,s1,1
    213c:	0ff4f493          	andi	s1,s1,255
    2140:	f7349ee3          	bne	s1,s3,20bc <USBFSH_Transact+0x2a>
    2144:	02000513          	li	a0,32
    2148:	a819                	j	215e <USBFSH_Transact+0xcc>
    214a:	01790c63          	beq	s2,s7,2162 <USBFSH_Transact+0xd0>
    214e:	01990563          	beq	s2,s9,2158 <USBFSH_Transact+0xc6>
    2152:	4785                	li	a5,1
    2154:	f8f91be3          	bne	s2,a5,20ea <USBFSH_Transact+0x58>
    2158:	d171                	beqz	a0,211c <USBFSH_Transact+0x8a>
    215a:	02056513          	ori	a0,a0,32
    215e:	89efe06f          	j	1fc <__riscv_restore_12>
    2162:	8b9d                	andi	a5,a5,7
    2164:	ff879ae3          	bne	a5,s8,2158 <USBFSH_Transact+0xc6>
    2168:	bf55                	j	211c <USBFSH_Transact+0x8a>
    216a:	4501                	li	a0,0
    216c:	bfcd                	j	215e <USBFSH_Transact+0xcc>
    216e:	02e00513          	li	a0,46
    2172:	b7f5                	j	215e <USBFSH_Transact+0xcc>
    2174:	02a00513          	li	a0,42
    2178:	b7dd                	j	215e <USBFSH_Transact+0xcc>
    217a:	4555                	li	a0,21
    217c:	b7cd                	j	215e <USBFSH_Transact+0xcc>

0000217e <USBFSH_CtrlTransfer>:
    217e:	84afe2ef          	jal	t0,1c8 <__riscv_save_10>
    2182:	89aa                	mv	s3,a0
    2184:	84b2                	mv	s1,a2
    2186:	06400513          	li	a0,100
    218a:	892e                	mv	s2,a1
    218c:	5d6020ef          	jal	ra,4762 <Delay_Us>
    2190:	c099                	beqz	s1,2196 <USBFSH_CtrlTransfer+0x18>
    2192:	00049023          	sh	zero,0(s1)
    2196:	50000437          	lui	s0,0x50000
    219a:	47a1                	li	a5,8
    219c:	6a89                	lui	s5,0x2
    219e:	bc5e                	sh	a5,60(s0)
    21a0:	710a8613          	addi	a2,s5,1808 # 2710 <Send_Touch_Packet+0x7e>
    21a4:	4581                	li	a1,0
    21a6:	0d000513          	li	a0,208
    21aa:	35e5                	jal	2092 <USBFSH_Transact>
    21ac:	14051063          	bnez	a0,22ec <USBFSH_CtrlTransfer+0x16e>
    21b0:	4791                	li	a5,4
    21b2:	02f40da3          	sb	a5,59(s0) # 5000003b <_eusrstack+0x2fff803b>
    21b6:	02f40f23          	sb	a5,62(s0)
    21ba:	e6818793          	addi	a5,gp,-408 # 200006e8 <USBFS_TX_Buf>
    21be:	23e2                	lhu	s0,6(a5)
    21c0:	e6818b13          	addi	s6,gp,-408 # 200006e8 <USBFS_TX_Buf>
    21c4:	0e040663          	beqz	s0,22b0 <USBFSH_CtrlTransfer+0x132>
    21c8:	0e090463          	beqz	s2,22b0 <USBFSH_CtrlTransfer+0x132>
    21cc:	00078783          	lb	a5,0(a5)
    21d0:	0607c263          	bltz	a5,2234 <USBFSH_CtrlTransfer+0xb6>
    21d4:	8bce                	mv	s7,s3
    21d6:	09c2                	slli	s3,s3,0x10
    21d8:	0109d993          	srli	s3,s3,0x10
    21dc:	50000a37          	lui	s4,0x50000
    21e0:	710a8a93          	addi	s5,s5,1808
    21e4:	06400513          	li	a0,100
    21e8:	57a020ef          	jal	ra,4762 <Delay_Us>
    21ec:	87de                	mv	a5,s7
    21ee:	01347363          	bgeu	s0,s3,21f4 <USBFSH_CtrlTransfer+0x76>
    21f2:	87a2                	mv	a5,s0
    21f4:	02fa1e23          	sh	a5,60(s4) # 5000003c <_eusrstack+0x2fff803c>
    21f8:	4781                	li	a5,0
    21fa:	03ca5703          	lhu	a4,60(s4)
    21fe:	10e79163          	bne	a5,a4,2300 <USBFSH_CtrlTransfer+0x182>
    2202:	03ea4583          	lbu	a1,62(s4)
    2206:	8656                	mv	a2,s5
    2208:	4541                	li	a0,16
    220a:	3561                	jal	2092 <USBFSH_Transact>
    220c:	e165                	bnez	a0,22ec <USBFSH_CtrlTransfer+0x16e>
    220e:	03ea4783          	lbu	a5,62(s4)
    2212:	0047c793          	xori	a5,a5,4
    2216:	02fa0f23          	sb	a5,62(s4)
    221a:	03ca5783          	lhu	a5,60(s4)
    221e:	8c1d                	sub	s0,s0,a5
    2220:	0442                	slli	s0,s0,0x10
    2222:	8041                	srli	s0,s0,0x10
    2224:	c491                	beqz	s1,2230 <USBFSH_CtrlTransfer+0xb2>
    2226:	03ca5783          	lhu	a5,60(s4)
    222a:	209a                	lhu	a4,0(s1)
    222c:	97ba                	add	a5,a5,a4
    222e:	a09e                	sh	a5,0(s1)
    2230:	f855                	bnez	s0,21e4 <USBFSH_CtrlTransfer+0x66>
    2232:	a8bd                	j	22b0 <USBFSH_CtrlTransfer+0x132>
    2234:	50000a37          	lui	s4,0x50000
    2238:	710a8a93          	addi	s5,s5,1808
    223c:	e2818b13          	addi	s6,gp,-472 # 200006a8 <USBFS_RX_Buf>
    2240:	19fd                	addi	s3,s3,-1
    2242:	06400513          	li	a0,100
    2246:	51c020ef          	jal	ra,4762 <Delay_Us>
    224a:	03ba4583          	lbu	a1,59(s4) # 5000003b <_eusrstack+0x2fff803b>
    224e:	8656                	mv	a2,s5
    2250:	09000513          	li	a0,144
    2254:	3d3d                	jal	2092 <USBFSH_Transact>
    2256:	e959                	bnez	a0,22ec <USBFSH_CtrlTransfer+0x16e>
    2258:	03ba4783          	lbu	a5,59(s4)
    225c:	0047c793          	xori	a5,a5,4
    2260:	02fa0da3          	sb	a5,59(s4)
    2264:	008a5703          	lhu	a4,8(s4)
    2268:	87a2                	mv	a5,s0
    226a:	00877663          	bgeu	a4,s0,2276 <USBFSH_CtrlTransfer+0xf8>
    226e:	008a5783          	lhu	a5,8(s4)
    2272:	07c2                	slli	a5,a5,0x10
    2274:	83c1                	srli	a5,a5,0x10
    2276:	8c1d                	sub	s0,s0,a5
    2278:	0442                	slli	s0,s0,0x10
    227a:	8041                	srli	s0,s0,0x10
    227c:	c481                	beqz	s1,2284 <USBFSH_CtrlTransfer+0x106>
    227e:	209a                	lhu	a4,0(s1)
    2280:	973e                	add	a4,a4,a5
    2282:	a09a                	sh	a4,0(s1)
    2284:	4701                	li	a4,0
    2286:	01071693          	slli	a3,a4,0x10
    228a:	82c1                	srli	a3,a3,0x10
    228c:	06d79263          	bne	a5,a3,22f0 <USBFSH_CtrlTransfer+0x172>
    2290:	993e                	add	s2,s2,a5
    2292:	008a5783          	lhu	a5,8(s4)
    2296:	07c2                	slli	a5,a5,0x10
    2298:	83c1                	srli	a5,a5,0x10
    229a:	c799                	beqz	a5,22a8 <USBFSH_CtrlTransfer+0x12a>
    229c:	008a5783          	lhu	a5,8(s4)
    22a0:	00f9f7b3          	and	a5,s3,a5
    22a4:	e391                	bnez	a5,22a8 <USBFSH_CtrlTransfer+0x12a>
    22a6:	fc51                	bnez	s0,2242 <USBFSH_CtrlTransfer+0xc4>
    22a8:	500007b7          	lui	a5,0x50000
    22ac:	02079e23          	sh	zero,60(a5) # 5000003c <_eusrstack+0x2fff803c>
    22b0:	06400513          	li	a0,100
    22b4:	4ae020ef          	jal	ra,4762 <Delay_Us>
    22b8:	500007b7          	lui	a5,0x50000
    22bc:	3fde                	lhu	a5,60(a5)
    22be:	09000513          	li	a0,144
    22c2:	07c2                	slli	a5,a5,0x10
    22c4:	83c1                	srli	a5,a5,0x10
    22c6:	e391                	bnez	a5,22ca <USBFSH_CtrlTransfer+0x14c>
    22c8:	4541                	li	a0,16
    22ca:	6609                	lui	a2,0x2
    22cc:	71060613          	addi	a2,a2,1808 # 2710 <Send_Touch_Packet+0x7e>
    22d0:	4591                	li	a1,4
    22d2:	33c1                	jal	2092 <USBFSH_Transact>
    22d4:	ed01                	bnez	a0,22ec <USBFSH_CtrlTransfer+0x16e>
    22d6:	50000737          	lui	a4,0x50000
    22da:	3f5e                	lhu	a5,60(a4)
    22dc:	07c2                	slli	a5,a5,0x10
    22de:	83c1                	srli	a5,a5,0x10
    22e0:	c791                	beqz	a5,22ec <USBFSH_CtrlTransfer+0x16e>
    22e2:	271e                	lhu	a5,8(a4)
    22e4:	07c2                	slli	a5,a5,0x10
    22e6:	83c1                	srli	a5,a5,0x10
    22e8:	c391                	beqz	a5,22ec <USBFSH_CtrlTransfer+0x16e>
    22ea:	455d                	li	a0,23
    22ec:	f15fd06f          	j	200 <__riscv_restore_10>
    22f0:	00eb06b3          	add	a3,s6,a4
    22f4:	2290                	lbu	a2,0(a3)
    22f6:	00e906b3          	add	a3,s2,a4
    22fa:	0705                	addi	a4,a4,1
    22fc:	a290                	sb	a2,0(a3)
    22fe:	b761                	j	2286 <USBFSH_CtrlTransfer+0x108>
    2300:	00094683          	lbu	a3,0(s2)
    2304:	00fb0733          	add	a4,s6,a5
    2308:	0785                	addi	a5,a5,1
    230a:	07c2                	slli	a5,a5,0x10
    230c:	a314                	sb	a3,0(a4)
    230e:	0905                	addi	s2,s2,1
    2310:	83c1                	srli	a5,a5,0x10
    2312:	b5e5                	j	21fa <USBFSH_CtrlTransfer+0x7c>

00002314 <USBFSH_GetDeviceDescr>:
    2314:	eddfd2ef          	jal	t0,1f0 <__riscv_save_0>
    2318:	82818413          	addi	s0,gp,-2008 # 200000a8 <SetupGetDevDesc>
    231c:	47a1                	li	a5,8
    231e:	4018                	lw	a4,0(s0)
    2320:	a11c                	sb	a5,0(a0)
    2322:	e6818793          	addi	a5,gp,-408 # 200006e8 <USBFS_TX_Buf>
    2326:	c398                	sw	a4,0(a5)
    2328:	4058                	lw	a4,4(s0)
    232a:	84aa                	mv	s1,a0
    232c:	1141                	addi	sp,sp,-16
    232e:	c3d8                	sw	a4,4(a5)
    2330:	2108                	lbu	a0,0(a0)
    2332:	00e10613          	addi	a2,sp,14
    2336:	892e                	mv	s2,a1
    2338:	3599                	jal	217e <USBFSH_CtrlTransfer>
    233a:	e909                	bnez	a0,234c <USBFSH_GetDeviceDescr+0x38>
    233c:	00794783          	lbu	a5,7(s2)
    2340:	207a                	lhu	a4,6(s0)
    2342:	a09c                	sb	a5,0(s1)
    2344:	873c                	lhu	a5,14(sp)
    2346:	00e7f363          	bgeu	a5,a4,234c <USBFSH_GetDeviceDescr+0x38>
    234a:	455d                	li	a0,23
    234c:	0141                	addi	sp,sp,16
    234e:	ec7fd06f          	j	214 <__riscv_restore_0>

00002352 <USBFSH_GetConfigDescr>:
    2352:	e85fd2ef          	jal	t0,1d6 <__riscv_save_4>
    2356:	82018713          	addi	a4,gp,-2016 # 200000a0 <SetupGetCfgDesc>
    235a:	89b2                	mv	s3,a2
    235c:	4310                	lw	a2,0(a4)
    235e:	4358                	lw	a4,4(a4)
    2360:	e6818793          	addi	a5,gp,-408 # 200006e8 <USBFS_TX_Buf>
    2364:	1141                	addi	sp,sp,-16
    2366:	c390                	sw	a2,0(a5)
    2368:	c3d8                	sw	a4,4(a5)
    236a:	8636                	mv	a2,a3
    236c:	8a2a                	mv	s4,a0
    236e:	892e                	mv	s2,a1
    2370:	c636                	sw	a3,12(sp)
    2372:	3531                	jal	217e <USBFSH_CtrlTransfer>
    2374:	e129                	bnez	a0,23b6 <USBFSH_GetConfigDescr+0x64>
    2376:	46b2                	lw	a3,12(sp)
    2378:	82018713          	addi	a4,gp,-2016 # 200000a0 <SetupGetCfgDesc>
    237c:	2372                	lhu	a2,6(a4)
    237e:	228e                	lhu	a1,0(a3)
    2380:	455d                	li	a0,23
    2382:	02c5ea63          	bltu	a1,a2,23b6 <USBFSH_GetConfigDescr+0x64>
    2386:	00394603          	lbu	a2,3(s2)
    238a:	00294583          	lbu	a1,2(s2)
    238e:	e6818793          	addi	a5,gp,-408 # 200006e8 <USBFS_TX_Buf>
    2392:	0622                	slli	a2,a2,0x8
    2394:	8e4d                	or	a2,a2,a1
    2396:	85b2                	mv	a1,a2
    2398:	00c9f363          	bgeu	s3,a2,239e <USBFSH_GetConfigDescr+0x4c>
    239c:	85ce                	mv	a1,s3
    239e:	4310                	lw	a2,0(a4)
    23a0:	4358                	lw	a4,4(a4)
    23a2:	a28e                	sh	a1,0(a3)
    23a4:	c390                	sw	a2,0(a5)
    23a6:	c3d8                	sw	a4,4(a5)
    23a8:	229a                	lhu	a4,0(a3)
    23aa:	8636                	mv	a2,a3
    23ac:	85ca                	mv	a1,s2
    23ae:	a3fa                	sh	a4,6(a5)
    23b0:	8552                	mv	a0,s4
    23b2:	dcdff0ef          	jal	ra,217e <USBFSH_CtrlTransfer>
    23b6:	0141                	addi	sp,sp,16
    23b8:	e53fd06f          	j	20a <__riscv_restore_4>

000023bc <USBFSH_GetStrDescr>:
    23bc:	e1bfd2ef          	jal	t0,1d6 <__riscv_save_4>
    23c0:	83018793          	addi	a5,gp,-2000 # 200000b0 <SetupGetStrDesc>
    23c4:	0007aa03          	lw	s4,0(a5) # 50000000 <_eusrstack+0x2fff8000>
    23c8:	0047a983          	lw	s3,4(a5)
    23cc:	e6818413          	addi	s0,gp,-408 # 200006e8 <USBFS_TX_Buf>
    23d0:	1141                	addi	sp,sp,-16
    23d2:	84b2                	mv	s1,a2
    23d4:	3005e913          	ori	s2,a1,768
    23d8:	01442023          	sw	s4,0(s0)
    23dc:	00e10613          	addi	a2,sp,14
    23e0:	85a6                	mv	a1,s1
    23e2:	8aaa                	mv	s5,a0
    23e4:	01342223          	sw	s3,4(s0)
    23e8:	01241123          	sh	s2,2(s0)
    23ec:	d93ff0ef          	jal	ra,217e <USBFSH_CtrlTransfer>
    23f0:	e105                	bnez	a0,2410 <USBFSH_GetStrDescr+0x54>
    23f2:	209c                	lbu	a5,0(s1)
    23f4:	00e10613          	addi	a2,sp,14
    23f8:	01442023          	sw	s4,0(s0)
    23fc:	01342223          	sw	s3,4(s0)
    2400:	85a6                	mv	a1,s1
    2402:	8556                	mv	a0,s5
    2404:	877c                	sh	a5,14(sp)
    2406:	01241123          	sh	s2,2(s0)
    240a:	a07e                	sh	a5,6(s0)
    240c:	d73ff0ef          	jal	ra,217e <USBFSH_CtrlTransfer>
    2410:	0141                	addi	sp,sp,16
    2412:	df9fd06f          	j	20a <__riscv_restore_4>

00002416 <USBFSH_SetUsbAddress>:
    2416:	ddbfd2ef          	jal	t0,1f0 <__riscv_save_0>
    241a:	83818713          	addi	a4,gp,-1992 # 200000b8 <SetupSetAddr>
    241e:	4314                	lw	a3,0(a4)
    2420:	4358                	lw	a4,4(a4)
    2422:	e6818793          	addi	a5,gp,-408 # 200006e8 <USBFS_TX_Buf>
    2426:	c394                	sw	a3,0(a5)
    2428:	a3ae                	sh	a1,2(a5)
    242a:	84ae                	mv	s1,a1
    242c:	c3d8                	sw	a4,4(a5)
    242e:	4601                	li	a2,0
    2430:	4581                	li	a1,0
    2432:	d4dff0ef          	jal	ra,217e <USBFSH_CtrlTransfer>
    2436:	842a                	mv	s0,a0
    2438:	e519                	bnez	a0,2446 <USBFSH_SetUsbAddress+0x30>
    243a:	8526                	mv	a0,s1
    243c:	b89ff0ef          	jal	ra,1fc4 <USBFSH_SetSelfAddr>
    2440:	4515                	li	a0,5
    2442:	356020ef          	jal	ra,4798 <Delay_Ms>
    2446:	8522                	mv	a0,s0
    2448:	dcdfd06f          	j	214 <__riscv_restore_0>

0000244c <USBFSH_SetUsbConfig>:
    244c:	da5fd2ef          	jal	t0,1f0 <__riscv_save_0>
    2450:	84018713          	addi	a4,gp,-1984 # 200000c0 <SetupSetConfig>
    2454:	4314                	lw	a3,0(a4)
    2456:	4358                	lw	a4,4(a4)
    2458:	e6818793          	addi	a5,gp,-408 # 200006e8 <USBFS_TX_Buf>
    245c:	c394                	sw	a3,0(a5)
    245e:	a3ae                	sh	a1,2(a5)
    2460:	c3d8                	sw	a4,4(a5)
    2462:	4601                	li	a2,0
    2464:	4581                	li	a1,0
    2466:	d19ff0ef          	jal	ra,217e <USBFSH_CtrlTransfer>
    246a:	dabfd06f          	j	214 <__riscv_restore_0>

0000246e <USBFSH_ClearEndpStall>:
    246e:	d83fd2ef          	jal	t0,1f0 <__riscv_save_0>
    2472:	81818713          	addi	a4,gp,-2024 # 20000098 <SetupClearEndpStall>
    2476:	4314                	lw	a3,0(a4)
    2478:	4358                	lw	a4,4(a4)
    247a:	e6818793          	addi	a5,gp,-408 # 200006e8 <USBFS_TX_Buf>
    247e:	c3d8                	sw	a4,4(a5)
    2480:	a3ce                	sh	a1,4(a5)
    2482:	c394                	sw	a3,0(a5)
    2484:	4601                	li	a2,0
    2486:	4581                	li	a1,0
    2488:	cf7ff0ef          	jal	ra,217e <USBFSH_CtrlTransfer>
    248c:	d89fd06f          	j	214 <__riscv_restore_0>

00002490 <USBFSH_GetEndpData>:
    2490:	d61fd2ef          	jal	t0,1f0 <__riscv_save_0>
    2494:	842e                	mv	s0,a1
    2496:	218c                	lbu	a1,0(a1)
    2498:	1141                	addi	sp,sp,-16
    249a:	8932                	mv	s2,a2
    249c:	09056513          	ori	a0,a0,144
    24a0:	4601                	li	a2,0
    24a2:	c636                	sw	a3,12(sp)
    24a4:	befff0ef          	jal	ra,2092 <USBFSH_Transact>
    24a8:	84aa                	mv	s1,a0
    24aa:	46b2                	lw	a3,12(sp)
    24ac:	e105                	bnez	a0,24cc <USBFSH_GetEndpData+0x3c>
    24ae:	500007b7          	lui	a5,0x50000
    24b2:	2792                	lhu	a2,8(a5)
    24b4:	e2818593          	addi	a1,gp,-472 # 200006a8 <USBFS_RX_Buf>
    24b8:	0642                	slli	a2,a2,0x10
    24ba:	8241                	srli	a2,a2,0x10
    24bc:	a292                	sh	a2,0(a3)
    24be:	854a                	mv	a0,s2
    24c0:	3e4020ef          	jal	ra,48a4 <memcpy>
    24c4:	201c                	lbu	a5,0(s0)
    24c6:	0047c793          	xori	a5,a5,4
    24ca:	a01c                	sb	a5,0(s0)
    24cc:	8526                	mv	a0,s1
    24ce:	0141                	addi	sp,sp,16
    24d0:	d45fd06f          	j	214 <__riscv_restore_0>

000024d4 <USBFSH_SendEndpData>:
    24d4:	d1dfd2ef          	jal	t0,1f0 <__riscv_save_0>
    24d8:	84aa                	mv	s1,a0
    24da:	1141                	addi	sp,sp,-16
    24dc:	842e                	mv	s0,a1
    24de:	e6818513          	addi	a0,gp,-408 # 200006e8 <USBFS_TX_Buf>
    24e2:	85b2                	mv	a1,a2
    24e4:	8636                	mv	a2,a3
    24e6:	c636                	sw	a3,12(sp)
    24e8:	3bc020ef          	jal	ra,48a4 <memcpy>
    24ec:	46b2                	lw	a3,12(sp)
    24ee:	500007b7          	lui	a5,0x50000
    24f2:	4601                	li	a2,0
    24f4:	bfd6                	sh	a3,60(a5)
    24f6:	200c                	lbu	a1,0(s0)
    24f8:	0104e513          	ori	a0,s1,16
    24fc:	b97ff0ef          	jal	ra,2092 <USBFSH_Transact>
    2500:	e509                	bnez	a0,250a <USBFSH_SendEndpData+0x36>
    2502:	201c                	lbu	a5,0(s0)
    2504:	0047c793          	xori	a5,a5,4
    2508:	a01c                	sb	a5,0(s0)
    250a:	0141                	addi	sp,sp,16
    250c:	d09fd06f          	j	214 <__riscv_restore_0>

00002510 <HID_GetHidDesr>:
    2510:	e90d                	bnez	a0,2542 <HID_GetHidDesr+0x32>
    2512:	cdffd2ef          	jal	t0,1f0 <__riscv_save_0>
    2516:	84818813          	addi	a6,gp,-1976 # 200000c8 <SetupGetHidDes>
    251a:	87ae                	mv	a5,a1
    251c:	85b6                	mv	a1,a3
    251e:	00082683          	lw	a3,0(a6)
    2522:	853e                	mv	a0,a5
    2524:	e6d1a423          	sw	a3,-408(gp) # 200006e8 <USBFS_TX_Buf>
    2528:	00482683          	lw	a3,4(a6)
    252c:	e6818793          	addi	a5,gp,-408 # 200006e8 <USBFS_TX_Buf>
    2530:	c3d4                	sw	a3,4(a5)
    2532:	a3d2                	sh	a2,4(a5)
    2534:	2316                	lhu	a3,0(a4)
    2536:	863a                	mv	a2,a4
    2538:	a3f6                	sh	a3,6(a5)
    253a:	c45ff0ef          	jal	ra,217e <USBFSH_CtrlTransfer>
    253e:	cd7fd06f          	j	214 <__riscv_restore_0>
    2542:	0fb00513          	li	a0,251
    2546:	8082                	ret

00002548 <HID_SetReport>:
    2548:	e51d                	bnez	a0,2576 <HID_SetReport+0x2e>
    254a:	ca7fd2ef          	jal	t0,1f0 <__riscv_save_0>
    254e:	85018813          	addi	a6,gp,-1968 # 200000d0 <SetupSetReport>
    2552:	87ae                	mv	a5,a1
    2554:	85b6                	mv	a1,a3
    2556:	00082683          	lw	a3,0(a6)
    255a:	853e                	mv	a0,a5
    255c:	e6d1a423          	sw	a3,-408(gp) # 200006e8 <USBFS_TX_Buf>
    2560:	00482683          	lw	a3,4(a6)
    2564:	e6818793          	addi	a5,gp,-408 # 200006e8 <USBFS_TX_Buf>
    2568:	c3d4                	sw	a3,4(a5)
    256a:	a3d2                	sh	a2,4(a5)
    256c:	863a                	mv	a2,a4
    256e:	c11ff0ef          	jal	ra,217e <USBFSH_CtrlTransfer>
    2572:	ca3fd06f          	j	214 <__riscv_restore_0>
    2576:	0fb00513          	li	a0,251
    257a:	8082                	ret

0000257c <HID_SetIdle>:
    257c:	e90d                	bnez	a0,25ae <HID_SetIdle+0x32>
    257e:	c73fd2ef          	jal	t0,1f0 <__riscv_save_0>
    2582:	85818813          	addi	a6,gp,-1960 # 200000d8 <SetupSetidle>
    2586:	852e                	mv	a0,a1
    2588:	00082583          	lw	a1,0(a6)
    258c:	06a2                	slli	a3,a3,0x8
    258e:	e6b1a423          	sw	a1,-408(gp) # 200006e8 <USBFS_TX_Buf>
    2592:	00482583          	lw	a1,4(a6)
    2596:	e6818793          	addi	a5,gp,-408 # 200006e8 <USBFS_TX_Buf>
    259a:	8ed9                	or	a3,a3,a4
    259c:	c3cc                	sw	a1,4(a5)
    259e:	a3d2                	sh	a2,4(a5)
    25a0:	a3b6                	sh	a3,2(a5)
    25a2:	4601                	li	a2,0
    25a4:	4581                	li	a1,0
    25a6:	bd9ff0ef          	jal	ra,217e <USBFSH_CtrlTransfer>
    25aa:	c6bfd06f          	j	214 <__riscv_restore_0>
    25ae:	0fb00513          	li	a0,251
    25b2:	8082                	ret

000025b4 <HUB_GetPortStatus>:
    25b4:	e905                	bnez	a0,25e4 <HUB_GetPortStatus+0x30>
    25b6:	c3bfd2ef          	jal	t0,1f0 <__riscv_save_0>
    25ba:	87018713          	addi	a4,gp,-1936 # 200000f0 <GetPortStatus>
    25be:	87ae                	mv	a5,a1
    25c0:	85b6                	mv	a1,a3
    25c2:	4314                	lw	a3,0(a4)
    25c4:	4358                	lw	a4,4(a4)
    25c6:	853e                	mv	a0,a5
    25c8:	e6d1a423          	sw	a3,-408(gp) # 200006e8 <USBFS_TX_Buf>
    25cc:	e6818793          	addi	a5,gp,-408 # 200006e8 <USBFS_TX_Buf>
    25d0:	1141                	addi	sp,sp,-16
    25d2:	c3d8                	sw	a4,4(a5)
    25d4:	a3d2                	sh	a2,4(a5)
    25d6:	00e10613          	addi	a2,sp,14
    25da:	ba5ff0ef          	jal	ra,217e <USBFSH_CtrlTransfer>
    25de:	0141                	addi	sp,sp,16
    25e0:	c35fd06f          	j	214 <__riscv_restore_0>
    25e4:	0fb00513          	li	a0,251
    25e8:	8082                	ret

000025ea <HUB_ClearPortFeature>:
    25ea:	e50d                	bnez	a0,2614 <HUB_ClearPortFeature+0x2a>
    25ec:	c05fd2ef          	jal	t0,1f0 <__riscv_save_0>
    25f0:	86018713          	addi	a4,gp,-1952 # 200000e0 <ClearPortFeature>
    25f4:	852e                	mv	a0,a1
    25f6:	430c                	lw	a1,0(a4)
    25f8:	4358                	lw	a4,4(a4)
    25fa:	e6b1a423          	sw	a1,-408(gp) # 200006e8 <USBFS_TX_Buf>
    25fe:	e6818793          	addi	a5,gp,-408 # 200006e8 <USBFS_TX_Buf>
    2602:	c3d8                	sw	a4,4(a5)
    2604:	a3d2                	sh	a2,4(a5)
    2606:	a3b6                	sh	a3,2(a5)
    2608:	4601                	li	a2,0
    260a:	4581                	li	a1,0
    260c:	b73ff0ef          	jal	ra,217e <USBFSH_CtrlTransfer>
    2610:	c05fd06f          	j	214 <__riscv_restore_0>
    2614:	0fb00513          	li	a0,251
    2618:	8082                	ret

0000261a <HUB_SetPortFeature>:
    261a:	e50d                	bnez	a0,2644 <HUB_SetPortFeature+0x2a>
    261c:	bd5fd2ef          	jal	t0,1f0 <__riscv_save_0>
    2620:	87818713          	addi	a4,gp,-1928 # 200000f8 <SetPortFeature>
    2624:	852e                	mv	a0,a1
    2626:	430c                	lw	a1,0(a4)
    2628:	4358                	lw	a4,4(a4)
    262a:	e6b1a423          	sw	a1,-408(gp) # 200006e8 <USBFS_TX_Buf>
    262e:	e6818793          	addi	a5,gp,-408 # 200006e8 <USBFS_TX_Buf>
    2632:	c3d8                	sw	a4,4(a5)
    2634:	a3d2                	sh	a2,4(a5)
    2636:	a3b6                	sh	a3,2(a5)
    2638:	4601                	li	a2,0
    263a:	4581                	li	a1,0
    263c:	b43ff0ef          	jal	ra,217e <USBFSH_CtrlTransfer>
    2640:	bd5fd06f          	j	214 <__riscv_restore_0>
    2644:	0fb00513          	li	a0,251
    2648:	8082                	ret

0000264a <HUB_GetClassDevDescr>:
    264a:	e129                	bnez	a0,268c <HUB_GetClassDevDescr+0x42>
    264c:	b8bfd2ef          	jal	t0,1d6 <__riscv_save_4>
    2650:	86818793          	addi	a5,gp,-1944 # 200000e8 <GetHubDescr>
    2654:	4398                	lw	a4,0(a5)
    2656:	43dc                	lw	a5,4(a5)
    2658:	8432                	mv	s0,a2
    265a:	89ae                	mv	s3,a1
    265c:	e6e1a423          	sw	a4,-408(gp) # 200006e8 <USBFS_TX_Buf>
    2660:	8636                	mv	a2,a3
    2662:	e6818913          	addi	s2,gp,-408 # 200006e8 <USBFS_TX_Buf>
    2666:	85a2                	mv	a1,s0
    2668:	854e                	mv	a0,s3
    266a:	84b6                	mv	s1,a3
    266c:	00f92223          	sw	a5,4(s2)
    2670:	b0fff0ef          	jal	ra,217e <USBFSH_CtrlTransfer>
    2674:	e911                	bnez	a0,2688 <HUB_GetClassDevDescr+0x3e>
    2676:	201c                	lbu	a5,0(s0)
    2678:	8626                	mv	a2,s1
    267a:	85a2                	mv	a1,s0
    267c:	a09e                	sh	a5,0(s1)
    267e:	854e                	mv	a0,s3
    2680:	00f91323          	sh	a5,6(s2)
    2684:	afbff0ef          	jal	ra,217e <USBFSH_CtrlTransfer>
    2688:	b83fd06f          	j	20a <__riscv_restore_4>
    268c:	0fb00513          	li	a0,251
    2690:	8082                	ret

00002692 <Send_Touch_Packet>:
    2692:	b5ffd2ef          	jal	t0,1f0 <__riscv_save_0>
    2696:	1101                	addi	sp,sp,-32
    2698:	f9900713          	li	a4,-103
    269c:	00865813          	srli	a6,a2,0x8
    26a0:	00e10c23          	sb	a4,24(sp)
    26a4:	0ff5f713          	andi	a4,a1,255
    26a8:	0ff67893          	andi	a7,a2,255
    26ac:	87b2                	mv	a5,a2
    26ae:	00c10e23          	sb	a2,28(sp)
    26b2:	00f77513          	andi	a0,a4,15
    26b6:	00f87613          	andi	a2,a6,15
    26ba:	0085d693          	srli	a3,a1,0x8
    26be:	9532                	add	a0,a0,a2
    26c0:	00f8f613          	andi	a2,a7,15
    26c4:	9532                	add	a0,a0,a2
    26c6:	00f6f613          	andi	a2,a3,15
    26ca:	9532                	add	a0,a0,a2
    26cc:	89018613          	addi	a2,gp,-1904 # 20000110 <tx_count.5798>
    26d0:	00062303          	lw	t1,0(a2)
    26d4:	8e2e                	mv	t3,a1
    26d6:	00b10d23          	sb	a1,26(sp)
    26da:	00130593          	addi	a1,t1,1
    26de:	c20c                	sw	a1,0(a2)
    26e0:	00d10ca3          	sb	a3,25(sp)
    26e4:	01010da3          	sb	a6,27(sp)
    26e8:	00a10ea3          	sb	a0,29(sp)
    26ec:	4629                	li	a2,10
    26ee:	89018413          	addi	s0,gp,-1904 # 20000110 <tx_count.5798>
    26f2:	00b66f63          	bltu	a2,a1,2710 <Send_Touch_Packet+0x7e>
    26f6:	40005637          	lui	a2,0x40005
    26fa:	80065603          	lhu	a2,-2048(a2) # 40004800 <_eusrstack+0x1fffc800>
    26fe:	c02a                	sw	a0,0(sp)
    2700:	00006537          	lui	a0,0x6
    2704:	c232                	sw	a2,4(sp)
    2706:	09850513          	addi	a0,a0,152 # 6098 <_read+0x55e>
    270a:	8672                	mv	a2,t3
    270c:	24a020ef          	jal	ra,4956 <iprintf>
    2710:	67e1                	lui	a5,0x18
    2712:	6a078793          	addi	a5,a5,1696 # 186a0 <_data_lma+0x11a20>
    2716:	4581                	li	a1,0
    2718:	40005537          	lui	a0,0x40005
    271c:	4819                	li	a6,6
    271e:	873e                	mv	a4,a5
    2720:	80055683          	lhu	a3,-2048(a0) # 40004800 <_eusrstack+0x1fffc800>
    2724:	80050613          	addi	a2,a0,-2048
    2728:	0806f693          	andi	a3,a3,128
    272c:	ce8d                	beqz	a3,2766 <Send_Touch_Packet+0xd4>
    272e:	083c                	addi	a5,sp,24
    2730:	97ae                	add	a5,a5,a1
    2732:	239c                	lbu	a5,0(a5)
    2734:	0585                	addi	a1,a1,1
    2736:	a25e                	sh	a5,4(a2)
    2738:	87ba                	mv	a5,a4
    273a:	ff0593e3          	bne	a1,a6,2720 <Send_Touch_Packet+0x8e>
    273e:	400056b7          	lui	a3,0x40005
    2742:	8006d703          	lhu	a4,-2048(a3) # 40004800 <_eusrstack+0x1fffc800>
    2746:	04077713          	andi	a4,a4,64
    274a:	e319                	bnez	a4,2750 <Send_Touch_Packet+0xbe>
    274c:	17fd                	addi	a5,a5,-1
    274e:	fbf5                	bnez	a5,2742 <Send_Touch_Packet+0xb0>
    2750:	400c                	lw	a1,0(s0)
    2752:	47a9                	li	a5,10
    2754:	02b7e263          	bltu	a5,a1,2778 <Send_Touch_Packet+0xe6>
    2758:	00006537          	lui	a0,0x6
    275c:	11050513          	addi	a0,a0,272 # 6110 <_read+0x5d6>
    2760:	1f6020ef          	jal	ra,4956 <iprintf>
    2764:	a811                	j	2778 <Send_Touch_Packet+0xe6>
    2766:	17fd                	addi	a5,a5,-1
    2768:	ffc5                	bnez	a5,2720 <Send_Touch_Packet+0x8e>
    276a:	2212                	lhu	a2,0(a2)
    276c:	00006537          	lui	a0,0x6
    2770:	0e850513          	addi	a0,a0,232 # 60e8 <_read+0x5ae>
    2774:	1e2020ef          	jal	ra,4956 <iprintf>
    2778:	6105                	addi	sp,sp,32
    277a:	a9bfd06f          	j	214 <__riscv_restore_0>

0000277e <Parse_Touch_Report>:
    277e:	a59fd2ef          	jal	t0,1d6 <__riscv_save_4>
    2782:	88818713          	addi	a4,gp,-1912 # 20000108 <_edata>
    2786:	842e                	mv	s0,a1
    2788:	430c                	lw	a1,0(a4)
    278a:	84aa                	mv	s1,a0
    278c:	88818993          	addi	s3,gp,-1912 # 20000108 <_edata>
    2790:	0585                	addi	a1,a1,1
    2792:	c30c                	sw	a1,0(a4)
    2794:	06400713          	li	a4,100
    2798:	02b76c63          	bltu	a4,a1,27d0 <Parse_Touch_Report+0x52>
    279c:	00006537          	lui	a0,0x6
    27a0:	8622                	mv	a2,s0
    27a2:	f3450513          	addi	a0,a0,-204 # 5f34 <_read+0x3fa>
    27a6:	1b0020ef          	jal	ra,4956 <iprintf>
    27aa:	4901                	li	s2,0
    27ac:	8aa2                	mv	s5,s0
    27ae:	4a41                	li	s4,16
    27b0:	00006b37          	lui	s6,0x6
    27b4:	87d6                	mv	a5,s5
    27b6:	008a7363          	bgeu	s4,s0,27bc <Parse_Touch_Report+0x3e>
    27ba:	47c1                	li	a5,16
    27bc:	07c2                	slli	a5,a5,0x10
    27be:	83c1                	srli	a5,a5,0x10
    27c0:	02f94863          	blt	s2,a5,27f0 <Parse_Touch_Report+0x72>
    27c4:	00006537          	lui	a0,0x6
    27c8:	d1450513          	addi	a0,a0,-748 # 5d14 <_read+0x1da>
    27cc:	29e020ef          	jal	ra,4a6a <puts>
    27d0:	4785                	li	a5,1
    27d2:	0287e863          	bltu	a5,s0,2802 <Parse_Touch_Report+0x84>
    27d6:	0009a703          	lw	a4,0(s3)
    27da:	4795                	li	a5,5
    27dc:	06e7e363          	bltu	a5,a4,2842 <Parse_Touch_Report+0xc4>
    27e0:	00006537          	lui	a0,0x6
    27e4:	85a2                	mv	a1,s0
    27e6:	f5c50513          	addi	a0,a0,-164 # 5f5c <_read+0x422>
    27ea:	16c020ef          	jal	ra,4956 <iprintf>
    27ee:	a891                	j	2842 <Parse_Touch_Report+0xc4>
    27f0:	012487b3          	add	a5,s1,s2
    27f4:	238c                	lbu	a1,0(a5)
    27f6:	f54b0513          	addi	a0,s6,-172 # 5f54 <_read+0x41a>
    27fa:	0905                	addi	s2,s2,1
    27fc:	15a020ef          	jal	ra,4956 <iprintf>
    2800:	bf55                	j	27b4 <Parse_Touch_Report+0x36>
    2802:	9426                	add	s0,s0,s1
    2804:	fff44783          	lbu	a5,-1(s0)
    2808:	ef9d                	bnez	a5,2846 <Parse_Touch_Report+0xc8>
    280a:	20000937          	lui	s2,0x20000
    280e:	08090913          	addi	s2,s2,128 # 20000080 <last_tip>
    2812:	00094783          	lbu	a5,0(s2)
    2816:	c795                	beqz	a5,2842 <Parse_Touch_Report+0xc4>
    2818:	20000437          	lui	s0,0x20000
    281c:	80418493          	addi	s1,gp,-2044 # 20000084 <last_y>
    2820:	08240413          	addi	s0,s0,130 # 20000082 <last_x>
    2824:	2092                	lhu	a2,0(s1)
    2826:	200e                	lhu	a1,0(s0)
    2828:	4501                	li	a0,0
    282a:	e69ff0ef          	jal	ra,2692 <Send_Touch_Packet>
    282e:	2092                	lhu	a2,0(s1)
    2830:	200e                	lhu	a1,0(s0)
    2832:	00006537          	lui	a0,0x6
    2836:	f8450513          	addi	a0,a0,-124 # 5f84 <_read+0x44a>
    283a:	00090023          	sb	zero,0(s2)
    283e:	118020ef          	jal	ra,4956 <iprintf>
    2842:	9c9fd06f          	j	20a <__riscv_restore_4>
    2846:	4629                	li	a2,10
    2848:	00f67863          	bgeu	a2,a5,2858 <Parse_Touch_Report+0xda>
    284c:	00006537          	lui	a0,0x6
    2850:	85be                	mv	a1,a5
    2852:	fb450513          	addi	a0,a0,-76 # 5fb4 <_read+0x47a>
    2856:	bf51                	j	27ea <Parse_Touch_Report+0x6c>
    2858:	0034c903          	lbu	s2,3(s1)
    285c:	20b8                	lbu	a4,2(s1)
    285e:	30c0                	lbu	s0,5(s1)
    2860:	0922                	slli	s2,s2,0x8
    2862:	00e96933          	or	s2,s2,a4
    2866:	20d8                	lbu	a4,4(s1)
    2868:	88c18513          	addi	a0,gp,-1908 # 2000010c <g_touch_event_count>
    286c:	0422                	slli	s0,s0,0x8
    286e:	8c59                	or	s0,s0,a4
    2870:	4118                	lw	a4,0(a0)
    2872:	0014c983          	lbu	s3,1(s1)
    2876:	88c18493          	addi	s1,gp,-1908 # 2000010c <g_touch_event_count>
    287a:	00170593          	addi	a1,a4,1 # 50000001 <_eusrstack+0x2fff8001>
    287e:	4069d993          	srai	s3,s3,0x6
    2882:	c10c                	sw	a1,0(a0)
    2884:	0019f993          	andi	s3,s3,1
    2888:	00b66b63          	bltu	a2,a1,289e <Parse_Touch_Report+0x120>
    288c:	00006537          	lui	a0,0x6
    2890:	8722                	mv	a4,s0
    2892:	86ca                	mv	a3,s2
    2894:	864e                	mv	a2,s3
    2896:	fd850513          	addi	a0,a0,-40 # 5fd8 <_read+0x49e>
    289a:	0bc020ef          	jal	ra,4956 <iprintf>
    289e:	200007b7          	lui	a5,0x20000
    28a2:	0807c583          	lbu	a1,128(a5) # 20000080 <last_tip>
    28a6:	4094                	lw	a3,0(s1)
    28a8:	08078493          	addi	s1,a5,128
    28ac:	03358a63          	beq	a1,s3,28e0 <Parse_Touch_Report+0x162>
    28b0:	47a9                	li	a5,10
    28b2:	00d7e963          	bltu	a5,a3,28c4 <Parse_Touch_Report+0x146>
    28b6:	00006537          	lui	a0,0x6
    28ba:	864e                	mv	a2,s3
    28bc:	00450513          	addi	a0,a0,4 # 6004 <_read+0x4ca>
    28c0:	096020ef          	jal	ra,4956 <iprintf>
    28c4:	8622                	mv	a2,s0
    28c6:	85ca                	mv	a1,s2
    28c8:	854e                	mv	a0,s3
    28ca:	dc9ff0ef          	jal	ra,2692 <Send_Touch_Packet>
    28ce:	200007b7          	lui	a5,0x20000
    28d2:	09279123          	sh	s2,130(a5) # 20000082 <last_x>
    28d6:	01348023          	sb	s3,0(s1)
    28da:	80819223          	sh	s0,-2044(gp) # 20000084 <last_y>
    28de:	b795                	j	2842 <Parse_Touch_Report+0xc4>
    28e0:	04098e63          	beqz	s3,293c <Parse_Touch_Report+0x1be>
    28e4:	200007b7          	lui	a5,0x20000
    28e8:	0827d583          	lhu	a1,130(a5) # 20000082 <last_x>
    28ec:	8041d603          	lhu	a2,-2044(gp) # 20000084 <last_y>
    28f0:	40b90733          	sub	a4,s2,a1
    28f4:	0742                	slli	a4,a4,0x10
    28f6:	40c407b3          	sub	a5,s0,a2
    28fa:	07c2                	slli	a5,a5,0x10
    28fc:	8741                	srai	a4,a4,0x10
    28fe:	87c1                	srai	a5,a5,0x10
    2900:	00075663          	bgez	a4,290c <Parse_Touch_Report+0x18e>
    2904:	41258733          	sub	a4,a1,s2
    2908:	0742                	slli	a4,a4,0x10
    290a:	8741                	srai	a4,a4,0x10
    290c:	0007d663          	bgez	a5,2918 <Parse_Touch_Report+0x19a>
    2910:	408607b3          	sub	a5,a2,s0
    2914:	07c2                	slli	a5,a5,0x10
    2916:	87c1                	srai	a5,a5,0x10
    2918:	02800513          	li	a0,40
    291c:	00e54463          	blt	a0,a4,2924 <Parse_Touch_Report+0x1a6>
    2920:	00f55e63          	bge	a0,a5,293c <Parse_Touch_Report+0x1be>
    2924:	47a9                	li	a5,10
    2926:	f8d7efe3          	bltu	a5,a3,28c4 <Parse_Touch_Report+0x146>
    292a:	00006537          	lui	a0,0x6
    292e:	8722                	mv	a4,s0
    2930:	86ca                	mv	a3,s2
    2932:	03050513          	addi	a0,a0,48 # 6030 <_read+0x4f6>
    2936:	020020ef          	jal	ra,4956 <iprintf>
    293a:	b769                	j	28c4 <Parse_Touch_Report+0x146>
    293c:	47a9                	li	a5,10
    293e:	f0d7e2e3          	bltu	a5,a3,2842 <Parse_Touch_Report+0xc4>
    2942:	00006537          	lui	a0,0x6
    2946:	86a2                	mv	a3,s0
    2948:	864a                	mv	a2,s2
    294a:	85ce                	mv	a1,s3
    294c:	06850513          	addi	a0,a0,104 # 6068 <_read+0x52e>
    2950:	006020ef          	jal	ra,4956 <iprintf>
    2954:	b5fd                	j	2842 <Parse_Touch_Report+0xc4>

00002956 <Clock_Init>:
    2956:	89bfd2ef          	jal	t0,1f0 <__riscv_save_0>
    295a:	6505                	lui	a0,0x1
    295c:	1101                	addi	sp,sp,-32
    295e:	4585                	li	a1,1
    2960:	80050513          	addi	a0,a0,-2048 # 800 <__stack_size>
    2964:	327010ef          	jal	ra,448a <RCC_APB2PeriphClockCmd>
    2968:	40013437          	lui	s0,0x40013
    296c:	04700793          	li	a5,71
    2970:	ca3e                	sw	a5,20(sp)
    2972:	084c                	addi	a1,sp,20
    2974:	7cf00793          	li	a5,1999
    2978:	c0040513          	addi	a0,s0,-1024 # 40012c00 <_eusrstack+0x2000ac00>
    297c:	cc3e                	sw	a5,24(sp)
    297e:	381010ef          	jal	ra,44fe <TIM_TimeBaseInit>
    2982:	4605                	li	a2,1
    2984:	4585                	li	a1,1
    2986:	c0040513          	addi	a0,s0,-1024
    298a:	437010ef          	jal	ra,45c0 <TIM_ITConfig>
    298e:	02900793          	li	a5,41
    2992:	867c                	sh	a5,12(sp)
    2994:	0068                	addi	a0,sp,12
    2996:	4785                	li	a5,1
    2998:	c83e                	sw	a5,16(sp)
    299a:	00010723          	sb	zero,14(sp)
    299e:	15b010ef          	jal	ra,42f8 <NVIC_Init>
    29a2:	4585                	li	a1,1
    29a4:	c0040513          	addi	a0,s0,-1024
    29a8:	401010ef          	jal	ra,45a8 <TIM_Cmd>
    29ac:	6105                	addi	sp,sp,32
    29ae:	867fd06f          	j	214 <__riscv_restore_0>

000029b2 <TIM1_UP_IRQHandler>:
    29b2:	1141                	addi	sp,sp,-16
    29b4:	c622                	sw	s0,12(sp)
    29b6:	40013437          	lui	s0,0x40013
    29ba:	4585                	li	a1,1
    29bc:	c0040513          	addi	a0,s0,-1024 # 40012c00 <_eusrstack+0x2000ac00>
    29c0:	c426                	sw	s1,8(sp)
    29c2:	411010ef          	jal	ra,45d2 <TIM_GetITStatus>
    29c6:	c52d                	beqz	a0,2a30 <TIM1_UP_IRQHandler+0x7e>
    29c8:	4585                	li	a1,1
    29ca:	c0040513          	addi	a0,s0,-1024
    29ce:	41d010ef          	jal	ra,45ea <TIM_ClearITPendingBit>
    29d2:	89418713          	addi	a4,gp,-1900 # 20000114 <tick_ms>
    29d6:	431c                	lw	a5,0(a4)
    29d8:	0785                	addi	a5,a5,1
    29da:	c31c                	sw	a5,0(a4)
    29dc:	4729                	li	a4,10
    29de:	02e7f7b3          	remu	a5,a5,a4
    29e2:	e7b9                	bnez	a5,2a30 <TIM1_UP_IRQHandler+0x7e>
    29e4:	8c819503          	lh	a0,-1848(gp) # 20000148 <Stick1>
    29e8:	45f9                	li	a1,30
    29ea:	25c010ef          	jal	ra,3c46 <ADC_Map>
    29ee:	89818413          	addi	s0,gp,-1896 # 20000118 <rc_packet>
    29f2:	8c818493          	addi	s1,gp,-1848 # 20000148 <Stick1>
    29f6:	b008                	sb	a0,1(s0)
    29f8:	00249503          	lh	a0,2(s1)
    29fc:	45f9                	li	a1,30
    29fe:	248010ef          	jal	ra,3c46 <ADC_Map>
    2a02:	8d018793          	addi	a5,gp,-1840 # 20000150 <Stick2>
    2a06:	a028                	sb	a0,2(s0)
    2a08:	00279503          	lh	a0,2(a5)
    2a0c:	45f9                	li	a1,30
    2a0e:	238010ef          	jal	ra,3c46 <ADC_Map>
    2a12:	b028                	sb	a0,3(s0)
    2a14:	8d019503          	lh	a0,-1840(gp) # 20000150 <Stick2>
    2a18:	45f9                	li	a1,30
    2a1a:	22c010ef          	jal	ra,3c46 <ADC_Map>
    2a1e:	86aa                	mv	a3,a0
    2a20:	a048                	sb	a0,4(s0)
    2a22:	00340603          	lb	a2,3(s0)
    2a26:	00240583          	lb	a1,2(s0)
    2a2a:	00140503          	lb	a0,1(s0)
    2a2e:	207d                	jal	2adc <Fiber_Send_RemoteControl>
    2a30:	4432                	lw	s0,12(sp)
    2a32:	44a2                	lw	s1,8(sp)
    2a34:	0141                	addi	sp,sp,16
    2a36:	30200073          	mret

00002a3a <Fiber_Init>:
    2a3a:	fb6fd2ef          	jal	t0,1f0 <__riscv_save_0>
    2a3e:	7179                	addi	sp,sp,-48
    2a40:	4585                	li	a1,1
    2a42:	4521                	li	a0,8
    2a44:	247010ef          	jal	ra,448a <RCC_APB2PeriphClockCmd>
    2a48:	4585                	li	a1,1
    2a4a:	00040537          	lui	a0,0x40
    2a4e:	25b010ef          	jal	ra,44a8 <RCC_APB1PeriphClockCmd>
    2a52:	40000793          	li	a5,1024
    2a56:	82fc                	sh	a5,20(sp)
    2a58:	40011437          	lui	s0,0x40011
    2a5c:	478d                	li	a5,3
    2a5e:	cc3e                	sw	a5,24(sp)
    2a60:	084c                	addi	a1,sp,20
    2a62:	47e1                	li	a5,24
    2a64:	c0040513          	addi	a0,s0,-1024 # 40010c00 <_eusrstack+0x20008c00>
    2a68:	ce3e                	sw	a5,28(sp)
    2a6a:	7b4010ef          	jal	ra,421e <GPIO_Init>
    2a6e:	6785                	lui	a5,0x1
    2a70:	80078793          	addi	a5,a5,-2048 # 800 <__stack_size>
    2a74:	82fc                	sh	a5,20(sp)
    2a76:	084c                	addi	a1,sp,20
    2a78:	04800793          	li	a5,72
    2a7c:	c0040513          	addi	a0,s0,-1024
    2a80:	ce3e                	sw	a5,28(sp)
    2a82:	79c010ef          	jal	ra,421e <GPIO_Init>
    2a86:	000577b7          	lui	a5,0x57
    2a8a:	40005437          	lui	s0,0x40005
    2a8e:	28878793          	addi	a5,a5,648 # 57288 <_data_lma+0x50608>
    2a92:	100c                	addi	a1,sp,32
    2a94:	d03e                	sw	a5,32(sp)
    2a96:	80040513          	addi	a0,s0,-2048 # 40004800 <_eusrstack+0x1fffc800>
    2a9a:	000c07b7          	lui	a5,0xc0
    2a9e:	d43e                	sw	a5,40(sp)
    2aa0:	d202                	sw	zero,36(sp)
    2aa2:	02011623          	sh	zero,44(sp)
    2aa6:	351010ef          	jal	ra,45f6 <USART_Init>
    2aaa:	13700793          	li	a5,311
    2aae:	867c                	sh	a5,12(sp)
    2ab0:	0068                	addi	a0,sp,12
    2ab2:	4785                	li	a5,1
    2ab4:	c83e                	sw	a5,16(sp)
    2ab6:	00010723          	sb	zero,14(sp)
    2aba:	03f010ef          	jal	ra,42f8 <NVIC_Init>
    2abe:	4605                	li	a2,1
    2ac0:	80040513          	addi	a0,s0,-2048
    2ac4:	52500593          	li	a1,1317
    2ac8:	3d5010ef          	jal	ra,469c <USART_ITConfig>
    2acc:	4585                	li	a1,1
    2ace:	80040513          	addi	a0,s0,-2048
    2ad2:	3b5010ef          	jal	ra,4686 <USART_Cmd>
    2ad6:	6145                	addi	sp,sp,48
    2ad8:	f3cfd06f          	j	214 <__riscv_restore_0>

00002adc <Fiber_Send_RemoteControl>:
    2adc:	f14fd2ef          	jal	t0,1f0 <__riscv_save_0>
    2ae0:	4705                	li	a4,1
    2ae2:	8ae18723          	sb	a4,-1874(gp) # 2000012e <tx_busy>
    2ae6:	8a0187a3          	sb	zero,-1873(gp) # 2000012f <tx_cnt>
    2aea:	8a818793          	addi	a5,gp,-1880 # 20000128 <tx_buf>
    2aee:	06600713          	li	a4,102
    2af2:	a398                	sb	a4,0(a5)
    2af4:	0ff57513          	andi	a0,a0,255
    2af8:	b388                	sb	a0,1(a5)
    2afa:	0ff5f593          	andi	a1,a1,255
    2afe:	a3ac                	sb	a1,2(a5)
    2b00:	0ff67613          	andi	a2,a2,255
    2b04:	b3b0                	sb	a2,3(a5)
    2b06:	0ff6f693          	andi	a3,a3,255
    2b0a:	a3d4                	sb	a3,4(a5)
    2b0c:	8a3d                	andi	a2,a2,15
    2b0e:	8abd                	andi	a3,a3,15
    2b10:	9636                	add	a2,a2,a3
    2b12:	89bd                	andi	a1,a1,15
    2b14:	962e                	add	a2,a2,a1
    2b16:	893d                	andi	a0,a0,15
    2b18:	962a                	add	a2,a2,a0
    2b1a:	b3d0                	sb	a2,5(a5)
    2b1c:	238c                	lbu	a1,0(a5)
    2b1e:	40005437          	lui	s0,0x40005
    2b22:	80040513          	addi	a0,s0,-2048 # 40004800 <_eusrstack+0x1fffc800>
    2b26:	3ad010ef          	jal	ra,46d2 <USART_SendData>
    2b2a:	80040513          	addi	a0,s0,-2048
    2b2e:	4605                	li	a2,1
    2b30:	72700593          	li	a1,1831
    2b34:	369010ef          	jal	ra,469c <USART_ITConfig>
    2b38:	4501                	li	a0,0
    2b3a:	edafd06f          	j	214 <__riscv_restore_0>

00002b3e <USART3_IRQHandler>:
    2b3e:	1141                	addi	sp,sp,-16
    2b40:	c622                	sw	s0,12(sp)
    2b42:	40005437          	lui	s0,0x40005
    2b46:	52500593          	li	a1,1317
    2b4a:	80040513          	addi	a0,s0,-2048 # 40004800 <_eusrstack+0x1fffc800>
    2b4e:	39f010ef          	jal	ra,46ec <USART_GetITStatus>
    2b52:	c139                	beqz	a0,2b98 <USART3_IRQHandler+0x5a>
    2b54:	80040513          	addi	a0,s0,-2048
    2b58:	383010ef          	jal	ra,46da <USART_ReceiveData>
    2b5c:	8a618793          	addi	a5,gp,-1882 # 20000126 <rx_cnt>
    2b60:	2398                	lbu	a4,0(a5)
    2b62:	0ff57513          	andi	a0,a0,255
    2b66:	0ff77693          	andi	a3,a4,255
    2b6a:	00168713          	addi	a4,a3,1
    2b6e:	0ff77713          	andi	a4,a4,255
    2b72:	a398                	sb	a4,0(a5)
    2b74:	8a018713          	addi	a4,gp,-1888 # 20000120 <rx_buf>
    2b78:	9736                	add	a4,a4,a3
    2b7a:	a308                	sb	a0,0(a4)
    2b7c:	2398                	lbu	a4,0(a5)
    2b7e:	4695                	li	a3,5
    2b80:	00e6f463          	bgeu	a3,a4,2b88 <USART3_IRQHandler+0x4a>
    2b84:	00078023          	sb	zero,0(a5) # c0000 <_data_lma+0xb9380>
    2b88:	40005537          	lui	a0,0x40005
    2b8c:	52500593          	li	a1,1317
    2b90:	80050513          	addi	a0,a0,-2048 # 40004800 <_eusrstack+0x1fffc800>
    2b94:	395010ef          	jal	ra,4728 <USART_ClearITPendingBit>
    2b98:	40005437          	lui	s0,0x40005
    2b9c:	72700593          	li	a1,1831
    2ba0:	80040513          	addi	a0,s0,-2048 # 40004800 <_eusrstack+0x1fffc800>
    2ba4:	349010ef          	jal	ra,46ec <USART_GetITStatus>
    2ba8:	cd0d                	beqz	a0,2be2 <USART3_IRQHandler+0xa4>
    2baa:	8af18793          	addi	a5,gp,-1873 # 2000012f <tx_cnt>
    2bae:	2398                	lbu	a4,0(a5)
    2bb0:	4695                	li	a3,5
    2bb2:	0705                	addi	a4,a4,1
    2bb4:	0ff77713          	andi	a4,a4,255
    2bb8:	a398                	sb	a4,0(a5)
    2bba:	2398                	lbu	a4,0(a5)
    2bbc:	04e6ea63          	bltu	a3,a4,2c10 <USART3_IRQHandler+0xd2>
    2bc0:	2398                	lbu	a4,0(a5)
    2bc2:	8a818793          	addi	a5,gp,-1880 # 20000128 <tx_buf>
    2bc6:	97ba                	add	a5,a5,a4
    2bc8:	238c                	lbu	a1,0(a5)
    2bca:	80040513          	addi	a0,s0,-2048
    2bce:	305010ef          	jal	ra,46d2 <USART_SendData>
    2bd2:	40005537          	lui	a0,0x40005
    2bd6:	72700593          	li	a1,1831
    2bda:	80050513          	addi	a0,a0,-2048 # 40004800 <_eusrstack+0x1fffc800>
    2bde:	34b010ef          	jal	ra,4728 <USART_ClearITPendingBit>
    2be2:	40005437          	lui	s0,0x40005
    2be6:	36000593          	li	a1,864
    2bea:	80040513          	addi	a0,s0,-2048 # 40004800 <_eusrstack+0x1fffc800>
    2bee:	2ff010ef          	jal	ra,46ec <USART_GetITStatus>
    2bf2:	c919                	beqz	a0,2c08 <USART3_IRQHandler+0xca>
    2bf4:	80040513          	addi	a0,s0,-2048
    2bf8:	2e3010ef          	jal	ra,46da <USART_ReceiveData>
    2bfc:	36000593          	li	a1,864
    2c00:	80040513          	addi	a0,s0,-2048
    2c04:	325010ef          	jal	ra,4728 <USART_ClearITPendingBit>
    2c08:	4432                	lw	s0,12(sp)
    2c0a:	0141                	addi	sp,sp,16
    2c0c:	30200073          	mret
    2c10:	4601                	li	a2,0
    2c12:	72700593          	li	a1,1831
    2c16:	80040513          	addi	a0,s0,-2048
    2c1a:	283010ef          	jal	ra,469c <USART_ITConfig>
    2c1e:	8a018723          	sb	zero,-1874(gp) # 2000012e <tx_busy>
    2c22:	bf45                	j	2bd2 <USART3_IRQHandler+0x94>

00002c24 <OLED_W_SCL>:
    2c24:	dccfd2ef          	jal	t0,1f0 <__riscv_save_0>
    2c28:	862a                	mv	a2,a0
    2c2a:	40011537          	lui	a0,0x40011
    2c2e:	04000593          	li	a1,64
    2c32:	c0050513          	addi	a0,a0,-1024 # 40010c00 <_eusrstack+0x20008c00>
    2c36:	6b2010ef          	jal	ra,42e8 <GPIO_WriteBit>
    2c3a:	4505                	li	a0,1
    2c3c:	327010ef          	jal	ra,4762 <Delay_Us>
    2c40:	dd4fd06f          	j	214 <__riscv_restore_0>

00002c44 <OLED_W_SDA>:
    2c44:	dacfd2ef          	jal	t0,1f0 <__riscv_save_0>
    2c48:	862a                	mv	a2,a0
    2c4a:	40011537          	lui	a0,0x40011
    2c4e:	08000593          	li	a1,128
    2c52:	c0050513          	addi	a0,a0,-1024 # 40010c00 <_eusrstack+0x20008c00>
    2c56:	692010ef          	jal	ra,42e8 <GPIO_WriteBit>
    2c5a:	4505                	li	a0,1
    2c5c:	307010ef          	jal	ra,4762 <Delay_Us>
    2c60:	db4fd06f          	j	214 <__riscv_restore_0>

00002c64 <OLED_GPIO_Init>:
    2c64:	d8cfd2ef          	jal	t0,1f0 <__riscv_save_0>
    2c68:	1141                	addi	sp,sp,-16
    2c6a:	4585                	li	a1,1
    2c6c:	4521                	li	a0,8
    2c6e:	01d010ef          	jal	ra,448a <RCC_APB2PeriphClockCmd>
    2c72:	47d1                	li	a5,20
    2c74:	c63e                	sw	a5,12(sp)
    2c76:	40011537          	lui	a0,0x40011
    2c7a:	478d                	li	a5,3
    2c7c:	004c                	addi	a1,sp,4
    2c7e:	c43e                	sw	a5,8(sp)
    2c80:	c0050513          	addi	a0,a0,-1024 # 40010c00 <_eusrstack+0x20008c00>
    2c84:	0c000793          	li	a5,192
    2c88:	827c                	sh	a5,4(sp)
    2c8a:	594010ef          	jal	ra,421e <GPIO_Init>
    2c8e:	4505                	li	a0,1
    2c90:	f95ff0ef          	jal	ra,2c24 <OLED_W_SCL>
    2c94:	4505                	li	a0,1
    2c96:	fafff0ef          	jal	ra,2c44 <OLED_W_SDA>
    2c9a:	0141                	addi	sp,sp,16
    2c9c:	d78fd06f          	j	214 <__riscv_restore_0>

00002ca0 <OLED_I2C_Start>:
    2ca0:	d50fd2ef          	jal	t0,1f0 <__riscv_save_0>
    2ca4:	4505                	li	a0,1
    2ca6:	f9fff0ef          	jal	ra,2c44 <OLED_W_SDA>
    2caa:	4505                	li	a0,1
    2cac:	f79ff0ef          	jal	ra,2c24 <OLED_W_SCL>
    2cb0:	4501                	li	a0,0
    2cb2:	f93ff0ef          	jal	ra,2c44 <OLED_W_SDA>
    2cb6:	4501                	li	a0,0
    2cb8:	f6dff0ef          	jal	ra,2c24 <OLED_W_SCL>
    2cbc:	d58fd06f          	j	214 <__riscv_restore_0>

00002cc0 <OLED_I2C_Stop>:
    2cc0:	d30fd2ef          	jal	t0,1f0 <__riscv_save_0>
    2cc4:	4501                	li	a0,0
    2cc6:	f7fff0ef          	jal	ra,2c44 <OLED_W_SDA>
    2cca:	4505                	li	a0,1
    2ccc:	f59ff0ef          	jal	ra,2c24 <OLED_W_SCL>
    2cd0:	4505                	li	a0,1
    2cd2:	f73ff0ef          	jal	ra,2c44 <OLED_W_SDA>
    2cd6:	d3efd06f          	j	214 <__riscv_restore_0>

00002cda <OLED_I2C_SendByte>:
    2cda:	cfcfd2ef          	jal	t0,1d6 <__riscv_save_4>
    2cde:	892a                	mv	s2,a0
    2ce0:	4401                	li	s0,0
    2ce2:	08000993          	li	s3,128
    2ce6:	44a1                	li	s1,8
    2ce8:	4089d533          	sra	a0,s3,s0
    2cec:	01257533          	and	a0,a0,s2
    2cf0:	00a03533          	snez	a0,a0
    2cf4:	f51ff0ef          	jal	ra,2c44 <OLED_W_SDA>
    2cf8:	4505                	li	a0,1
    2cfa:	f2bff0ef          	jal	ra,2c24 <OLED_W_SCL>
    2cfe:	4501                	li	a0,0
    2d00:	0405                	addi	s0,s0,1
    2d02:	f23ff0ef          	jal	ra,2c24 <OLED_W_SCL>
    2d06:	fe9411e3          	bne	s0,s1,2ce8 <OLED_I2C_SendByte+0xe>
    2d0a:	4505                	li	a0,1
    2d0c:	f19ff0ef          	jal	ra,2c24 <OLED_W_SCL>
    2d10:	4501                	li	a0,0
    2d12:	f13ff0ef          	jal	ra,2c24 <OLED_W_SCL>
    2d16:	cf4fd06f          	j	20a <__riscv_restore_4>

00002d1a <OLED_WriteCommand>:
    2d1a:	cd6fd2ef          	jal	t0,1f0 <__riscv_save_0>
    2d1e:	842a                	mv	s0,a0
    2d20:	f81ff0ef          	jal	ra,2ca0 <OLED_I2C_Start>
    2d24:	07800513          	li	a0,120
    2d28:	fb3ff0ef          	jal	ra,2cda <OLED_I2C_SendByte>
    2d2c:	4501                	li	a0,0
    2d2e:	fadff0ef          	jal	ra,2cda <OLED_I2C_SendByte>
    2d32:	8522                	mv	a0,s0
    2d34:	fa7ff0ef          	jal	ra,2cda <OLED_I2C_SendByte>
    2d38:	f89ff0ef          	jal	ra,2cc0 <OLED_I2C_Stop>
    2d3c:	cd8fd06f          	j	214 <__riscv_restore_0>

00002d40 <OLED_WriteData>:
    2d40:	cb0fd2ef          	jal	t0,1f0 <__riscv_save_0>
    2d44:	84ae                	mv	s1,a1
    2d46:	842a                	mv	s0,a0
    2d48:	f59ff0ef          	jal	ra,2ca0 <OLED_I2C_Start>
    2d4c:	07800513          	li	a0,120
    2d50:	f8bff0ef          	jal	ra,2cda <OLED_I2C_SendByte>
    2d54:	04000513          	li	a0,64
    2d58:	f83ff0ef          	jal	ra,2cda <OLED_I2C_SendByte>
    2d5c:	94a2                	add	s1,s1,s0
    2d5e:	00941663          	bne	s0,s1,2d6a <OLED_WriteData+0x2a>
    2d62:	f5fff0ef          	jal	ra,2cc0 <OLED_I2C_Stop>
    2d66:	caefd06f          	j	214 <__riscv_restore_0>
    2d6a:	2008                	lbu	a0,0(s0)
    2d6c:	0405                	addi	s0,s0,1
    2d6e:	f6dff0ef          	jal	ra,2cda <OLED_I2C_SendByte>
    2d72:	b7f5                	j	2d5e <OLED_WriteData+0x1e>

00002d74 <OLED_SetCursor>:
    2d74:	c7cfd2ef          	jal	t0,1f0 <__riscv_save_0>
    2d78:	0b056513          	ori	a0,a0,176
    2d7c:	842e                	mv	s0,a1
    2d7e:	f9dff0ef          	jal	ra,2d1a <OLED_WriteCommand>
    2d82:	00445513          	srli	a0,s0,0x4
    2d86:	01056513          	ori	a0,a0,16
    2d8a:	f91ff0ef          	jal	ra,2d1a <OLED_WriteCommand>
    2d8e:	00f47513          	andi	a0,s0,15
    2d92:	f89ff0ef          	jal	ra,2d1a <OLED_WriteCommand>
    2d96:	c7efd06f          	j	214 <__riscv_restore_0>

00002d9a <OLED_Update>:
    2d9a:	c56fd2ef          	jal	t0,1f0 <__riscv_save_0>
    2d9e:	ea818493          	addi	s1,gp,-344 # 20000728 <OLED_DisplayBuf>
    2da2:	4401                	li	s0,0
    2da4:	4921                	li	s2,8
    2da6:	8522                	mv	a0,s0
    2da8:	4581                	li	a1,0
    2daa:	fcbff0ef          	jal	ra,2d74 <OLED_SetCursor>
    2dae:	0405                	addi	s0,s0,1
    2db0:	8526                	mv	a0,s1
    2db2:	08000593          	li	a1,128
    2db6:	0ff47413          	andi	s0,s0,255
    2dba:	f87ff0ef          	jal	ra,2d40 <OLED_WriteData>
    2dbe:	08048493          	addi	s1,s1,128
    2dc2:	ff2412e3          	bne	s0,s2,2da6 <OLED_Update+0xc>
    2dc6:	c4efd06f          	j	214 <__riscv_restore_0>

00002dca <OLED_Clear>:
    2dca:	ea818793          	addi	a5,gp,-344 # 20000728 <OLED_DisplayBuf>
    2dce:	40078693          	addi	a3,a5,1024
    2dd2:	08000613          	li	a2,128
    2dd6:	4701                	li	a4,0
    2dd8:	00e785b3          	add	a1,a5,a4
    2ddc:	00058023          	sb	zero,0(a1)
    2de0:	0705                	addi	a4,a4,1
    2de2:	fec71be3          	bne	a4,a2,2dd8 <OLED_Clear+0xe>
    2de6:	08078793          	addi	a5,a5,128
    2dea:	fed796e3          	bne	a5,a3,2dd6 <OLED_Clear+0xc>
    2dee:	8082                	ret

00002df0 <OLED_Init>:
    2df0:	c00fd2ef          	jal	t0,1f0 <__riscv_save_0>
    2df4:	e71ff0ef          	jal	ra,2c64 <OLED_GPIO_Init>
    2df8:	0ae00513          	li	a0,174
    2dfc:	f1fff0ef          	jal	ra,2d1a <OLED_WriteCommand>
    2e00:	0d500513          	li	a0,213
    2e04:	f17ff0ef          	jal	ra,2d1a <OLED_WriteCommand>
    2e08:	08000513          	li	a0,128
    2e0c:	f0fff0ef          	jal	ra,2d1a <OLED_WriteCommand>
    2e10:	0a800513          	li	a0,168
    2e14:	f07ff0ef          	jal	ra,2d1a <OLED_WriteCommand>
    2e18:	03f00513          	li	a0,63
    2e1c:	effff0ef          	jal	ra,2d1a <OLED_WriteCommand>
    2e20:	0d300513          	li	a0,211
    2e24:	ef7ff0ef          	jal	ra,2d1a <OLED_WriteCommand>
    2e28:	4501                	li	a0,0
    2e2a:	ef1ff0ef          	jal	ra,2d1a <OLED_WriteCommand>
    2e2e:	04000513          	li	a0,64
    2e32:	ee9ff0ef          	jal	ra,2d1a <OLED_WriteCommand>
    2e36:	0a100513          	li	a0,161
    2e3a:	ee1ff0ef          	jal	ra,2d1a <OLED_WriteCommand>
    2e3e:	0c800513          	li	a0,200
    2e42:	ed9ff0ef          	jal	ra,2d1a <OLED_WriteCommand>
    2e46:	0da00513          	li	a0,218
    2e4a:	ed1ff0ef          	jal	ra,2d1a <OLED_WriteCommand>
    2e4e:	4549                	li	a0,18
    2e50:	ecbff0ef          	jal	ra,2d1a <OLED_WriteCommand>
    2e54:	08100513          	li	a0,129
    2e58:	ec3ff0ef          	jal	ra,2d1a <OLED_WriteCommand>
    2e5c:	0cf00513          	li	a0,207
    2e60:	ebbff0ef          	jal	ra,2d1a <OLED_WriteCommand>
    2e64:	0d900513          	li	a0,217
    2e68:	eb3ff0ef          	jal	ra,2d1a <OLED_WriteCommand>
    2e6c:	0f100513          	li	a0,241
    2e70:	eabff0ef          	jal	ra,2d1a <OLED_WriteCommand>
    2e74:	0db00513          	li	a0,219
    2e78:	ea3ff0ef          	jal	ra,2d1a <OLED_WriteCommand>
    2e7c:	03000513          	li	a0,48
    2e80:	e9bff0ef          	jal	ra,2d1a <OLED_WriteCommand>
    2e84:	0a400513          	li	a0,164
    2e88:	e93ff0ef          	jal	ra,2d1a <OLED_WriteCommand>
    2e8c:	0a600513          	li	a0,166
    2e90:	e8bff0ef          	jal	ra,2d1a <OLED_WriteCommand>
    2e94:	08d00513          	li	a0,141
    2e98:	e83ff0ef          	jal	ra,2d1a <OLED_WriteCommand>
    2e9c:	4551                	li	a0,20
    2e9e:	e7dff0ef          	jal	ra,2d1a <OLED_WriteCommand>
    2ea2:	0af00513          	li	a0,175
    2ea6:	e75ff0ef          	jal	ra,2d1a <OLED_WriteCommand>
    2eaa:	f21ff0ef          	jal	ra,2dca <OLED_Clear>
    2eae:	eedff0ef          	jal	ra,2d9a <OLED_Update>
    2eb2:	b62fd06f          	j	214 <__riscv_restore_0>

00002eb6 <OLED_ClearArea>:
    2eb6:	96ae                	add	a3,a3,a1
    2eb8:	4e85                	li	t4,1
    2eba:	962a                	add	a2,a2,a0
    2ebc:	07f00f13          	li	t5,127
    2ec0:	03f00f93          	li	t6,63
    2ec4:	ea818313          	addi	t1,gp,-344 # 20000728 <OLED_DisplayBuf>
    2ec8:	04d5db63          	bge	a1,a3,2f1e <OLED_ClearArea+0x68>
    2ecc:	0075f713          	andi	a4,a1,7
    2ed0:	00ee9733          	sll	a4,t4,a4
    2ed4:	4035d813          	srai	a6,a1,0x3
    2ed8:	fff74713          	not	a4,a4
    2edc:	0762                	slli	a4,a4,0x18
    2ede:	05c2                	slli	a1,a1,0x10
    2ee0:	081e                	slli	a6,a6,0x7
    2ee2:	8761                	srai	a4,a4,0x18
    2ee4:	87aa                	mv	a5,a0
    2ee6:	81c1                	srli	a1,a1,0x10
    2ee8:	981a                	add	a6,a6,t1
    2eea:	a025                	j	2f12 <OLED_ClearArea+0x5c>
    2eec:	01079893          	slli	a7,a5,0x10
    2ef0:	0108d893          	srli	a7,a7,0x10
    2ef4:	011f6b63          	bltu	t5,a7,2f0a <OLED_ClearArea+0x54>
    2ef8:	00bfe963          	bltu	t6,a1,2f0a <OLED_ClearArea+0x54>
    2efc:	97c2                	add	a5,a5,a6
    2efe:	0007ce03          	lbu	t3,0(a5)
    2f02:	01c77e33          	and	t3,a4,t3
    2f06:	01c78023          	sb	t3,0(a5)
    2f0a:	00188793          	addi	a5,a7,1
    2f0e:	07c2                	slli	a5,a5,0x10
    2f10:	87c1                	srai	a5,a5,0x10
    2f12:	fcc7cde3          	blt	a5,a2,2eec <OLED_ClearArea+0x36>
    2f16:	0585                	addi	a1,a1,1
    2f18:	05c2                	slli	a1,a1,0x10
    2f1a:	85c1                	srai	a1,a1,0x10
    2f1c:	b775                	j	2ec8 <OLED_ClearArea+0x12>
    2f1e:	8082                	ret

00002f20 <OLED_ShowImage>:
    2f20:	ab6fd2ef          	jal	t0,1d6 <__riscv_save_4>
    2f24:	1141                	addi	sp,sp,-16
    2f26:	842e                	mv	s0,a1
    2f28:	8932                	mv	s2,a2
    2f2a:	89b6                	mv	s3,a3
    2f2c:	c63a                	sw	a4,12(sp)
    2f2e:	84aa                	mv	s1,a0
    2f30:	f87ff0ef          	jal	ra,2eb6 <OLED_ClearArea>
    2f34:	47a1                	li	a5,8
    2f36:	fff98693          	addi	a3,s3,-1
    2f3a:	02f445b3          	div	a1,s0,a5
    2f3e:	4732                	lw	a4,12(sp)
    2f40:	02f6c6b3          	div	a3,a3,a5
    2f44:	832e                	mv	t1,a1
    2f46:	02f467b3          	rem	a5,s0,a5
    2f4a:	00878613          	addi	a2,a5,8
    2f4e:	00045463          	bgez	s0,2f56 <OLED_ShowImage+0x36>
    2f52:	fff58313          	addi	t1,a1,-1
    2f56:	0342                	slli	t1,t1,0x10
    2f58:	41035313          	srai	t1,t1,0x10
    2f5c:	00044363          	bltz	s0,2f62 <OLED_ShowImage+0x42>
    2f60:	863e                	mv	a2,a5
    2f62:	01061893          	slli	a7,a2,0x10
    2f66:	4108d893          	srai	a7,a7,0x10
    2f6a:	4fa1                	li	t6,8
    2f6c:	411f8fb3          	sub	t6,t6,a7
    2f70:	4801                	li	a6,0
    2f72:	ea818f13          	addi	t5,gp,-344 # 20000728 <OLED_DisplayBuf>
    2f76:	f8000413          	li	s0,-128
    2f7a:	07f00993          	li	s3,127
    2f7e:	439d                	li	t2,7
    2f80:	0706cb63          	blt	a3,a6,2ff6 <OLED_ShowImage+0xd6>
    2f84:	01030e33          	add	t3,t1,a6
    2f88:	001e0e93          	addi	t4,t3,1
    2f8c:	007e9793          	slli	a5,t4,0x7
    2f90:	97a6                	add	a5,a5,s1
    2f92:	030902b3          	mul	t0,s2,a6
    2f96:	97fa                	add	a5,a5,t5
    2f98:	007e1a13          	slli	s4,t3,0x7
    2f9c:	4601                	li	a2,0
    2f9e:	028e8ab3          	mul	s5,t4,s0
    2fa2:	a091                	j	2fe6 <OLED_ShowImage+0xc6>
    2fa4:	009605b3          	add	a1,a2,s1
    2fa8:	02b9ed63          	bltu	s3,a1,2fe2 <OLED_ShowImage+0xc2>
    2fac:	03c3e063          	bltu	t2,t3,2fcc <OLED_ShowImage+0xac>
    2fb0:	005605b3          	add	a1,a2,t0
    2fb4:	01578533          	add	a0,a5,s5
    2fb8:	95ba                	add	a1,a1,a4
    2fba:	9552                	add	a0,a0,s4
    2fbc:	218c                	lbu	a1,0(a1)
    2fbe:	00054b03          	lbu	s6,0(a0)
    2fc2:	011595b3          	sll	a1,a1,a7
    2fc6:	0165e5b3          	or	a1,a1,s6
    2fca:	a10c                	sb	a1,0(a0)
    2fcc:	01d3eb63          	bltu	t2,t4,2fe2 <OLED_ShowImage+0xc2>
    2fd0:	005605b3          	add	a1,a2,t0
    2fd4:	95ba                	add	a1,a1,a4
    2fd6:	218c                	lbu	a1,0(a1)
    2fd8:	2388                	lbu	a0,0(a5)
    2fda:	41f5d5b3          	sra	a1,a1,t6
    2fde:	8dc9                	or	a1,a1,a0
    2fe0:	a38c                	sb	a1,0(a5)
    2fe2:	0605                	addi	a2,a2,1
    2fe4:	0785                	addi	a5,a5,1
    2fe6:	0ff67593          	andi	a1,a2,255
    2fea:	fb25ede3          	bltu	a1,s2,2fa4 <OLED_ShowImage+0x84>
    2fee:	0805                	addi	a6,a6,1
    2ff0:	0ff87813          	andi	a6,a6,255
    2ff4:	b771                	j	2f80 <OLED_ShowImage+0x60>
    2ff6:	0141                	addi	sp,sp,16
    2ff8:	a12fd06f          	j	20a <__riscv_restore_4>

00002ffc <OLED_ShowChar>:
    2ffc:	9f4fd2ef          	jal	t0,1f0 <__riscv_save_0>
    3000:	47a1                	li	a5,8
    3002:	00f69e63          	bne	a3,a5,301e <OLED_ShowChar+0x22>
    3006:	1601                	addi	a2,a2,-32
    3008:	6719                	lui	a4,0x6
    300a:	0612                	slli	a2,a2,0x4
    300c:	4d470713          	addi	a4,a4,1236 # 64d4 <OLED_F8x16>
    3010:	9732                	add	a4,a4,a2
    3012:	46c1                	li	a3,16
    3014:	4621                	li	a2,8
    3016:	f0bff0ef          	jal	ra,2f20 <OLED_ShowImage>
    301a:	9fafd06f          	j	214 <__riscv_restore_0>
    301e:	4799                	li	a5,6
    3020:	fef69de3          	bne	a3,a5,301a <OLED_ShowChar+0x1e>
    3024:	1601                	addi	a2,a2,-32
    3026:	02d60633          	mul	a2,a2,a3
    302a:	6719                	lui	a4,0x6
    302c:	29870713          	addi	a4,a4,664 # 6298 <OLED_F6x8>
    3030:	46a1                	li	a3,8
    3032:	9732                	add	a4,a4,a2
    3034:	4619                	li	a2,6
    3036:	b7c5                	j	3016 <OLED_ShowChar+0x1a>

00003038 <OLED_ShowNum>:
    3038:	99efd2ef          	jal	t0,1d6 <__riscv_save_4>
    303c:	1141                	addi	sp,sp,-16
    303e:	89aa                	mv	s3,a0
    3040:	8a2e                	mv	s4,a1
    3042:	8ab2                	mv	s5,a2
    3044:	84b6                	mv	s1,a3
    3046:	4401                	li	s0,0
    3048:	5b7d                	li	s6,-1
    304a:	4929                	li	s2,10
    304c:	00946563          	bltu	s0,s1,3056 <OLED_ShowNum+0x1e>
    3050:	0141                	addi	sp,sp,16
    3052:	9b8fd06f          	j	20a <__riscv_restore_4>
    3056:	02e40533          	mul	a0,s0,a4
    305a:	408487b3          	sub	a5,s1,s0
    305e:	17fd                	addi	a5,a5,-1
    3060:	4605                	li	a2,1
    3062:	954e                	add	a0,a0,s3
    3064:	0542                	slli	a0,a0,0x10
    3066:	8541                	srai	a0,a0,0x10
    3068:	17fd                	addi	a5,a5,-1
    306a:	03679263          	bne	a5,s6,308e <OLED_ShowNum+0x56>
    306e:	02cad633          	divu	a2,s5,a2
    3072:	86ba                	mv	a3,a4
    3074:	85d2                	mv	a1,s4
    3076:	c63a                	sw	a4,12(sp)
    3078:	0405                	addi	s0,s0,1
    307a:	0ff47413          	andi	s0,s0,255
    307e:	03267633          	remu	a2,a2,s2
    3082:	03060613          	addi	a2,a2,48
    3086:	f77ff0ef          	jal	ra,2ffc <OLED_ShowChar>
    308a:	4732                	lw	a4,12(sp)
    308c:	b7c1                	j	304c <OLED_ShowNum+0x14>
    308e:	03260633          	mul	a2,a2,s2
    3092:	bfd9                	j	3068 <OLED_ShowNum+0x30>

00003094 <OLED_ShowSignedNum>:
    3094:	934fd2ef          	jal	t0,1c8 <__riscv_save_10>
    3098:	84b6                	mv	s1,a3
    309a:	892a                	mv	s2,a0
    309c:	89ae                	mv	s3,a1
    309e:	8432                	mv	s0,a2
    30a0:	8a3a                	mv	s4,a4
    30a2:	86ba                	mv	a3,a4
    30a4:	00064d63          	bltz	a2,30be <OLED_ShowSignedNum+0x2a>
    30a8:	02b00613          	li	a2,43
    30ac:	f51ff0ef          	jal	ra,2ffc <OLED_ShowChar>
    30b0:	4781                	li	a5,0
    30b2:	5bfd                	li	s7,-1
    30b4:	4aa9                	li	s5,10
    30b6:	0097eb63          	bltu	a5,s1,30cc <OLED_ShowSignedNum+0x38>
    30ba:	946fd06f          	j	200 <__riscv_restore_10>
    30be:	02d00613          	li	a2,45
    30c2:	f3bff0ef          	jal	ra,2ffc <OLED_ShowChar>
    30c6:	40800433          	neg	s0,s0
    30ca:	b7dd                	j	30b0 <OLED_ShowSignedNum+0x1c>
    30cc:	00178b13          	addi	s6,a5,1
    30d0:	034b0533          	mul	a0,s6,s4
    30d4:	40f487b3          	sub	a5,s1,a5
    30d8:	17fd                	addi	a5,a5,-1
    30da:	4685                	li	a3,1
    30dc:	954a                	add	a0,a0,s2
    30de:	0542                	slli	a0,a0,0x10
    30e0:	8541                	srai	a0,a0,0x10
    30e2:	17fd                	addi	a5,a5,-1
    30e4:	01779f63          	bne	a5,s7,3102 <OLED_ShowSignedNum+0x6e>
    30e8:	02d456b3          	divu	a3,s0,a3
    30ec:	85ce                	mv	a1,s3
    30ee:	0356f633          	remu	a2,a3,s5
    30f2:	86d2                	mv	a3,s4
    30f4:	03060613          	addi	a2,a2,48
    30f8:	f05ff0ef          	jal	ra,2ffc <OLED_ShowChar>
    30fc:	0ffb7793          	andi	a5,s6,255
    3100:	bf5d                	j	30b6 <OLED_ShowSignedNum+0x22>
    3102:	035686b3          	mul	a3,a3,s5
    3106:	bff1                	j	30e2 <OLED_ShowSignedNum+0x4e>

00003108 <OLED_ShowString>:
    3108:	8b8fd2ef          	jal	t0,1c0 <__riscv_save_12>
    310c:	6a19                	lui	s4,0x6
    310e:	1141                	addi	sp,sp,-16
    3110:	8aaa                	mv	s5,a0
    3112:	8b2e                	mv	s6,a1
    3114:	8932                	mv	s2,a2
    3116:	89b6                	mv	s3,a3
    3118:	4401                	li	s0,0
    311a:	4781                	li	a5,0
    311c:	0c000b93          	li	s7,192
    3120:	124a0a13          	addi	s4,s4,292 # 6124 <OLED_CF16x16>
    3124:	6c19                	lui	s8,0x6
    3126:	00f90733          	add	a4,s2,a5
    312a:	00070603          	lb	a2,0(a4)
    312e:	e601                	bnez	a2,3136 <OLED_ShowString+0x2e>
    3130:	0141                	addi	sp,sp,16
    3132:	8cafd06f          	j	1fc <__riscv_restore_12>
    3136:	00178493          	addi	s1,a5,1
    313a:	04c2                	slli	s1,s1,0x10
    313c:	80c1                	srli	s1,s1,0x10
    313e:	02064263          	bltz	a2,3162 <OLED_ShowString+0x5a>
    3142:	01540533          	add	a0,s0,s5
    3146:	0542                	slli	a0,a0,0x10
    3148:	86ce                	mv	a3,s3
    314a:	85da                	mv	a1,s6
    314c:	8541                	srai	a0,a0,0x10
    314e:	8450                	sb	a2,8(sp)
    3150:	000104a3          	sb	zero,9(sp)
    3154:	944e                	add	s0,s0,s3
    3156:	ea7ff0ef          	jal	ra,2ffc <OLED_ShowChar>
    315a:	0442                	slli	s0,s0,0x10
    315c:	8041                	srli	s0,s0,0x10
    315e:	87a6                	mv	a5,s1
    3160:	b7d9                	j	3126 <OLED_ShowString+0x1e>
    3162:	00990733          	add	a4,s2,s1
    3166:	0e067693          	andi	a3,a2,224
    316a:	00070703          	lb	a4,0(a4)
    316e:	01769f63          	bne	a3,s7,318c <OLED_ShowString+0x84>
    3172:	8450                	sb	a2,8(sp)
    3174:	df55                	beqz	a4,3130 <OLED_ShowString+0x28>
    3176:	0789                	addi	a5,a5,2
    3178:	01079493          	slli	s1,a5,0x10
    317c:	80c1                	srli	s1,s1,0x10
    317e:	84d8                	sb	a4,9(sp)
    3180:	00010523          	sb	zero,10(sp)
    3184:	4c81                	li	s9,0
    3186:	02500d93          	li	s11,37
    318a:	a061                	j	3212 <OLED_ShowString+0x10a>
    318c:	0f067693          	andi	a3,a2,240
    3190:	0e000593          	li	a1,224
    3194:	02b69563          	bne	a3,a1,31be <OLED_ShowString+0xb6>
    3198:	8450                	sb	a2,8(sp)
    319a:	db59                	beqz	a4,3130 <OLED_ShowString+0x28>
    319c:	84d8                	sb	a4,9(sp)
    319e:	00278713          	addi	a4,a5,2
    31a2:	0742                	slli	a4,a4,0x10
    31a4:	8341                	srli	a4,a4,0x10
    31a6:	974a                	add	a4,a4,s2
    31a8:	00070703          	lb	a4,0(a4)
    31ac:	d351                	beqz	a4,3130 <OLED_ShowString+0x28>
    31ae:	078d                	addi	a5,a5,3
    31b0:	01079493          	slli	s1,a5,0x10
    31b4:	80c1                	srli	s1,s1,0x10
    31b6:	8558                	sb	a4,10(sp)
    31b8:	000105a3          	sb	zero,11(sp)
    31bc:	b7e1                	j	3184 <OLED_ShowString+0x7c>
    31be:	0f867693          	andi	a3,a2,248
    31c2:	0f000593          	li	a1,240
    31c6:	f8b69ce3          	bne	a3,a1,315e <OLED_ShowString+0x56>
    31ca:	8450                	sb	a2,8(sp)
    31cc:	d335                	beqz	a4,3130 <OLED_ShowString+0x28>
    31ce:	84d8                	sb	a4,9(sp)
    31d0:	00278713          	addi	a4,a5,2
    31d4:	0742                	slli	a4,a4,0x10
    31d6:	8341                	srli	a4,a4,0x10
    31d8:	974a                	add	a4,a4,s2
    31da:	00070703          	lb	a4,0(a4)
    31de:	db29                	beqz	a4,3130 <OLED_ShowString+0x28>
    31e0:	8558                	sb	a4,10(sp)
    31e2:	00378713          	addi	a4,a5,3
    31e6:	0742                	slli	a4,a4,0x10
    31e8:	8341                	srli	a4,a4,0x10
    31ea:	974a                	add	a4,a4,s2
    31ec:	00070703          	lb	a4,0(a4)
    31f0:	d321                	beqz	a4,3130 <OLED_ShowString+0x28>
    31f2:	0791                	addi	a5,a5,4
    31f4:	01079493          	slli	s1,a5,0x10
    31f8:	80c1                	srli	s1,s1,0x10
    31fa:	85d8                	sb	a4,11(sp)
    31fc:	00010623          	sb	zero,12(sp)
    3200:	b751                	j	3184 <OLED_ShowString+0x7c>
    3202:	002c                	addi	a1,sp,8
    3204:	8c4fd0ef          	jal	ra,2c8 <strcmp>
    3208:	c919                	beqz	a0,321e <OLED_ShowString+0x116>
    320a:	0c85                	addi	s9,s9,1
    320c:	0cc2                	slli	s9,s9,0x10
    320e:	010cdc93          	srli	s9,s9,0x10
    3212:	03bc8d33          	mul	s10,s9,s11
    3216:	014d0533          	add	a0,s10,s4
    321a:	211c                	lbu	a5,0(a0)
    321c:	f3fd                	bnez	a5,3202 <OLED_ShowString+0xfa>
    321e:	47a1                	li	a5,8
    3220:	02f99063          	bne	s3,a5,3240 <OLED_ShowString+0x138>
    3224:	01540533          	add	a0,s0,s5
    3228:	005d0713          	addi	a4,s10,5
    322c:	0542                	slli	a0,a0,0x10
    322e:	9752                	add	a4,a4,s4
    3230:	46c1                	li	a3,16
    3232:	4641                	li	a2,16
    3234:	85da                	mv	a1,s6
    3236:	8541                	srai	a0,a0,0x10
    3238:	ce9ff0ef          	jal	ra,2f20 <OLED_ShowImage>
    323c:	0441                	addi	s0,s0,16
    323e:	bf31                	j	315a <OLED_ShowString+0x52>
    3240:	4799                	li	a5,6
    3242:	f0f99ee3          	bne	s3,a5,315e <OLED_ShowString+0x56>
    3246:	01540533          	add	a0,s0,s5
    324a:	0542                	slli	a0,a0,0x10
    324c:	352c0713          	addi	a4,s8,850 # 6352 <OLED_F6x8+0xba>
    3250:	46a1                	li	a3,8
    3252:	4619                	li	a2,6
    3254:	85da                	mv	a1,s6
    3256:	8541                	srai	a0,a0,0x10
    3258:	cc9ff0ef          	jal	ra,2f20 <OLED_ShowImage>
    325c:	0419                	addi	s0,s0,6
    325e:	bdf5                	j	315a <OLED_ShowString+0x52>

00003260 <SIM_Init>:
    3260:	f91fc2ef          	jal	t0,1f0 <__riscv_save_0>
    3264:	7179                	addi	sp,sp,-48
    3266:	4585                	li	a1,1
    3268:	4515                	li	a0,5
    326a:	ca02                	sw	zero,20(sp)
    326c:	cc02                	sw	zero,24(sp)
    326e:	ce02                	sw	zero,28(sp)
    3270:	d002                	sw	zero,32(sp)
    3272:	d202                	sw	zero,36(sp)
    3274:	d402                	sw	zero,40(sp)
    3276:	d602                	sw	zero,44(sp)
    3278:	c602                	sw	zero,12(sp)
    327a:	c802                	sw	zero,16(sp)
    327c:	20e010ef          	jal	ra,448a <RCC_APB2PeriphClockCmd>
    3280:	4585                	li	a1,1
    3282:	00020537          	lui	a0,0x20
    3286:	222010ef          	jal	ra,44a8 <RCC_APB1PeriphClockCmd>
    328a:	4791                	li	a5,4
    328c:	82fc                	sh	a5,20(sp)
    328e:	40011437          	lui	s0,0x40011
    3292:	478d                	li	a5,3
    3294:	cc3e                	sw	a5,24(sp)
    3296:	084c                	addi	a1,sp,20
    3298:	47e1                	li	a5,24
    329a:	80040513          	addi	a0,s0,-2048 # 40010800 <_eusrstack+0x20008800>
    329e:	ce3e                	sw	a5,28(sp)
    32a0:	77f000ef          	jal	ra,421e <GPIO_Init>
    32a4:	47a1                	li	a5,8
    32a6:	82fc                	sh	a5,20(sp)
    32a8:	084c                	addi	a1,sp,20
    32aa:	4791                	li	a5,4
    32ac:	80040513          	addi	a0,s0,-2048
    32b0:	ce3e                	sw	a5,28(sp)
    32b2:	76d000ef          	jal	ra,421e <GPIO_Init>
    32b6:	67f1                	lui	a5,0x1c
    32b8:	40004437          	lui	s0,0x40004
    32bc:	20078793          	addi	a5,a5,512 # 1c200 <_data_lma+0x15580>
    32c0:	d03e                	sw	a5,32(sp)
    32c2:	100c                	addi	a1,sp,32
    32c4:	000c07b7          	lui	a5,0xc0
    32c8:	40040513          	addi	a0,s0,1024 # 40004400 <_eusrstack+0x1fffc400>
    32cc:	d43e                	sw	a5,40(sp)
    32ce:	d202                	sw	zero,36(sp)
    32d0:	02011623          	sh	zero,44(sp)
    32d4:	322010ef          	jal	ra,45f6 <USART_Init>
    32d8:	40040513          	addi	a0,s0,1024
    32dc:	4605                	li	a2,1
    32de:	52500593          	li	a1,1317
    32e2:	3ba010ef          	jal	ra,469c <USART_ITConfig>
    32e6:	4601                	li	a2,0
    32e8:	40040513          	addi	a0,s0,1024
    32ec:	72700593          	li	a1,1831
    32f0:	3ac010ef          	jal	ra,469c <USART_ITConfig>
    32f4:	4585                	li	a1,1
    32f6:	40040513          	addi	a0,s0,1024
    32fa:	38c010ef          	jal	ra,4686 <USART_Cmd>
    32fe:	13600793          	li	a5,310
    3302:	867c                	sh	a5,12(sp)
    3304:	0068                	addi	a0,sp,12
    3306:	4785                	li	a5,1
    3308:	c83e                	sw	a5,16(sp)
    330a:	00010723          	sb	zero,14(sp)
    330e:	7eb000ef          	jal	ra,42f8 <NVIC_Init>
    3312:	6145                	addi	sp,sp,48
    3314:	f01fc06f          	j	214 <__riscv_restore_0>

00003318 <SIM_SendCmd>:
    3318:	0e050f63          	beqz	a0,3416 <SIM_SendCmd+0xfe>
    331c:	4781                	li	a5,0
    331e:	1fe00713          	li	a4,510
    3322:	00f506b3          	add	a3,a0,a5
    3326:	00068683          	lb	a3,0(a3)
    332a:	01079593          	slli	a1,a5,0x10
    332e:	81c1                	srli	a1,a1,0x10
    3330:	c691                	beqz	a3,333c <SIM_SendCmd+0x24>
    3332:	0785                	addi	a5,a5,1
    3334:	fee797e3          	bne	a5,a4,3322 <SIM_SendCmd+0xa>
    3338:	1fd00593          	li	a1,509
    333c:	08800793          	li	a5,136
    3340:	8007b073          	csrc	0x800,a5
    3344:	0000100f          	fence.i
    3348:	8b618713          	addi	a4,gp,-1866 # 20000136 <sim_tx_tail>
    334c:	8b418613          	addi	a2,gp,-1868 # 20000134 <sim_tx_head>
    3350:	2316                	lhu	a3,0(a4)
    3352:	2212                	lhu	a2,0(a2)
    3354:	231a                	lhu	a4,0(a4)
    3356:	8b418793          	addi	a5,gp,-1868 # 20000134 <sim_tx_head>
    335a:	02d67063          	bgeu	a2,a3,337a <SIM_SendCmd+0x62>
    335e:	2396                	lhu	a3,0(a5)
    3360:	177d                	addi	a4,a4,-1
    3362:	8f15                	sub	a4,a4,a3
    3364:	0742                	slli	a4,a4,0x10
    3366:	8341                	srli	a4,a4,0x10
    3368:	00158693          	addi	a3,a1,1
    336c:	08e6cf63          	blt	a3,a4,340a <SIM_SendCmd+0xf2>
    3370:	08800793          	li	a5,136
    3374:	8007a073          	csrs	0x800,a5
    3378:	8082                	ret
    337a:	2396                	lhu	a3,0(a5)
    337c:	1ff70713          	addi	a4,a4,511
    3380:	b7cd                	j	3362 <SIM_SendCmd+0x4a>
    3382:	2396                	lhu	a3,0(a5)
    3384:	00c50833          	add	a6,a0,a2
    3388:	00084803          	lbu	a6,0(a6)
    338c:	96ba                	add	a3,a3,a4
    338e:	0605                	addi	a2,a2,1
    3390:	01068023          	sb	a6,0(a3)
    3394:	2396                	lhu	a3,0(a5)
    3396:	0685                	addi	a3,a3,1
    3398:	1ff6f693          	andi	a3,a3,511
    339c:	a396                	sh	a3,0(a5)
    339e:	01061693          	slli	a3,a2,0x10
    33a2:	82c1                	srli	a3,a3,0x10
    33a4:	fcb6efe3          	bltu	a3,a1,3382 <SIM_SendCmd+0x6a>
    33a8:	2396                	lhu	a3,0(a5)
    33aa:	4635                	li	a2,13
    33ac:	40004437          	lui	s0,0x40004
    33b0:	96ba                	add	a3,a3,a4
    33b2:	a290                	sb	a2,0(a3)
    33b4:	2396                	lhu	a3,0(a5)
    33b6:	08000593          	li	a1,128
    33ba:	40040513          	addi	a0,s0,1024 # 40004400 <_eusrstack+0x1fffc400>
    33be:	0685                	addi	a3,a3,1
    33c0:	1ff6f693          	andi	a3,a3,511
    33c4:	a396                	sh	a3,0(a5)
    33c6:	2396                	lhu	a3,0(a5)
    33c8:	9736                	add	a4,a4,a3
    33ca:	46a9                	li	a3,10
    33cc:	a314                	sb	a3,0(a4)
    33ce:	239a                	lhu	a4,0(a5)
    33d0:	0705                	addi	a4,a4,1
    33d2:	1ff77713          	andi	a4,a4,511
    33d6:	a39a                	sh	a4,0(a5)
    33d8:	30a010ef          	jal	ra,46e2 <USART_GetFlagStatus>
    33dc:	e901                	bnez	a0,33ec <SIM_SendCmd+0xd4>
    33de:	4605                	li	a2,1
    33e0:	72700593          	li	a1,1831
    33e4:	40040513          	addi	a0,s0,1024
    33e8:	2b4010ef          	jal	ra,469c <USART_ITConfig>
    33ec:	40004537          	lui	a0,0x40004
    33f0:	4605                	li	a2,1
    33f2:	72700593          	li	a1,1831
    33f6:	40050513          	addi	a0,a0,1024 # 40004400 <_eusrstack+0x1fffc400>
    33fa:	2a2010ef          	jal	ra,469c <USART_ITConfig>
    33fe:	08800793          	li	a5,136
    3402:	8007a073          	csrs	0x800,a5
    3406:	e0ffc06f          	j	214 <__riscv_restore_0>
    340a:	de7fc2ef          	jal	t0,1f0 <__riscv_save_0>
    340e:	4601                	li	a2,0
    3410:	4a818713          	addi	a4,gp,1192 # 20000d28 <sim_tx_buf>
    3414:	b769                	j	339e <SIM_SendCmd+0x86>
    3416:	8082                	ret

00003418 <USART2_IRQHandler>:
    3418:	715d                	addi	sp,sp,-80
    341a:	de22                	sw	s0,60(sp)
    341c:	40004437          	lui	s0,0x40004
    3420:	da2a                	sw	a0,52(sp)
    3422:	d82e                	sw	a1,48(sp)
    3424:	40040513          	addi	a0,s0,1024 # 40004400 <_eusrstack+0x1fffc400>
    3428:	52500593          	li	a1,1317
    342c:	c686                	sw	ra,76(sp)
    342e:	c496                	sw	t0,72(sp)
    3430:	c29a                	sw	t1,68(sp)
    3432:	c09e                	sw	t2,64(sp)
    3434:	dc26                	sw	s1,56(sp)
    3436:	d632                	sw	a2,44(sp)
    3438:	d436                	sw	a3,40(sp)
    343a:	d23a                	sw	a4,36(sp)
    343c:	d03e                	sw	a5,32(sp)
    343e:	ce42                	sw	a6,28(sp)
    3440:	cc46                	sw	a7,24(sp)
    3442:	ca72                	sw	t3,20(sp)
    3444:	c876                	sw	t4,16(sp)
    3446:	c67a                	sw	t5,12(sp)
    3448:	c47e                	sw	t6,8(sp)
    344a:	2a2010ef          	jal	ra,46ec <USART_GetITStatus>
    344e:	c131                	beqz	a0,3492 <USART2_IRQHandler+0x7a>
    3450:	40040513          	addi	a0,s0,1024
    3454:	286010ef          	jal	ra,46da <USART_ReceiveData>
    3458:	8b018713          	addi	a4,gp,-1872 # 20000130 <sim_rx_head>
    345c:	8b218613          	addi	a2,gp,-1870 # 20000132 <sim_rx_tail>
    3460:	2316                	lhu	a3,0(a4)
    3462:	220e                	lhu	a1,0(a2)
    3464:	0685                	addi	a3,a3,1
    3466:	05c2                	slli	a1,a1,0x10
    3468:	1ff6f693          	andi	a3,a3,511
    346c:	81c1                	srli	a1,a1,0x10
    346e:	0ff57513          	andi	a0,a0,255
    3472:	2a818793          	addi	a5,gp,680 # 20000b28 <sim_rx_buf>
    3476:	08d58b63          	beq	a1,a3,350c <USART2_IRQHandler+0xf4>
    347a:	2312                	lhu	a2,0(a4)
    347c:	97b2                	add	a5,a5,a2
    347e:	a388                	sb	a0,0(a5)
    3480:	a316                	sh	a3,0(a4)
    3482:	40004537          	lui	a0,0x40004
    3486:	52500593          	li	a1,1317
    348a:	40050513          	addi	a0,a0,1024 # 40004400 <_eusrstack+0x1fffc400>
    348e:	29a010ef          	jal	ra,4728 <USART_ClearITPendingBit>
    3492:	400044b7          	lui	s1,0x40004
    3496:	72700593          	li	a1,1831
    349a:	40048513          	addi	a0,s1,1024 # 40004400 <_eusrstack+0x1fffc400>
    349e:	24e010ef          	jal	ra,46ec <USART_GetITStatus>
    34a2:	c121                	beqz	a0,34e2 <USART2_IRQHandler+0xca>
    34a4:	8b618413          	addi	s0,gp,-1866 # 20000136 <sim_tx_tail>
    34a8:	8b41d703          	lhu	a4,-1868(gp) # 20000134 <sim_tx_head>
    34ac:	201e                	lhu	a5,0(s0)
    34ae:	07c2                	slli	a5,a5,0x10
    34b0:	83c1                	srli	a5,a5,0x10
    34b2:	06e78763          	beq	a5,a4,3520 <USART2_IRQHandler+0x108>
    34b6:	201a                	lhu	a4,0(s0)
    34b8:	4a818793          	addi	a5,gp,1192 # 20000d28 <sim_tx_buf>
    34bc:	97ba                	add	a5,a5,a4
    34be:	238c                	lbu	a1,0(a5)
    34c0:	40048513          	addi	a0,s1,1024
    34c4:	20e010ef          	jal	ra,46d2 <USART_SendData>
    34c8:	201e                	lhu	a5,0(s0)
    34ca:	0785                	addi	a5,a5,1
    34cc:	1ff7f793          	andi	a5,a5,511
    34d0:	a01e                	sh	a5,0(s0)
    34d2:	40004537          	lui	a0,0x40004
    34d6:	72700593          	li	a1,1831
    34da:	40050513          	addi	a0,a0,1024 # 40004400 <_eusrstack+0x1fffc400>
    34de:	24a010ef          	jal	ra,4728 <USART_ClearITPendingBit>
    34e2:	5472                	lw	s0,60(sp)
    34e4:	40b6                	lw	ra,76(sp)
    34e6:	42a6                	lw	t0,72(sp)
    34e8:	4316                	lw	t1,68(sp)
    34ea:	4386                	lw	t2,64(sp)
    34ec:	54e2                	lw	s1,56(sp)
    34ee:	5552                	lw	a0,52(sp)
    34f0:	55c2                	lw	a1,48(sp)
    34f2:	5632                	lw	a2,44(sp)
    34f4:	56a2                	lw	a3,40(sp)
    34f6:	5712                	lw	a4,36(sp)
    34f8:	5782                	lw	a5,32(sp)
    34fa:	4872                	lw	a6,28(sp)
    34fc:	48e2                	lw	a7,24(sp)
    34fe:	4e52                	lw	t3,20(sp)
    3500:	4ec2                	lw	t4,16(sp)
    3502:	4f32                	lw	t5,12(sp)
    3504:	4fa2                	lw	t6,8(sp)
    3506:	6161                	addi	sp,sp,80
    3508:	30200073          	mret
    350c:	2316                	lhu	a3,0(a4)
    350e:	97b6                	add	a5,a5,a3
    3510:	a388                	sb	a0,0(a5)
    3512:	a30e                	sh	a1,0(a4)
    3514:	221e                	lhu	a5,0(a2)
    3516:	0785                	addi	a5,a5,1
    3518:	1ff7f793          	andi	a5,a5,511
    351c:	a21e                	sh	a5,0(a2)
    351e:	b795                	j	3482 <USART2_IRQHandler+0x6a>
    3520:	4601                	li	a2,0
    3522:	72700593          	li	a1,1831
    3526:	40048513          	addi	a0,s1,1024
    352a:	172010ef          	jal	ra,469c <USART_ITConfig>
    352e:	b755                	j	34d2 <USART2_IRQHandler+0xba>

00003530 <SIM_GetLine>:
    3530:	e501                	bnez	a0,3538 <SIM_GetLine+0x8>
    3532:	4701                	li	a4,0
    3534:	853a                	mv	a0,a4
    3536:	8082                	ret
    3538:	dded                	beqz	a1,3532 <SIM_GetLine+0x2>
    353a:	08800793          	li	a5,136
    353e:	8007b073          	csrc	0x800,a5
    3542:	0000100f          	fence.i
    3546:	8b018793          	addi	a5,gp,-1872 # 20000130 <sim_rx_head>
    354a:	8b218613          	addi	a2,gp,-1870 # 20000132 <sim_rx_tail>
    354e:	239a                	lhu	a4,0(a5)
    3550:	2212                	lhu	a2,0(a2)
    3552:	239e                	lhu	a5,0(a5)
    3554:	8b218693          	addi	a3,gp,-1870 # 20000132 <sim_rx_tail>
    3558:	00c76e63          	bltu	a4,a2,3574 <SIM_GetLine+0x44>
    355c:	229a                	lhu	a4,0(a3)
    355e:	8f99                	sub	a5,a5,a4
    3560:	07c2                	slli	a5,a5,0x10
    3562:	83c1                	srli	a5,a5,0x10
    3564:	4705                	li	a4,1
    3566:	00f76b63          	bltu	a4,a5,357c <SIM_GetLine+0x4c>
    356a:	08800793          	li	a5,136
    356e:	8007a073          	csrs	0x800,a5
    3572:	b7c1                	j	3532 <SIM_GetLine+0x2>
    3574:	229a                	lhu	a4,0(a3)
    3576:	20078793          	addi	a5,a5,512 # c0200 <_data_lma+0xb9580>
    357a:	b7d5                	j	355e <SIM_GetLine+0x2e>
    357c:	2292                	lhu	a2,0(a3)
    357e:	4701                	li	a4,0
    3580:	0642                	slli	a2,a2,0x10
    3582:	8241                	srli	a2,a2,0x10
    3584:	2a818893          	addi	a7,gp,680 # 20000b28 <sim_rx_buf>
    3588:	4335                	li	t1,13
    358a:	4e29                	li	t3,10
    358c:	00c88833          	add	a6,a7,a2
    3590:	00084e83          	lbu	t4,0(a6)
    3594:	00160813          	addi	a6,a2,1
    3598:	1ff87813          	andi	a6,a6,511
    359c:	01d31863          	bne	t1,t4,35ac <SIM_GetLine+0x7c>
    35a0:	01088eb3          	add	t4,a7,a6
    35a4:	000ece83          	lbu	t4,0(t4)
    35a8:	01de0b63          	beq	t3,t4,35be <SIM_GetLine+0x8e>
    35ac:	0705                	addi	a4,a4,1
    35ae:	0742                	slli	a4,a4,0x10
    35b0:	01081613          	slli	a2,a6,0x10
    35b4:	8341                	srli	a4,a4,0x10
    35b6:	8241                	srli	a2,a2,0x10
    35b8:	fce79ae3          	bne	a5,a4,358c <SIM_GetLine+0x5c>
    35bc:	b77d                	j	356a <SIM_GetLine+0x3a>
    35be:	20000793          	li	a5,512
    35c2:	faf604e3          	beq	a2,a5,356a <SIM_GetLine+0x3a>
    35c6:	229e                	lhu	a5,0(a3)
    35c8:	4301                	li	t1,0
    35ca:	4701                	li	a4,0
    35cc:	07c2                	slli	a5,a5,0x10
    35ce:	83c1                	srli	a5,a5,0x10
    35d0:	02000e13          	li	t3,32
    35d4:	15fd                	addi	a1,a1,-1
    35d6:	4ea5                	li	t4,9
    35d8:	02c79063          	bne	a5,a2,35f8 <SIM_GetLine+0xc8>
    35dc:	0789                	addi	a5,a5,2
    35de:	1ff7f793          	andi	a5,a5,511
    35e2:	a29e                	sh	a5,0(a3)
    35e4:	08800793          	li	a5,136
    35e8:	8007a073          	csrs	0x800,a5
    35ec:	f40303e3          	beqz	t1,3532 <SIM_GetLine+0x2>
    35f0:	953a                	add	a0,a0,a4
    35f2:	00050023          	sb	zero,0(a0)
    35f6:	bf3d                	j	3534 <SIM_GetLine+0x4>
    35f8:	00f88833          	add	a6,a7,a5
    35fc:	00084803          	lbu	a6,0(a6)
    3600:	0ff87813          	andi	a6,a6,255
    3604:	02080163          	beqz	a6,3626 <SIM_GetLine+0xf6>
    3608:	01c80563          	beq	a6,t3,3612 <SIM_GetLine+0xe2>
    360c:	01d80363          	beq	a6,t4,3612 <SIM_GetLine+0xe2>
    3610:	4305                	li	t1,1
    3612:	00b75a63          	bge	a4,a1,3626 <SIM_GetLine+0xf6>
    3616:	00170f13          	addi	t5,a4,1
    361a:	972a                	add	a4,a4,a0
    361c:	01070023          	sb	a6,0(a4)
    3620:	010f1713          	slli	a4,t5,0x10
    3624:	8341                	srli	a4,a4,0x10
    3626:	0785                	addi	a5,a5,1
    3628:	1ff7f793          	andi	a5,a5,511
    362c:	b775                	j	35d8 <SIM_GetLine+0xa8>

0000362e <NMI_Handler>:
    362e:	a001                	j	362e <NMI_Handler>

00003630 <HardFault_Handler>:
    3630:	beef07b7          	lui	a5,0xbeef0
    3634:	e000e737          	lui	a4,0xe000e
    3638:	08078793          	addi	a5,a5,128 # beef0080 <_eusrstack+0x9eee8080>
    363c:	c73c                	sw	a5,72(a4)
    363e:	a001                	j	363e <HardFault_Handler+0xe>

00003640 <main>:
    3640:	b89fc2ef          	jal	t0,1c8 <__riscv_save_10>
    3644:	4509                	li	a0,2
    3646:	4ad000ef          	jal	ra,42f2 <NVIC_PriorityGroupConfig>
    364a:	72e000ef          	jal	ra,3d78 <SystemCoreClockUpdate>
    364e:	0ee010ef          	jal	ra,473c <Delay_Init>
    3652:	6571                	lui	a0,0x1c
    3654:	20050513          	addi	a0,a0,512 # 1c200 <_data_lma+0x15580>
    3658:	176010ef          	jal	ra,47ce <USART_Printf_Init>
    365c:	8081a583          	lw	a1,-2040(gp) # 20000088 <SystemCoreClock>
    3660:	00007537          	lui	a0,0x7
    3664:	ac450513          	addi	a0,a0,-1340 # 6ac4 <OLED_F8x16+0x5f0>
    3668:	2ee010ef          	jal	ra,4956 <iprintf>
    366c:	1f1000ef          	jal	ra,405c <DBGMCU_GetCHIPID>
    3670:	85aa                	mv	a1,a0
    3672:	00007537          	lui	a0,0x7
    3676:	ad450513          	addi	a0,a0,-1324 # 6ad4 <OLED_F8x16+0x600>
    367a:	2dc010ef          	jal	ra,4956 <iprintf>
    367e:	ad8ff0ef          	jal	ra,2956 <Clock_Init>
    3682:	bdfff0ef          	jal	ra,3260 <SIM_Init>
    3686:	f6aff0ef          	jal	ra,2df0 <OLED_Init>
    368a:	bb0ff0ef          	jal	ra,2a3a <Fiber_Init>
    368e:	24f5                	jal	397a <Stick_Init>
    3690:	21a5                	jal	3af8 <Stick_Start>
    3692:	e41fc0ef          	jal	ra,4d2 <Touch_Init>
    3696:	00007637          	lui	a2,0x7
    369a:	4699                	li	a3,6
    369c:	ae460613          	addi	a2,a2,-1308 # 6ae4 <OLED_F8x16+0x610>
    36a0:	4581                	li	a1,0
    36a2:	4501                	li	a0,0
    36a4:	a65ff0ef          	jal	ra,3108 <OLED_ShowString>
    36a8:	00007637          	lui	a2,0x7
    36ac:	4699                	li	a3,6
    36ae:	af860613          	addi	a2,a2,-1288 # 6af8 <OLED_F8x16+0x624>
    36b2:	45c1                	li	a1,16
    36b4:	4501                	li	a0,0
    36b6:	a53ff0ef          	jal	ra,3108 <OLED_ShowString>
    36ba:	00007637          	lui	a2,0x7
    36be:	4699                	li	a3,6
    36c0:	b0c60613          	addi	a2,a2,-1268 # 6b0c <OLED_F8x16+0x638>
    36c4:	02800593          	li	a1,40
    36c8:	4501                	li	a0,0
    36ca:	a3fff0ef          	jal	ra,3108 <OLED_ShowString>
    36ce:	00007a37          	lui	s4,0x7
    36d2:	00007ab7          	lui	s5,0x7
    36d6:	00007b37          	lui	s6,0x7
    36da:	8c818913          	addi	s2,gp,-1848 # 20000148 <Stick1>
    36de:	8bc18793          	addi	a5,gp,-1860 # 2000013c <touch_deal_time>
    36e2:	8941a703          	lw	a4,-1900(gp) # 20000114 <tick_ms>
    36e6:	4394                	lw	a3,0(a5)
    36e8:	00d70563          	beq	a4,a3,36f2 <main+0xb2>
    36ec:	c398                	sw	a4,0(a5)
    36ee:	e31fc0ef          	jal	ra,51e <Touch_Deal>
    36f2:	8941a703          	lw	a4,-1900(gp) # 20000114 <tick_ms>
    36f6:	6795                	lui	a5,0x5
    36f8:	e1f78793          	addi	a5,a5,-481 # 4e1f <std+0x27>
    36fc:	0ee7ff63          	bgeu	a5,a4,37fa <main+0x1ba>
    3700:	8ba1c783          	lbu	a5,-1862(gp) # 2000013a <sim_lock_1>
    3704:	07f00713          	li	a4,127
    3708:	8ba18413          	addi	s0,gp,-1862 # 2000013a <sim_lock_1>
    370c:	0ee78763          	beq	a5,a4,37fa <main+0x1ba>
    3710:	eb89                	bnez	a5,3722 <main+0xe2>
    3712:	00007537          	lui	a0,0x7
    3716:	b1450513          	addi	a0,a0,-1260 # 6b14 <OLED_F8x16+0x640>
    371a:	bffff0ef          	jal	ra,3318 <SIM_SendCmd>
    371e:	4785                	li	a5,1
    3720:	a01c                	sb	a5,0(s0)
    3722:	8941a703          	lw	a4,-1900(gp) # 20000114 <tick_ms>
    3726:	6795                	lui	a5,0x5
    3728:	5ef78793          	addi	a5,a5,1519 # 55ef <_printf_common+0x6d>
    372c:	00e7fe63          	bgeu	a5,a4,3748 <main+0x108>
    3730:	2018                	lbu	a4,0(s0)
    3732:	4785                	li	a5,1
    3734:	00f71a63          	bne	a4,a5,3748 <main+0x108>
    3738:	00007537          	lui	a0,0x7
    373c:	b1850513          	addi	a0,a0,-1256 # 6b18 <OLED_F8x16+0x644>
    3740:	bd9ff0ef          	jal	ra,3318 <SIM_SendCmd>
    3744:	4789                	li	a5,2
    3746:	a01c                	sb	a5,0(s0)
    3748:	8941a703          	lw	a4,-1900(gp) # 20000114 <tick_ms>
    374c:	6799                	lui	a5,0x6
    374e:	dbf78793          	addi	a5,a5,-577 # 5dbf <_read+0x285>
    3752:	02e7fa63          	bgeu	a5,a4,3786 <main+0x146>
    3756:	2018                	lbu	a4,0(s0)
    3758:	4789                	li	a5,2
    375a:	02f71663          	bne	a4,a5,3786 <main+0x146>
    375e:	00007537          	lui	a0,0x7
    3762:	b2450513          	addi	a0,a0,-1244 # 6b24 <OLED_F8x16+0x650>
    3766:	bb3ff0ef          	jal	ra,3318 <SIM_SendCmd>
    376a:	00007537          	lui	a0,0x7
    376e:	b3050513          	addi	a0,a0,-1232 # 6b30 <OLED_F8x16+0x65c>
    3772:	ba7ff0ef          	jal	ra,3318 <SIM_SendCmd>
    3776:	00007537          	lui	a0,0x7
    377a:	b4050513          	addi	a0,a0,-1216 # 6b40 <OLED_F8x16+0x66c>
    377e:	b9bff0ef          	jal	ra,3318 <SIM_SendCmd>
    3782:	478d                	li	a5,3
    3784:	a01c                	sb	a5,0(s0)
    3786:	8941a703          	lw	a4,-1900(gp) # 20000114 <tick_ms>
    378a:	6799                	lui	a5,0x6
    378c:	58f78793          	addi	a5,a5,1423 # 658f <OLED_F8x16+0xbb>
    3790:	00e7fe63          	bgeu	a5,a4,37ac <main+0x16c>
    3794:	2018                	lbu	a4,0(s0)
    3796:	478d                	li	a5,3
    3798:	00f71a63          	bne	a4,a5,37ac <main+0x16c>
    379c:	00007537          	lui	a0,0x7
    37a0:	b4c50513          	addi	a0,a0,-1204 # 6b4c <OLED_F8x16+0x678>
    37a4:	b75ff0ef          	jal	ra,3318 <SIM_SendCmd>
    37a8:	4791                	li	a5,4
    37aa:	a01c                	sb	a5,0(s0)
    37ac:	8941a703          	lw	a4,-1900(gp) # 20000114 <tick_ms>
    37b0:	679d                	lui	a5,0x7
    37b2:	d5f78793          	addi	a5,a5,-673 # 6d5f <_data_lma+0xdf>
    37b6:	00e7fe63          	bgeu	a5,a4,37d2 <main+0x192>
    37ba:	2018                	lbu	a4,0(s0)
    37bc:	4791                	li	a5,4
    37be:	00f71a63          	bne	a4,a5,37d2 <main+0x192>
    37c2:	00007537          	lui	a0,0x7
    37c6:	b7850513          	addi	a0,a0,-1160 # 6b78 <OLED_F8x16+0x6a4>
    37ca:	b4fff0ef          	jal	ra,3318 <SIM_SendCmd>
    37ce:	4795                	li	a5,5
    37d0:	a01c                	sb	a5,0(s0)
    37d2:	8941a703          	lw	a4,-1900(gp) # 20000114 <tick_ms>
    37d6:	679d                	lui	a5,0x7
    37d8:	52f78793          	addi	a5,a5,1327 # 752f <_data_lma+0x8af>
    37dc:	00e7ff63          	bgeu	a5,a4,37fa <main+0x1ba>
    37e0:	2018                	lbu	a4,0(s0)
    37e2:	4795                	li	a5,5
    37e4:	00f71b63          	bne	a4,a5,37fa <main+0x1ba>
    37e8:	00007537          	lui	a0,0x7
    37ec:	b9850513          	addi	a0,a0,-1128 # 6b98 <OLED_F8x16+0x6c4>
    37f0:	b29ff0ef          	jal	ra,3318 <SIM_SendCmd>
    37f4:	07f00793          	li	a5,127
    37f8:	a01c                	sb	a5,0(s0)
    37fa:	10000593          	li	a1,256
    37fe:	6a818513          	addi	a0,gp,1704 # 20000f28 <line_buf>
    3802:	d2fff0ef          	jal	ra,3530 <SIM_GetLine>
    3806:	8aa19c23          	sh	a0,-1864(gp) # 20000138 <line_len>
    380a:	12051563          	bnez	a0,3934 <main+0x2f4>
    380e:	8941a783          	lw	a5,-1900(gp) # 20000114 <tick_ms>
    3812:	06400c13          	li	s8,100
    3816:	0387f7b3          	remu	a5,a5,s8
    381a:	ec0792e3          	bnez	a5,36de <main+0x9e>
    381e:	8c819603          	lh	a2,-1848(gp) # 20000148 <Stick1>
    3822:	4719                	li	a4,6
    3824:	4691                	li	a3,4
    3826:	45a1                	li	a1,8
    3828:	4549                	li	a0,18
    382a:	80fff0ef          	jal	ra,3038 <OLED_ShowNum>
    382e:	00291603          	lh	a2,2(s2)
    3832:	4719                	li	a4,6
    3834:	4691                	li	a3,4
    3836:	45a1                	li	a1,8
    3838:	03000513          	li	a0,48
    383c:	ffcff0ef          	jal	ra,3038 <OLED_ShowNum>
    3840:	00494603          	lbu	a2,4(s2)
    3844:	4719                	li	a4,6
    3846:	4685                	li	a3,1
    3848:	45a1                	li	a1,8
    384a:	05400513          	li	a0,84
    384e:	feaff0ef          	jal	ra,3038 <OLED_ShowNum>
    3852:	8d019603          	lh	a2,-1840(gp) # 20000150 <Stick2>
    3856:	4719                	li	a4,6
    3858:	4691                	li	a3,4
    385a:	45e1                	li	a1,24
    385c:	4549                	li	a0,18
    385e:	fdaff0ef          	jal	ra,3038 <OLED_ShowNum>
    3862:	8d018413          	addi	s0,gp,-1840 # 20000150 <Stick2>
    3866:	00241603          	lh	a2,2(s0)
    386a:	4719                	li	a4,6
    386c:	4691                	li	a3,4
    386e:	45e1                	li	a1,24
    3870:	03000513          	li	a0,48
    3874:	fc4ff0ef          	jal	ra,3038 <OLED_ShowNum>
    3878:	2050                	lbu	a2,4(s0)
    387a:	4719                	li	a4,6
    387c:	4685                	li	a3,1
    387e:	45e1                	li	a1,24
    3880:	05400513          	li	a0,84
    3884:	fb4ff0ef          	jal	ra,3038 <OLED_ShowNum>
    3888:	8941a603          	lw	a2,-1900(gp) # 20000114 <tick_ms>
    388c:	3e800793          	li	a5,1000
    3890:	4719                	li	a4,6
    3892:	02f65633          	divu	a2,a2,a5
    3896:	4699                	li	a3,6
    3898:	02000593          	li	a1,32
    389c:	4501                	li	a0,0
    389e:	89818413          	addi	s0,gp,-1896 # 20000118 <rc_packet>
    38a2:	f96ff0ef          	jal	ra,3038 <OLED_ShowNum>
    38a6:	4699                	li	a3,6
    38a8:	02e00613          	li	a2,46
    38ac:	02000593          	li	a1,32
    38b0:	02400513          	li	a0,36
    38b4:	f48ff0ef          	jal	ra,2ffc <OLED_ShowChar>
    38b8:	8941a603          	lw	a2,-1900(gp) # 20000114 <tick_ms>
    38bc:	4719                	li	a4,6
    38be:	4685                	li	a3,1
    38c0:	03865633          	divu	a2,a2,s8
    38c4:	02000593          	li	a1,32
    38c8:	02a00513          	li	a0,42
    38cc:	f6cff0ef          	jal	ra,3038 <OLED_ShowNum>
    38d0:	4699                	li	a3,6
    38d2:	07300613          	li	a2,115
    38d6:	02000593          	li	a1,32
    38da:	03000513          	li	a0,48
    38de:	f1eff0ef          	jal	ra,2ffc <OLED_ShowChar>
    38e2:	00140603          	lb	a2,1(s0)
    38e6:	4719                	li	a4,6
    38e8:	4689                	li	a3,2
    38ea:	03800593          	li	a1,56
    38ee:	4501                	li	a0,0
    38f0:	fa4ff0ef          	jal	ra,3094 <OLED_ShowSignedNum>
    38f4:	00240603          	lb	a2,2(s0)
    38f8:	4719                	li	a4,6
    38fa:	4689                	li	a3,2
    38fc:	03800593          	li	a1,56
    3900:	4561                	li	a0,24
    3902:	f92ff0ef          	jal	ra,3094 <OLED_ShowSignedNum>
    3906:	00340603          	lb	a2,3(s0)
    390a:	4719                	li	a4,6
    390c:	4689                	li	a3,2
    390e:	03800593          	li	a1,56
    3912:	03000513          	li	a0,48
    3916:	f7eff0ef          	jal	ra,3094 <OLED_ShowSignedNum>
    391a:	00440603          	lb	a2,4(s0)
    391e:	4719                	li	a4,6
    3920:	4689                	li	a3,2
    3922:	03800593          	li	a1,56
    3926:	04800513          	li	a0,72
    392a:	f6aff0ef          	jal	ra,3094 <OLED_ShowSignedNum>
    392e:	c6cff0ef          	jal	ra,2d9a <OLED_Update>
    3932:	b375                	j	36de <main+0x9e>
    3934:	46a1                	li	a3,8
    3936:	08000613          	li	a2,128
    393a:	03000593          	li	a1,48
    393e:	4501                	li	a0,0
    3940:	d76ff0ef          	jal	ra,2eb6 <OLED_ClearArea>
    3944:	4699                	li	a3,6
    3946:	6a818613          	addi	a2,gp,1704 # 20000f28 <line_buf>
    394a:	03000593          	li	a1,48
    394e:	4501                	li	a0,0
    3950:	fb8ff0ef          	jal	ra,3108 <OLED_ShowString>
    3954:	6a818593          	addi	a1,gp,1704 # 20000f28 <line_buf>
    3958:	baca0513          	addi	a0,s4,-1108 # 6bac <OLED_F8x16+0x6d8>
    395c:	7fb000ef          	jal	ra,4956 <iprintf>
    3960:	bbca8593          	addi	a1,s5,-1092 # 6bbc <OLED_F8x16+0x6e8>
    3964:	6a818513          	addi	a0,gp,1704 # 20000f28 <line_buf>
    3968:	10e010ef          	jal	ra,4a76 <strstr>
    396c:	e80507e3          	beqz	a0,37fa <main+0x1ba>
    3970:	bd0b0513          	addi	a0,s6,-1072 # 6bd0 <OLED_F8x16+0x6fc>
    3974:	0f6010ef          	jal	ra,4a6a <puts>
    3978:	b549                	j	37fa <main+0x1ba>

0000397a <Stick_Init>:
    397a:	877fc2ef          	jal	t0,1f0 <__riscv_save_0>
    397e:	7159                	addi	sp,sp,-112
    3980:	4585                	li	a1,1
    3982:	20c00513          	li	a0,524
    3986:	305000ef          	jal	ra,448a <RCC_APB2PeriphClockCmd>
    398a:	4585                	li	a1,1
    398c:	4505                	li	a0,1
    398e:	2df000ef          	jal	ra,446c <RCC_AHBPeriphClockCmd>
    3992:	4585                	li	a1,1
    3994:	4505                	li	a0,1
    3996:	313000ef          	jal	ra,44a8 <RCC_APB1PeriphClockCmd>
    399a:	6531                	lui	a0,0xc
    399c:	1b9000ef          	jal	ra,4354 <RCC_ADCCLKConfig>
    39a0:	40011437          	lui	s0,0x40011
    39a4:	448d                	li	s1,3
    39a6:	80040513          	addi	a0,s0,-2048 # 40010800 <_eusrstack+0x20008800>
    39aa:	082c                	addi	a1,sp,24
    39ac:	84e4                	sh	s1,24(sp)
    39ae:	d002                	sw	zero,32(sp)
    39b0:	06f000ef          	jal	ra,421e <GPIO_Init>
    39b4:	c0040513          	addi	a0,s0,-1024
    39b8:	082c                	addi	a1,sp,24
    39ba:	84e4                	sh	s1,24(sp)
    39bc:	063000ef          	jal	ra,421e <GPIO_Init>
    39c0:	30000793          	li	a5,768
    39c4:	082c                	addi	a1,sp,24
    39c6:	c0040513          	addi	a0,s0,-1024
    39ca:	84fc                	sh	a5,24(sp)
    39cc:	04800793          	li	a5,72
    39d0:	400204b7          	lui	s1,0x40020
    39d4:	d03e                	sw	a5,32(sp)
    39d6:	049000ef          	jal	ra,421e <GPIO_Init>
    39da:	00848513          	addi	a0,s1,8 # 40020008 <_eusrstack+0x20018008>
    39de:	2561                	jal	4066 <DMA_DeInit>
    39e0:	40012437          	lui	s0,0x40012
    39e4:	44c40793          	addi	a5,s0,1100 # 4001244c <_eusrstack+0x2000a44c>
    39e8:	c2be                	sw	a5,68(sp)
    39ea:	8c018793          	addi	a5,gp,-1856 # 20000140 <ADC_DMA_Buffer>
    39ee:	c4be                	sw	a5,72(sp)
    39f0:	08000793          	li	a5,128
    39f4:	ccbe                	sw	a5,88(sp)
    39f6:	10000793          	li	a5,256
    39fa:	cebe                	sw	a5,92(sp)
    39fc:	40000793          	li	a5,1024
    3a00:	d0be                	sw	a5,96(sp)
    3a02:	02000793          	li	a5,32
    3a06:	00848513          	addi	a0,s1,8
    3a0a:	4911                	li	s2,4
    3a0c:	d2be                	sw	a5,100(sp)
    3a0e:	00cc                	addi	a1,sp,68
    3a10:	6789                	lui	a5,0x2
    3a12:	d4be                	sw	a5,104(sp)
    3a14:	c682                	sw	zero,76(sp)
    3a16:	c8ca                	sw	s2,80(sp)
    3a18:	ca82                	sw	zero,84(sp)
    3a1a:	d682                	sw	zero,108(sp)
    3a1c:	7b6000ef          	jal	ra,41d2 <DMA_Init>
    3a20:	4585                	li	a1,1
    3a22:	00848513          	addi	a0,s1,8
    3a26:	7e4000ef          	jal	ra,420a <DMA_Cmd>
    3a2a:	40040513          	addi	a0,s0,1024
    3a2e:	2195                	jal	3e92 <ADC_DeInit>
    3a30:	4785                	li	a5,1
    3a32:	d43e                	sw	a5,40(sp)
    3a34:	d63e                	sw	a5,44(sp)
    3a36:	104c                	addi	a1,sp,36
    3a38:	000e07b7          	lui	a5,0xe0
    3a3c:	40040513          	addi	a0,s0,1024
    3a40:	d83e                	sw	a5,48(sp)
    3a42:	d202                	sw	zero,36(sp)
    3a44:	da02                	sw	zero,52(sp)
    3a46:	03210c23          	sb	s2,56(sp)
    3a4a:	2161                	jal	3ed2 <ADC_Init>
    3a4c:	469d                	li	a3,7
    3a4e:	4605                	li	a2,1
    3a50:	4585                	li	a1,1
    3a52:	40040513          	addi	a0,s0,1024
    3a56:	2325                	jal	3f7e <ADC_RegularChannelConfig>
    3a58:	469d                	li	a3,7
    3a5a:	4609                	li	a2,2
    3a5c:	4581                	li	a1,0
    3a5e:	40040513          	addi	a0,s0,1024
    3a62:	2b31                	jal	3f7e <ADC_RegularChannelConfig>
    3a64:	469d                	li	a3,7
    3a66:	460d                	li	a2,3
    3a68:	45a5                	li	a1,9
    3a6a:	40040513          	addi	a0,s0,1024
    3a6e:	2b01                	jal	3f7e <ADC_RegularChannelConfig>
    3a70:	469d                	li	a3,7
    3a72:	4611                	li	a2,4
    3a74:	45a1                	li	a1,8
    3a76:	40040513          	addi	a0,s0,1024
    3a7a:	2311                	jal	3f7e <ADC_RegularChannelConfig>
    3a7c:	659d                	lui	a1,0x7
    3a7e:	40040513          	addi	a0,s0,1024
    3a82:	2b55                	jal	4036 <ADC_ExternalTrigInjectedConvConfig>
    3a84:	4581                	li	a1,0
    3a86:	40040513          	addi	a0,s0,1024
    3a8a:	2b6d                	jal	4044 <ADC_BufferCmd>
    3a8c:	4585                	li	a1,1
    3a8e:	40040513          	addi	a0,s0,1024
    3a92:	215d                	jal	3f38 <ADC_DMACmd>
    3a94:	40040513          	addi	a0,s0,1024
    3a98:	294d                	jal	3f4a <ADC_ResetCalibration>
    3a9a:	40040493          	addi	s1,s0,1024
    3a9e:	8526                	mv	a0,s1
    3aa0:	2955                	jal	3f54 <ADC_GetResetCalibrationStatus>
    3aa2:	fd75                	bnez	a0,3a9e <Stick_Init+0x124>
    3aa4:	40040513          	addi	a0,s0,1024
    3aa8:	2955                	jal	3f5c <ADC_StartCalibration>
    3aaa:	40040513          	addi	a0,s0,1024
    3aae:	4585                	li	a1,1
    3ab0:	29a5                	jal	3f28 <ADC_Cmd>
    3ab2:	3e700793          	li	a5,999
    3ab6:	c63e                	sw	a5,12(sp)
    3ab8:	006c                	addi	a1,sp,12
    3aba:	04700793          	li	a5,71
    3abe:	40000537          	lui	a0,0x40000
    3ac2:	c83e                	sw	a5,16(sp)
    3ac4:	23b000ef          	jal	ra,44fe <TIM_TimeBaseInit>
    3ac8:	4585                	li	a1,1
    3aca:	40000537          	lui	a0,0x40000
    3ace:	31d000ef          	jal	ra,45ea <TIM_ClearITPendingBit>
    3ad2:	4605                	li	a2,1
    3ad4:	4585                	li	a1,1
    3ad6:	40000537          	lui	a0,0x40000
    3ada:	2e7000ef          	jal	ra,45c0 <TIM_ITConfig>
    3ade:	12c00793          	li	a5,300
    3ae2:	827c                	sh	a5,4(sp)
    3ae4:	0048                	addi	a0,sp,4
    3ae6:	4785                	li	a5,1
    3ae8:	c43e                	sw	a5,8(sp)
    3aea:	00010323          	sb	zero,6(sp)
    3aee:	00b000ef          	jal	ra,42f8 <NVIC_Init>
    3af2:	6165                	addi	sp,sp,112
    3af4:	f20fc06f          	j	214 <__riscv_restore_0>

00003af8 <Stick_Start>:
    3af8:	ef8fc2ef          	jal	t0,1f0 <__riscv_save_0>
    3afc:	40012537          	lui	a0,0x40012
    3b00:	4585                	li	a1,1
    3b02:	40050513          	addi	a0,a0,1024 # 40012400 <_eusrstack+0x2000a400>
    3b06:	2185                	jal	3f66 <ADC_SoftwareStartConvCmd>
    3b08:	4585                	li	a1,1
    3b0a:	40000537          	lui	a0,0x40000
    3b0e:	29b000ef          	jal	ra,45a8 <TIM_Cmd>
    3b12:	f02fc06f          	j	214 <__riscv_restore_0>

00003b16 <TIM2_IRQHandler>:
    3b16:	1141                	addi	sp,sp,-16
    3b18:	4585                	li	a1,1
    3b1a:	40000537          	lui	a0,0x40000
    3b1e:	c622                	sw	s0,12(sp)
    3b20:	c426                	sw	s1,8(sp)
    3b22:	2b1000ef          	jal	ra,45d2 <TIM_GetITStatus>
    3b26:	10050363          	beqz	a0,3c2c <TIM2_IRQHandler+0x116>
    3b2a:	4585                	li	a1,1
    3b2c:	40000537          	lui	a0,0x40000
    3b30:	2bb000ef          	jal	ra,45ea <TIM_ClearITPendingBit>
    3b34:	8c018793          	addi	a5,gp,-1856 # 20000140 <ADC_DMA_Buffer>
    3b38:	239e                	lhu	a5,0(a5)
    3b3a:	8c018713          	addi	a4,gp,-1856 # 20000140 <ADC_DMA_Buffer>
    3b3e:	07ad                	addi	a5,a5,11
    3b40:	07c2                	slli	a5,a5,0x10
    3b42:	83c1                	srli	a5,a5,0x10
    3b44:	01079613          	slli	a2,a5,0x10
    3b48:	8641                	srai	a2,a2,0x10
    3b4a:	0e064663          	bltz	a2,3c36 <TIM2_IRQHandler+0x120>
    3b4e:	6685                	lui	a3,0x1
    3b50:	00d64463          	blt	a2,a3,3b58 <TIM2_IRQHandler+0x42>
    3b54:	fff68793          	addi	a5,a3,-1 # fff <USBH_EnumHubDevice+0x18b>
    3b58:	8cf19423          	sh	a5,-1848(gp) # 20000148 <Stick1>
    3b5c:	233e                	lhu	a5,2(a4)
    3b5e:	8c818493          	addi	s1,gp,-1848 # 20000148 <Stick1>
    3b62:	17ed                	addi	a5,a5,-5
    3b64:	07c2                	slli	a5,a5,0x10
    3b66:	83c1                	srli	a5,a5,0x10
    3b68:	01079613          	slli	a2,a5,0x10
    3b6c:	8641                	srai	a2,a2,0x10
    3b6e:	0c064663          	bltz	a2,3c3a <TIM2_IRQHandler+0x124>
    3b72:	6685                	lui	a3,0x1
    3b74:	00d64463          	blt	a2,a3,3b7c <TIM2_IRQHandler+0x66>
    3b78:	fff68793          	addi	a5,a3,-1 # fff <USBH_EnumHubDevice+0x18b>
    3b7c:	a0be                	sh	a5,2(s1)
    3b7e:	235e                	lhu	a5,4(a4)
    3b80:	1791                	addi	a5,a5,-28
    3b82:	07c2                	slli	a5,a5,0x10
    3b84:	83c1                	srli	a5,a5,0x10
    3b86:	01079613          	slli	a2,a5,0x10
    3b8a:	8641                	srai	a2,a2,0x10
    3b8c:	0a064963          	bltz	a2,3c3e <TIM2_IRQHandler+0x128>
    3b90:	6685                	lui	a3,0x1
    3b92:	00d64463          	blt	a2,a3,3b9a <TIM2_IRQHandler+0x84>
    3b96:	fff68793          	addi	a5,a3,-1 # fff <USBH_EnumHubDevice+0x18b>
    3b9a:	8cf19823          	sh	a5,-1840(gp) # 20000150 <Stick2>
    3b9e:	237e                	lhu	a5,6(a4)
    3ba0:	8d018413          	addi	s0,gp,-1840 # 20000150 <Stick2>
    3ba4:	07ad                	addi	a5,a5,11
    3ba6:	07c2                	slli	a5,a5,0x10
    3ba8:	83c1                	srli	a5,a5,0x10
    3baa:	01079693          	slli	a3,a5,0x10
    3bae:	86c1                	srai	a3,a3,0x10
    3bb0:	0806c963          	bltz	a3,3c42 <TIM2_IRQHandler+0x12c>
    3bb4:	6705                	lui	a4,0x1
    3bb6:	00e6c463          	blt	a3,a4,3bbe <TIM2_IRQHandler+0xa8>
    3bba:	fff70793          	addi	a5,a4,-1 # fff <USBH_EnumHubDevice+0x18b>
    3bbe:	40011537          	lui	a0,0x40011
    3bc2:	20000593          	li	a1,512
    3bc6:	c0050513          	addi	a0,a0,-1024 # 40010c00 <_eusrstack+0x20008c00>
    3bca:	a03e                	sh	a5,2(s0)
    3bcc:	2f09                	jal	42de <GPIO_ReadInputDataBit>
    3bce:	8061c683          	lbu	a3,-2042(gp) # 20000086 <btn1_last>
    3bd2:	00153713          	seqz	a4,a0
    3bd6:	a0d8                	sb	a4,4(s1)
    3bd8:	4605                	li	a2,1
    3bda:	80618793          	addi	a5,gp,-2042 # 20000086 <btn1_last>
    3bde:	00c68363          	beq	a3,a2,3be4 <TIM2_IRQHandler+0xce>
    3be2:	4701                	li	a4,0
    3be4:	b0d8                	sb	a4,5(s1)
    3be6:	4701                	li	a4,0
    3be8:	e689                	bnez	a3,3bf2 <TIM2_IRQHandler+0xdc>
    3bea:	fff50713          	addi	a4,a0,-1
    3bee:	00173713          	seqz	a4,a4
    3bf2:	a388                	sb	a0,0(a5)
    3bf4:	40011537          	lui	a0,0x40011
    3bf8:	10000593          	li	a1,256
    3bfc:	c0050513          	addi	a0,a0,-1024 # 40010c00 <_eusrstack+0x20008c00>
    3c00:	a0f8                	sb	a4,6(s1)
    3c02:	2df1                	jal	42de <GPIO_ReadInputDataBit>
    3c04:	8071c683          	lbu	a3,-2041(gp) # 20000087 <btn2_last>
    3c08:	00153713          	seqz	a4,a0
    3c0c:	a058                	sb	a4,4(s0)
    3c0e:	4605                	li	a2,1
    3c10:	80718793          	addi	a5,gp,-2041 # 20000087 <btn2_last>
    3c14:	00c68363          	beq	a3,a2,3c1a <TIM2_IRQHandler+0x104>
    3c18:	4701                	li	a4,0
    3c1a:	b058                	sb	a4,5(s0)
    3c1c:	4701                	li	a4,0
    3c1e:	e689                	bnez	a3,3c28 <TIM2_IRQHandler+0x112>
    3c20:	fff50713          	addi	a4,a0,-1
    3c24:	00173713          	seqz	a4,a4
    3c28:	a078                	sb	a4,6(s0)
    3c2a:	a388                	sb	a0,0(a5)
    3c2c:	4432                	lw	s0,12(sp)
    3c2e:	44a2                	lw	s1,8(sp)
    3c30:	0141                	addi	sp,sp,16
    3c32:	30200073          	mret
    3c36:	4781                	li	a5,0
    3c38:	b705                	j	3b58 <TIM2_IRQHandler+0x42>
    3c3a:	4781                	li	a5,0
    3c3c:	b781                	j	3b7c <TIM2_IRQHandler+0x66>
    3c3e:	4781                	li	a5,0
    3c40:	bfa9                	j	3b9a <TIM2_IRQHandler+0x84>
    3c42:	4781                	li	a5,0
    3c44:	bfad                	j	3bbe <TIM2_IRQHandler+0xa8>

00003c46 <ADC_Map>:
    3c46:	87aa                	mv	a5,a0
    3c48:	04054063          	bltz	a0,3c88 <ADC_Map+0x42>
    3c4c:	6705                	lui	a4,0x1
    3c4e:	03200513          	li	a0,50
    3c52:	02e7dd63          	bge	a5,a4,3c8c <ADC_Map+0x46>
    3c56:	80078793          	addi	a5,a5,-2048 # df800 <_data_lma+0xd8b80>
    3c5a:	80070713          	addi	a4,a4,-2048 # 800 <__stack_size>
    3c5e:	8f0d                	sub	a4,a4,a1
    3c60:	40b78533          	sub	a0,a5,a1
    3c64:	00f5c963          	blt	a1,a5,3c76 <ADC_Map+0x30>
    3c68:	40b006b3          	neg	a3,a1
    3c6c:	4501                	li	a0,0
    3c6e:	00d7df63          	bge	a5,a3,3c8c <ADC_Map+0x46>
    3c72:	00b78533          	add	a0,a5,a1
    3c76:	03200793          	li	a5,50
    3c7a:	02f50533          	mul	a0,a0,a5
    3c7e:	02e54533          	div	a0,a0,a4
    3c82:	0562                	slli	a0,a0,0x18
    3c84:	8561                	srai	a0,a0,0x18
    3c86:	8082                	ret
    3c88:	fce00513          	li	a0,-50
    3c8c:	8082                	ret

00003c8e <SystemInit>:
    3c8e:	400217b7          	lui	a5,0x40021
    3c92:	4398                	lw	a4,0(a5)
    3c94:	f0ff06b7          	lui	a3,0xf0ff0
    3c98:	1141                	addi	sp,sp,-16
    3c9a:	00176713          	ori	a4,a4,1
    3c9e:	c398                	sw	a4,0(a5)
    3ca0:	43d8                	lw	a4,4(a5)
    3ca2:	00020637          	lui	a2,0x20
    3ca6:	8f75                	and	a4,a4,a3
    3ca8:	c3d8                	sw	a4,4(a5)
    3caa:	4398                	lw	a4,0(a5)
    3cac:	fef706b7          	lui	a3,0xfef70
    3cb0:	16fd                	addi	a3,a3,-1
    3cb2:	8f75                	and	a4,a4,a3
    3cb4:	c398                	sw	a4,0(a5)
    3cb6:	4398                	lw	a4,0(a5)
    3cb8:	fffc06b7          	lui	a3,0xfffc0
    3cbc:	16fd                	addi	a3,a3,-1
    3cbe:	8f75                	and	a4,a4,a3
    3cc0:	c398                	sw	a4,0(a5)
    3cc2:	43d8                	lw	a4,4(a5)
    3cc4:	ff0106b7          	lui	a3,0xff010
    3cc8:	16fd                	addi	a3,a3,-1
    3cca:	8f75                	and	a4,a4,a3
    3ccc:	c3d8                	sw	a4,4(a5)
    3cce:	009f0737          	lui	a4,0x9f0
    3cd2:	c798                	sw	a4,8(a5)
    3cd4:	c402                	sw	zero,8(sp)
    3cd6:	c602                	sw	zero,12(sp)
    3cd8:	4398                	lw	a4,0(a5)
    3cda:	66c1                	lui	a3,0x10
    3cdc:	8f55                	or	a4,a4,a3
    3cde:	c398                	sw	a4,0(a5)
    3ce0:	400216b7          	lui	a3,0x40021
    3ce4:	6705                	lui	a4,0x1
    3ce6:	429c                	lw	a5,0(a3)
    3ce8:	8ff1                	and	a5,a5,a2
    3cea:	c63e                	sw	a5,12(sp)
    3cec:	47a2                	lw	a5,8(sp)
    3cee:	0785                	addi	a5,a5,1
    3cf0:	c43e                	sw	a5,8(sp)
    3cf2:	47b2                	lw	a5,12(sp)
    3cf4:	e781                	bnez	a5,3cfc <SystemInit+0x6e>
    3cf6:	47a2                	lw	a5,8(sp)
    3cf8:	fee797e3          	bne	a5,a4,3ce6 <SystemInit+0x58>
    3cfc:	400217b7          	lui	a5,0x40021
    3d00:	439c                	lw	a5,0(a5)
    3d02:	00e79713          	slli	a4,a5,0xe
    3d06:	06075763          	bgez	a4,3d74 <SystemInit+0xe6>
    3d0a:	4785                	li	a5,1
    3d0c:	c63e                	sw	a5,12(sp)
    3d0e:	4732                	lw	a4,12(sp)
    3d10:	4785                	li	a5,1
    3d12:	04f71f63          	bne	a4,a5,3d70 <SystemInit+0xe2>
    3d16:	400217b7          	lui	a5,0x40021
    3d1a:	43d8                	lw	a4,4(a5)
    3d1c:	ffc106b7          	lui	a3,0xffc10
    3d20:	16fd                	addi	a3,a3,-1
    3d22:	c3d8                	sw	a4,4(a5)
    3d24:	43d8                	lw	a4,4(a5)
    3d26:	c3d8                	sw	a4,4(a5)
    3d28:	43d8                	lw	a4,4(a5)
    3d2a:	40076713          	ori	a4,a4,1024
    3d2e:	c3d8                	sw	a4,4(a5)
    3d30:	43d8                	lw	a4,4(a5)
    3d32:	8f75                	and	a4,a4,a3
    3d34:	c3d8                	sw	a4,4(a5)
    3d36:	43d8                	lw	a4,4(a5)
    3d38:	003d06b7          	lui	a3,0x3d0
    3d3c:	8f55                	or	a4,a4,a3
    3d3e:	c3d8                	sw	a4,4(a5)
    3d40:	4398                	lw	a4,0(a5)
    3d42:	010006b7          	lui	a3,0x1000
    3d46:	8f55                	or	a4,a4,a3
    3d48:	c398                	sw	a4,0(a5)
    3d4a:	4398                	lw	a4,0(a5)
    3d4c:	00671693          	slli	a3,a4,0x6
    3d50:	fe06dde3          	bgez	a3,3d4a <SystemInit+0xbc>
    3d54:	43d8                	lw	a4,4(a5)
    3d56:	400216b7          	lui	a3,0x40021
    3d5a:	9b71                	andi	a4,a4,-4
    3d5c:	c3d8                	sw	a4,4(a5)
    3d5e:	43d8                	lw	a4,4(a5)
    3d60:	00276713          	ori	a4,a4,2
    3d64:	c3d8                	sw	a4,4(a5)
    3d66:	4721                	li	a4,8
    3d68:	42dc                	lw	a5,4(a3)
    3d6a:	8bb1                	andi	a5,a5,12
    3d6c:	fee79ee3          	bne	a5,a4,3d68 <SystemInit+0xda>
    3d70:	0141                	addi	sp,sp,16
    3d72:	8082                	ret
    3d74:	c602                	sw	zero,12(sp)
    3d76:	bf61                	j	3d0e <SystemInit+0x80>

00003d78 <SystemCoreClockUpdate>:
    3d78:	400216b7          	lui	a3,0x40021
    3d7c:	42dc                	lw	a5,4(a3)
    3d7e:	4611                	li	a2,4
    3d80:	8bb1                	andi	a5,a5,12
    3d82:	80818713          	addi	a4,gp,-2040 # 20000088 <SystemCoreClock>
    3d86:	00c78563          	beq	a5,a2,3d90 <SystemCoreClockUpdate+0x18>
    3d8a:	4621                	li	a2,8
    3d8c:	02c78863          	beq	a5,a2,3dbc <SystemCoreClockUpdate+0x44>
    3d90:	007a17b7          	lui	a5,0x7a1
    3d94:	20078793          	addi	a5,a5,512 # 7a1200 <_data_lma+0x79a580>
    3d98:	c31c                	sw	a5,0(a4)
    3d9a:	400217b7          	lui	a5,0x40021
    3d9e:	43dc                	lw	a5,4(a5)
    3da0:	8391                	srli	a5,a5,0x4
    3da2:	00f7f693          	andi	a3,a5,15
    3da6:	200007b7          	lui	a5,0x20000
    3daa:	00078793          	mv	a5,a5
    3dae:	97b6                	add	a5,a5,a3
    3db0:	2394                	lbu	a3,0(a5)
    3db2:	431c                	lw	a5,0(a4)
    3db4:	00d7d7b3          	srl	a5,a5,a3
    3db8:	c31c                	sw	a5,0(a4)
    3dba:	8082                	ret
    3dbc:	42dc                	lw	a5,4(a3)
    3dbe:	42d4                	lw	a3,4(a3)
    3dc0:	6641                	lui	a2,0x10
    3dc2:	83c9                	srli	a5,a5,0x12
    3dc4:	8bbd                	andi	a5,a5,15
    3dc6:	8ef1                	and	a3,a3,a2
    3dc8:	0789                	addi	a5,a5,2
    3dca:	4645                	li	a2,17
    3dcc:	00c79363          	bne	a5,a2,3dd2 <SystemCoreClockUpdate+0x5a>
    3dd0:	47c9                	li	a5,18
    3dd2:	ee81                	bnez	a3,3dea <SystemCoreClockUpdate+0x72>
    3dd4:	400246b7          	lui	a3,0x40024
    3dd8:	8006a683          	lw	a3,-2048(a3) # 40023800 <_eusrstack+0x2001b800>
    3ddc:	8ac1                	andi	a3,a3,16
    3dde:	ce89                	beqz	a3,3df8 <SystemCoreClockUpdate+0x80>
    3de0:	007a16b7          	lui	a3,0x7a1
    3de4:	20068693          	addi	a3,a3,512 # 7a1200 <_data_lma+0x79a580>
    3de8:	a821                	j	3e00 <SystemCoreClockUpdate+0x88>
    3dea:	400216b7          	lui	a3,0x40021
    3dee:	42d4                	lw	a3,4(a3)
    3df0:	00e69613          	slli	a2,a3,0xe
    3df4:	fe0656e3          	bgez	a2,3de0 <SystemCoreClockUpdate+0x68>
    3df8:	003d16b7          	lui	a3,0x3d1
    3dfc:	90068693          	addi	a3,a3,-1792 # 3d0900 <_data_lma+0x3c9c80>
    3e00:	02d787b3          	mul	a5,a5,a3
    3e04:	bf51                	j	3d98 <SystemCoreClockUpdate+0x20>

00003e06 <ADC1_2_IRQHandler>:
    3e06:	a001                	j	3e06 <ADC1_2_IRQHandler>

00003e08 <handle_reset>:
    3e08:	1fffd197          	auipc	gp,0x1fffd
    3e0c:	a7818193          	addi	gp,gp,-1416 # 20000880 <__global_pointer$>
    3e10:	20004117          	auipc	sp,0x20004
    3e14:	1f010113          	addi	sp,sp,496 # 20008000 <_eusrstack>
    3e18:	00003517          	auipc	a0,0x3
    3e1c:	e6850513          	addi	a0,a0,-408 # 6c80 <_data_lma>
    3e20:	1fffc597          	auipc	a1,0x1fffc
    3e24:	1e058593          	addi	a1,a1,480 # 20000000 <_data_vma>
    3e28:	88818613          	addi	a2,gp,-1912 # 20000108 <_edata>
    3e2c:	00c5fa63          	bgeu	a1,a2,3e40 <handle_reset+0x38>
    3e30:	00052283          	lw	t0,0(a0)
    3e34:	0055a023          	sw	t0,0(a1)
    3e38:	0511                	addi	a0,a0,4
    3e3a:	0591                	addi	a1,a1,4
    3e3c:	fec5eae3          	bltu	a1,a2,3e30 <handle_reset+0x28>
    3e40:	88818513          	addi	a0,gp,-1912 # 20000108 <_edata>
    3e44:	7ac18593          	addi	a1,gp,1964 # 2000102c <_ebss>
    3e48:	00b57763          	bgeu	a0,a1,3e56 <handle_reset+0x4e>
    3e4c:	00052023          	sw	zero,0(a0)
    3e50:	0511                	addi	a0,a0,4
    3e52:	feb56de3          	bltu	a0,a1,3e4c <handle_reset+0x44>
    3e56:	42fd                	li	t0,31
    3e58:	bc029073          	csrw	0xbc0,t0
    3e5c:	42ad                	li	t0,11
    3e5e:	80429073          	csrw	0x804,t0
    3e62:	000062b7          	lui	t0,0x6
    3e66:	08828293          	addi	t0,t0,136 # 6088 <_read+0x54e>
    3e6a:	30029073          	csrw	mstatus,t0
    3e6e:	ffffc297          	auipc	t0,0xffffc
    3e72:	19628293          	addi	t0,t0,406 # 4 <_einit>
    3e76:	0032e293          	ori	t0,t0,3
    3e7a:	30529073          	csrw	mtvec,t0
    3e7e:	e11ff0ef          	jal	ra,3c8e <SystemInit>
    3e82:	fffff297          	auipc	t0,0xfffff
    3e86:	7be28293          	addi	t0,t0,1982 # 3640 <main>
    3e8a:	34129073          	csrw	mepc,t0
    3e8e:	30200073          	mret

00003e92 <ADC_DeInit>:
    3e92:	b5efc2ef          	jal	t0,1f0 <__riscv_save_0>
    3e96:	400127b7          	lui	a5,0x40012
    3e9a:	40078793          	addi	a5,a5,1024 # 40012400 <_eusrstack+0x2000a400>
    3e9e:	00f51c63          	bne	a0,a5,3eb6 <ADC_DeInit+0x24>
    3ea2:	4585                	li	a1,1
    3ea4:	20000513          	li	a0,512
    3ea8:	2d39                	jal	44c6 <RCC_APB2PeriphResetCmd>
    3eaa:	4581                	li	a1,0
    3eac:	20000513          	li	a0,512
    3eb0:	2d19                	jal	44c6 <RCC_APB2PeriphResetCmd>
    3eb2:	b62fc06f          	j	214 <__riscv_restore_0>
    3eb6:	400137b7          	lui	a5,0x40013
    3eba:	80078793          	addi	a5,a5,-2048 # 40012800 <_eusrstack+0x2000a800>
    3ebe:	fef51ae3          	bne	a0,a5,3eb2 <ADC_DeInit+0x20>
    3ec2:	4585                	li	a1,1
    3ec4:	40000513          	li	a0,1024
    3ec8:	2bfd                	jal	44c6 <RCC_APB2PeriphResetCmd>
    3eca:	4581                	li	a1,0
    3ecc:	40000513          	li	a0,1024
    3ed0:	b7c5                	j	3eb0 <ADC_DeInit+0x1e>

00003ed2 <ADC_Init>:
    3ed2:	415c                	lw	a5,4(a0)
    3ed4:	e0f10737          	lui	a4,0xe0f10
    3ed8:	eff70713          	addi	a4,a4,-257 # e0f0feff <_eusrstack+0xc0f07eff>
    3edc:	4d94                	lw	a3,24(a1)
    3ede:	8f7d                	and	a4,a4,a5
    3ee0:	419c                	lw	a5,0(a1)
    3ee2:	8fd5                	or	a5,a5,a3
    3ee4:	4dd4                	lw	a3,28(a1)
    3ee6:	8fd5                	or	a5,a5,a3
    3ee8:	41d4                	lw	a3,4(a1)
    3eea:	06a2                	slli	a3,a3,0x8
    3eec:	8fd5                	or	a5,a5,a3
    3eee:	8fd9                	or	a5,a5,a4
    3ef0:	c15c                	sw	a5,4(a0)
    3ef2:	451c                	lw	a5,8(a0)
    3ef4:	fff1f737          	lui	a4,0xfff1f
    3ef8:	7fd70713          	addi	a4,a4,2045 # fff1f7fd <_eusrstack+0xdff177fd>
    3efc:	45d4                	lw	a3,12(a1)
    3efe:	8f7d                	and	a4,a4,a5
    3f00:	499c                	lw	a5,16(a1)
    3f02:	8fd5                	or	a5,a5,a3
    3f04:	4594                	lw	a3,8(a1)
    3f06:	0686                	slli	a3,a3,0x1
    3f08:	8fd5                	or	a5,a5,a3
    3f0a:	8fd9                	or	a5,a5,a4
    3f0c:	c51c                	sw	a5,8(a0)
    3f0e:	555c                	lw	a5,44(a0)
    3f10:	ff100737          	lui	a4,0xff100
    3f14:	177d                	addi	a4,a4,-1
    3f16:	8f7d                	and	a4,a4,a5
    3f18:	29dc                	lbu	a5,20(a1)
    3f1a:	17fd                	addi	a5,a5,-1
    3f1c:	0ff7f793          	andi	a5,a5,255
    3f20:	07d2                	slli	a5,a5,0x14
    3f22:	8fd9                	or	a5,a5,a4
    3f24:	d55c                	sw	a5,44(a0)
    3f26:	8082                	ret

00003f28 <ADC_Cmd>:
    3f28:	451c                	lw	a5,8(a0)
    3f2a:	c589                	beqz	a1,3f34 <ADC_Cmd+0xc>
    3f2c:	0017e793          	ori	a5,a5,1
    3f30:	c51c                	sw	a5,8(a0)
    3f32:	8082                	ret
    3f34:	9bf9                	andi	a5,a5,-2
    3f36:	bfed                	j	3f30 <ADC_Cmd+0x8>

00003f38 <ADC_DMACmd>:
    3f38:	451c                	lw	a5,8(a0)
    3f3a:	c589                	beqz	a1,3f44 <ADC_DMACmd+0xc>
    3f3c:	1007e793          	ori	a5,a5,256
    3f40:	c51c                	sw	a5,8(a0)
    3f42:	8082                	ret
    3f44:	eff7f793          	andi	a5,a5,-257
    3f48:	bfe5                	j	3f40 <ADC_DMACmd+0x8>

00003f4a <ADC_ResetCalibration>:
    3f4a:	451c                	lw	a5,8(a0)
    3f4c:	0087e793          	ori	a5,a5,8
    3f50:	c51c                	sw	a5,8(a0)
    3f52:	8082                	ret

00003f54 <ADC_GetResetCalibrationStatus>:
    3f54:	4508                	lw	a0,8(a0)
    3f56:	810d                	srli	a0,a0,0x3
    3f58:	8905                	andi	a0,a0,1
    3f5a:	8082                	ret

00003f5c <ADC_StartCalibration>:
    3f5c:	451c                	lw	a5,8(a0)
    3f5e:	0047e793          	ori	a5,a5,4
    3f62:	c51c                	sw	a5,8(a0)
    3f64:	8082                	ret

00003f66 <ADC_SoftwareStartConvCmd>:
    3f66:	451c                	lw	a5,8(a0)
    3f68:	c591                	beqz	a1,3f74 <ADC_SoftwareStartConvCmd+0xe>
    3f6a:	00500737          	lui	a4,0x500
    3f6e:	8fd9                	or	a5,a5,a4
    3f70:	c51c                	sw	a5,8(a0)
    3f72:	8082                	ret
    3f74:	ffb00737          	lui	a4,0xffb00
    3f78:	177d                	addi	a4,a4,-1
    3f7a:	8ff9                	and	a5,a5,a4
    3f7c:	bfd5                	j	3f70 <ADC_SoftwareStartConvCmd+0xa>

00003f7e <ADC_RegularChannelConfig>:
    3f7e:	47a5                	li	a5,9
    3f80:	04b7f763          	bgeu	a5,a1,3fce <ADC_RegularChannelConfig+0x50>
    3f84:	478d                	li	a5,3
    3f86:	ff658713          	addi	a4,a1,-10
    3f8a:	02f70733          	mul	a4,a4,a5
    3f8e:	00c52803          	lw	a6,12(a0)
    3f92:	479d                	li	a5,7
    3f94:	00e797b3          	sll	a5,a5,a4
    3f98:	fff7c793          	not	a5,a5
    3f9c:	0107f7b3          	and	a5,a5,a6
    3fa0:	00e696b3          	sll	a3,a3,a4
    3fa4:	8edd                	or	a3,a3,a5
    3fa6:	c554                	sw	a3,12(a0)
    3fa8:	4799                	li	a5,6
    3faa:	04c7e363          	bltu	a5,a2,3ff0 <ADC_RegularChannelConfig+0x72>
    3fae:	4795                	li	a5,5
    3fb0:	167d                	addi	a2,a2,-1
    3fb2:	02f60633          	mul	a2,a2,a5
    3fb6:	5958                	lw	a4,52(a0)
    3fb8:	47fd                	li	a5,31
    3fba:	00c797b3          	sll	a5,a5,a2
    3fbe:	fff7c793          	not	a5,a5
    3fc2:	8ff9                	and	a5,a5,a4
    3fc4:	00c59633          	sll	a2,a1,a2
    3fc8:	8e5d                	or	a2,a2,a5
    3fca:	d950                	sw	a2,52(a0)
    3fcc:	8082                	ret
    3fce:	470d                	li	a4,3
    3fd0:	02e58733          	mul	a4,a1,a4
    3fd4:	01052803          	lw	a6,16(a0)
    3fd8:	479d                	li	a5,7
    3fda:	00e797b3          	sll	a5,a5,a4
    3fde:	fff7c793          	not	a5,a5
    3fe2:	0107f7b3          	and	a5,a5,a6
    3fe6:	00e696b3          	sll	a3,a3,a4
    3fea:	8edd                	or	a3,a3,a5
    3fec:	c914                	sw	a3,16(a0)
    3fee:	bf6d                	j	3fa8 <ADC_RegularChannelConfig+0x2a>
    3ff0:	47b1                	li	a5,12
    3ff2:	02c7e263          	bltu	a5,a2,4016 <ADC_RegularChannelConfig+0x98>
    3ff6:	4795                	li	a5,5
    3ff8:	1665                	addi	a2,a2,-7
    3ffa:	02f60633          	mul	a2,a2,a5
    3ffe:	5918                	lw	a4,48(a0)
    4000:	47fd                	li	a5,31
    4002:	00c797b3          	sll	a5,a5,a2
    4006:	fff7c793          	not	a5,a5
    400a:	8ff9                	and	a5,a5,a4
    400c:	00c59633          	sll	a2,a1,a2
    4010:	8e5d                	or	a2,a2,a5
    4012:	d910                	sw	a2,48(a0)
    4014:	8082                	ret
    4016:	4795                	li	a5,5
    4018:	164d                	addi	a2,a2,-13
    401a:	02f60633          	mul	a2,a2,a5
    401e:	5558                	lw	a4,44(a0)
    4020:	47fd                	li	a5,31
    4022:	00c797b3          	sll	a5,a5,a2
    4026:	fff7c793          	not	a5,a5
    402a:	8ff9                	and	a5,a5,a4
    402c:	00c595b3          	sll	a1,a1,a2
    4030:	8ddd                	or	a1,a1,a5
    4032:	d54c                	sw	a1,44(a0)
    4034:	8082                	ret

00004036 <ADC_ExternalTrigInjectedConvConfig>:
    4036:	451c                	lw	a5,8(a0)
    4038:	7765                	lui	a4,0xffff9
    403a:	177d                	addi	a4,a4,-1
    403c:	8ff9                	and	a5,a5,a4
    403e:	8ddd                	or	a1,a1,a5
    4040:	c50c                	sw	a1,8(a0)
    4042:	8082                	ret

00004044 <ADC_BufferCmd>:
    4044:	415c                	lw	a5,4(a0)
    4046:	c591                	beqz	a1,4052 <ADC_BufferCmd+0xe>
    4048:	04000737          	lui	a4,0x4000
    404c:	8fd9                	or	a5,a5,a4
    404e:	c15c                	sw	a5,4(a0)
    4050:	8082                	ret
    4052:	fc000737          	lui	a4,0xfc000
    4056:	177d                	addi	a4,a4,-1
    4058:	8ff9                	and	a5,a5,a4
    405a:	bfd5                	j	404e <ADC_BufferCmd+0xa>

0000405c <DBGMCU_GetCHIPID>:
    405c:	1ffff7b7          	lui	a5,0x1ffff
    4060:	7047a503          	lw	a0,1796(a5) # 1ffff704 <_data_lma+0x1fff8a84>
    4064:	8082                	ret

00004066 <DMA_DeInit>:
    4066:	411c                	lw	a5,0(a0)
    4068:	6741                	lui	a4,0x10
    406a:	1779                	addi	a4,a4,-2
    406c:	8ff9                	and	a5,a5,a4
    406e:	c11c                	sw	a5,0(a0)
    4070:	00052023          	sw	zero,0(a0)
    4074:	00052223          	sw	zero,4(a0)
    4078:	00052423          	sw	zero,8(a0)
    407c:	400207b7          	lui	a5,0x40020
    4080:	00052623          	sw	zero,12(a0)
    4084:	00878713          	addi	a4,a5,8 # 40020008 <_eusrstack+0x20018008>
    4088:	00e51763          	bne	a0,a4,4096 <DMA_DeInit+0x30>
    408c:	43d8                	lw	a4,4(a5)
    408e:	00f76713          	ori	a4,a4,15
    4092:	c3d8                	sw	a4,4(a5)
    4094:	8082                	ret
    4096:	01c78713          	addi	a4,a5,28
    409a:	00e51663          	bne	a0,a4,40a6 <DMA_DeInit+0x40>
    409e:	43d8                	lw	a4,4(a5)
    40a0:	0f076713          	ori	a4,a4,240
    40a4:	b7fd                	j	4092 <DMA_DeInit+0x2c>
    40a6:	03078713          	addi	a4,a5,48
    40aa:	00e51863          	bne	a0,a4,40ba <DMA_DeInit+0x54>
    40ae:	43d8                	lw	a4,4(a5)
    40b0:	6685                	lui	a3,0x1
    40b2:	f0068693          	addi	a3,a3,-256 # f00 <USBH_EnumHubDevice+0x8c>
    40b6:	8f55                	or	a4,a4,a3
    40b8:	bfe9                	j	4092 <DMA_DeInit+0x2c>
    40ba:	04478713          	addi	a4,a5,68
    40be:	00e51563          	bne	a0,a4,40c8 <DMA_DeInit+0x62>
    40c2:	43d8                	lw	a4,4(a5)
    40c4:	66bd                	lui	a3,0xf
    40c6:	bfc5                	j	40b6 <DMA_DeInit+0x50>
    40c8:	05878713          	addi	a4,a5,88
    40cc:	00e51663          	bne	a0,a4,40d8 <DMA_DeInit+0x72>
    40d0:	43d8                	lw	a4,4(a5)
    40d2:	000f06b7          	lui	a3,0xf0
    40d6:	b7c5                	j	40b6 <DMA_DeInit+0x50>
    40d8:	06c78713          	addi	a4,a5,108
    40dc:	00e51663          	bne	a0,a4,40e8 <DMA_DeInit+0x82>
    40e0:	43d8                	lw	a4,4(a5)
    40e2:	00f006b7          	lui	a3,0xf00
    40e6:	bfc1                	j	40b6 <DMA_DeInit+0x50>
    40e8:	08078713          	addi	a4,a5,128
    40ec:	00e51663          	bne	a0,a4,40f8 <DMA_DeInit+0x92>
    40f0:	43d8                	lw	a4,4(a5)
    40f2:	0f0006b7          	lui	a3,0xf000
    40f6:	b7c1                	j	40b6 <DMA_DeInit+0x50>
    40f8:	40878713          	addi	a4,a5,1032
    40fc:	00e51963          	bne	a0,a4,410e <DMA_DeInit+0xa8>
    4100:	4047a703          	lw	a4,1028(a5)
    4104:	00f76713          	ori	a4,a4,15
    4108:	40e7a223          	sw	a4,1028(a5)
    410c:	8082                	ret
    410e:	41c78713          	addi	a4,a5,1052
    4112:	00e51763          	bne	a0,a4,4120 <DMA_DeInit+0xba>
    4116:	4047a703          	lw	a4,1028(a5)
    411a:	0f076713          	ori	a4,a4,240
    411e:	b7ed                	j	4108 <DMA_DeInit+0xa2>
    4120:	43078793          	addi	a5,a5,1072
    4124:	00f51b63          	bne	a0,a5,413a <DMA_DeInit+0xd4>
    4128:	400207b7          	lui	a5,0x40020
    412c:	4047a703          	lw	a4,1028(a5) # 40020404 <_eusrstack+0x20018404>
    4130:	6685                	lui	a3,0x1
    4132:	f0068693          	addi	a3,a3,-256 # f00 <USBH_EnumHubDevice+0x8c>
    4136:	8f55                	or	a4,a4,a3
    4138:	bfc1                	j	4108 <DMA_DeInit+0xa2>
    413a:	400207b7          	lui	a5,0x40020
    413e:	44478713          	addi	a4,a5,1092 # 40020444 <_eusrstack+0x20018444>
    4142:	00e51663          	bne	a0,a4,414e <DMA_DeInit+0xe8>
    4146:	4047a703          	lw	a4,1028(a5)
    414a:	66bd                	lui	a3,0xf
    414c:	b7ed                	j	4136 <DMA_DeInit+0xd0>
    414e:	45878713          	addi	a4,a5,1112
    4152:	00e51763          	bne	a0,a4,4160 <DMA_DeInit+0xfa>
    4156:	4047a703          	lw	a4,1028(a5)
    415a:	000f06b7          	lui	a3,0xf0
    415e:	bfe1                	j	4136 <DMA_DeInit+0xd0>
    4160:	46c78713          	addi	a4,a5,1132
    4164:	00e51763          	bne	a0,a4,4172 <DMA_DeInit+0x10c>
    4168:	4047a703          	lw	a4,1028(a5)
    416c:	00f006b7          	lui	a3,0xf00
    4170:	b7d9                	j	4136 <DMA_DeInit+0xd0>
    4172:	48078713          	addi	a4,a5,1152
    4176:	00e51763          	bne	a0,a4,4184 <DMA_DeInit+0x11e>
    417a:	4047a703          	lw	a4,1028(a5)
    417e:	0f0006b7          	lui	a3,0xf000
    4182:	bf55                	j	4136 <DMA_DeInit+0xd0>
    4184:	49078713          	addi	a4,a5,1168
    4188:	00e51963          	bne	a0,a4,419a <DMA_DeInit+0x134>
    418c:	4d47a703          	lw	a4,1236(a5)
    4190:	00f76713          	ori	a4,a4,15
    4194:	4ce7aa23          	sw	a4,1236(a5)
    4198:	8082                	ret
    419a:	4a078713          	addi	a4,a5,1184
    419e:	00e51763          	bne	a0,a4,41ac <DMA_DeInit+0x146>
    41a2:	4d47a703          	lw	a4,1236(a5)
    41a6:	0f076713          	ori	a4,a4,240
    41aa:	b7ed                	j	4194 <DMA_DeInit+0x12e>
    41ac:	4b078713          	addi	a4,a5,1200
    41b0:	00e51963          	bne	a0,a4,41c2 <DMA_DeInit+0x15c>
    41b4:	4d47a703          	lw	a4,1236(a5)
    41b8:	6685                	lui	a3,0x1
    41ba:	f0068693          	addi	a3,a3,-256 # f00 <USBH_EnumHubDevice+0x8c>
    41be:	8f55                	or	a4,a4,a3
    41c0:	bfd1                	j	4194 <DMA_DeInit+0x12e>
    41c2:	4c078713          	addi	a4,a5,1216
    41c6:	fce519e3          	bne	a0,a4,4198 <DMA_DeInit+0x132>
    41ca:	4d47a703          	lw	a4,1236(a5)
    41ce:	66bd                	lui	a3,0xf
    41d0:	b7fd                	j	41be <DMA_DeInit+0x158>

000041d2 <DMA_Init>:
    41d2:	411c                	lw	a5,0(a0)
    41d4:	7761                	lui	a4,0xffff8
    41d6:	073d                	addi	a4,a4,15
    41d8:	5194                	lw	a3,32(a1)
    41da:	8f7d                	and	a4,a4,a5
    41dc:	459c                	lw	a5,8(a1)
    41de:	8fd5                	or	a5,a5,a3
    41e0:	4994                	lw	a3,16(a1)
    41e2:	8fd5                	or	a5,a5,a3
    41e4:	49d4                	lw	a3,20(a1)
    41e6:	8fd5                	or	a5,a5,a3
    41e8:	4d94                	lw	a3,24(a1)
    41ea:	8fd5                	or	a5,a5,a3
    41ec:	4dd4                	lw	a3,28(a1)
    41ee:	8fd5                	or	a5,a5,a3
    41f0:	51d4                	lw	a3,36(a1)
    41f2:	8fd5                	or	a5,a5,a3
    41f4:	5594                	lw	a3,40(a1)
    41f6:	8fd5                	or	a5,a5,a3
    41f8:	8fd9                	or	a5,a5,a4
    41fa:	c11c                	sw	a5,0(a0)
    41fc:	45dc                	lw	a5,12(a1)
    41fe:	c15c                	sw	a5,4(a0)
    4200:	419c                	lw	a5,0(a1)
    4202:	c51c                	sw	a5,8(a0)
    4204:	41dc                	lw	a5,4(a1)
    4206:	c55c                	sw	a5,12(a0)
    4208:	8082                	ret

0000420a <DMA_Cmd>:
    420a:	411c                	lw	a5,0(a0)
    420c:	c589                	beqz	a1,4216 <DMA_Cmd+0xc>
    420e:	0017e793          	ori	a5,a5,1
    4212:	c11c                	sw	a5,0(a0)
    4214:	8082                	ret
    4216:	6741                	lui	a4,0x10
    4218:	1779                	addi	a4,a4,-2
    421a:	8ff9                	and	a5,a5,a4
    421c:	bfdd                	j	4212 <DMA_Cmd+0x8>

0000421e <GPIO_Init>:
    421e:	459c                	lw	a5,8(a1)
    4220:	0107f713          	andi	a4,a5,16
    4224:	00f7f813          	andi	a6,a5,15
    4228:	c701                	beqz	a4,4230 <GPIO_Init+0x12>
    422a:	41d8                	lw	a4,4(a1)
    422c:	00e86833          	or	a6,a6,a4
    4230:	218e                	lhu	a1,0(a1)
    4232:	0ff5f713          	andi	a4,a1,255
    4236:	c339                	beqz	a4,427c <GPIO_Init+0x5e>
    4238:	4118                	lw	a4,0(a0)
    423a:	4681                	li	a3,0
    423c:	4e85                	li	t4,1
    423e:	4f3d                	li	t5,15
    4240:	02800f93          	li	t6,40
    4244:	04800293          	li	t0,72
    4248:	4e21                	li	t3,8
    424a:	00de9633          	sll	a2,t4,a3
    424e:	00c5f8b3          	and	a7,a1,a2
    4252:	03161163          	bne	a2,a7,4274 <GPIO_Init+0x56>
    4256:	00269893          	slli	a7,a3,0x2
    425a:	011f1333          	sll	t1,t5,a7
    425e:	fff34313          	not	t1,t1
    4262:	00e37733          	and	a4,t1,a4
    4266:	011818b3          	sll	a7,a6,a7
    426a:	00e8e733          	or	a4,a7,a4
    426e:	05f79f63          	bne	a5,t6,42cc <GPIO_Init+0xae>
    4272:	c950                	sw	a2,20(a0)
    4274:	0685                	addi	a3,a3,1
    4276:	fdc69ae3          	bne	a3,t3,424a <GPIO_Init+0x2c>
    427a:	c118                	sw	a4,0(a0)
    427c:	0ff00713          	li	a4,255
    4280:	04b77563          	bgeu	a4,a1,42ca <GPIO_Init+0xac>
    4284:	4154                	lw	a3,4(a0)
    4286:	4621                	li	a2,8
    4288:	4e85                	li	t4,1
    428a:	4f3d                	li	t5,15
    428c:	02800f93          	li	t6,40
    4290:	04800293          	li	t0,72
    4294:	4e41                	li	t3,16
    4296:	00ce98b3          	sll	a7,t4,a2
    429a:	0115f733          	and	a4,a1,a7
    429e:	02e89263          	bne	a7,a4,42c2 <GPIO_Init+0xa4>
    42a2:	00261713          	slli	a4,a2,0x2
    42a6:	1701                	addi	a4,a4,-32
    42a8:	00ef1333          	sll	t1,t5,a4
    42ac:	fff34313          	not	t1,t1
    42b0:	00d376b3          	and	a3,t1,a3
    42b4:	00e81733          	sll	a4,a6,a4
    42b8:	8ed9                	or	a3,a3,a4
    42ba:	01f79d63          	bne	a5,t6,42d4 <GPIO_Init+0xb6>
    42be:	01152a23          	sw	a7,20(a0)
    42c2:	0605                	addi	a2,a2,1
    42c4:	fdc619e3          	bne	a2,t3,4296 <GPIO_Init+0x78>
    42c8:	c154                	sw	a3,4(a0)
    42ca:	8082                	ret
    42cc:	fa5794e3          	bne	a5,t0,4274 <GPIO_Init+0x56>
    42d0:	c910                	sw	a2,16(a0)
    42d2:	b74d                	j	4274 <GPIO_Init+0x56>
    42d4:	fe5797e3          	bne	a5,t0,42c2 <GPIO_Init+0xa4>
    42d8:	01152823          	sw	a7,16(a0)
    42dc:	b7dd                	j	42c2 <GPIO_Init+0xa4>

000042de <GPIO_ReadInputDataBit>:
    42de:	4508                	lw	a0,8(a0)
    42e0:	8d6d                	and	a0,a0,a1
    42e2:	00a03533          	snez	a0,a0
    42e6:	8082                	ret

000042e8 <GPIO_WriteBit>:
    42e8:	c219                	beqz	a2,42ee <GPIO_WriteBit+0x6>
    42ea:	c90c                	sw	a1,16(a0)
    42ec:	8082                	ret
    42ee:	c94c                	sw	a1,20(a0)
    42f0:	8082                	ret

000042f2 <NVIC_PriorityGroupConfig>:
    42f2:	8ca1ac23          	sw	a0,-1832(gp) # 20000158 <NVIC_Priority_Group>
    42f6:	8082                	ret

000042f8 <NVIC_Init>:
    42f8:	8d81a703          	lw	a4,-1832(gp) # 20000158 <NVIC_Priority_Group>
    42fc:	4789                	li	a5,2
    42fe:	2110                	lbu	a2,0(a0)
    4300:	02f71163          	bne	a4,a5,4322 <NVIC_Init+0x2a>
    4304:	3114                	lbu	a3,1(a0)
    4306:	478d                	li	a5,3
    4308:	00d7ed63          	bltu	a5,a3,4322 <NVIC_Init+0x2a>
    430c:	213c                	lbu	a5,2(a0)
    430e:	069a                	slli	a3,a3,0x6
    4310:	e000e737          	lui	a4,0xe000e
    4314:	0796                	slli	a5,a5,0x5
    4316:	8fd5                	or	a5,a5,a3
    4318:	0ff7f793          	andi	a5,a5,255
    431c:	9732                	add	a4,a4,a2
    431e:	40f70023          	sb	a5,1024(a4) # e000e400 <_eusrstack+0xc0006400>
    4322:	4154                	lw	a3,4(a0)
    4324:	4705                	li	a4,1
    4326:	00565793          	srli	a5,a2,0x5
    432a:	00c71733          	sll	a4,a4,a2
    432e:	ca89                	beqz	a3,4340 <NVIC_Init+0x48>
    4330:	04078793          	addi	a5,a5,64
    4334:	078a                	slli	a5,a5,0x2
    4336:	e000e6b7          	lui	a3,0xe000e
    433a:	97b6                	add	a5,a5,a3
    433c:	c398                	sw	a4,0(a5)
    433e:	8082                	ret
    4340:	06078793          	addi	a5,a5,96
    4344:	e000e6b7          	lui	a3,0xe000e
    4348:	078a                	slli	a5,a5,0x2
    434a:	97b6                	add	a5,a5,a3
    434c:	c398                	sw	a4,0(a5)
    434e:	0000100f          	fence.i
    4352:	8082                	ret

00004354 <RCC_ADCCLKConfig>:
    4354:	400216b7          	lui	a3,0x40021
    4358:	42dc                	lw	a5,4(a3)
    435a:	7751                	lui	a4,0xffff4
    435c:	177d                	addi	a4,a4,-1
    435e:	8ff9                	and	a5,a5,a4
    4360:	8d5d                	or	a0,a0,a5
    4362:	c2c8                	sw	a0,4(a3)
    4364:	8082                	ret

00004366 <RCC_GetClocksFreq>:
    4366:	40021737          	lui	a4,0x40021
    436a:	435c                	lw	a5,4(a4)
    436c:	4691                	li	a3,4
    436e:	8bb1                	andi	a5,a5,12
    4370:	00d78563          	beq	a5,a3,437a <RCC_GetClocksFreq+0x14>
    4374:	46a1                	li	a3,8
    4376:	06d78263          	beq	a5,a3,43da <RCC_GetClocksFreq+0x74>
    437a:	007a17b7          	lui	a5,0x7a1
    437e:	20078793          	addi	a5,a5,512 # 7a1200 <_data_lma+0x79a580>
    4382:	c11c                	sw	a5,0(a0)
    4384:	40021637          	lui	a2,0x40021
    4388:	425c                	lw	a5,4(a2)
    438a:	20000737          	lui	a4,0x20000
    438e:	01070713          	addi	a4,a4,16 # 20000010 <APBAHBPrescTable>
    4392:	8391                	srli	a5,a5,0x4
    4394:	8bbd                	andi	a5,a5,15
    4396:	97ba                	add	a5,a5,a4
    4398:	2394                	lbu	a3,0(a5)
    439a:	411c                	lw	a5,0(a0)
    439c:	00d7d7b3          	srl	a5,a5,a3
    43a0:	c15c                	sw	a5,4(a0)
    43a2:	4254                	lw	a3,4(a2)
    43a4:	82a1                	srli	a3,a3,0x8
    43a6:	8a9d                	andi	a3,a3,7
    43a8:	96ba                	add	a3,a3,a4
    43aa:	2294                	lbu	a3,0(a3)
    43ac:	00d7d6b3          	srl	a3,a5,a3
    43b0:	c514                	sw	a3,8(a0)
    43b2:	4254                	lw	a3,4(a2)
    43b4:	82ad                	srli	a3,a3,0xb
    43b6:	8a9d                	andi	a3,a3,7
    43b8:	9736                	add	a4,a4,a3
    43ba:	2318                	lbu	a4,0(a4)
    43bc:	00e7d7b3          	srl	a5,a5,a4
    43c0:	c55c                	sw	a5,12(a0)
    43c2:	4258                	lw	a4,4(a2)
    43c4:	8339                	srli	a4,a4,0xe
    43c6:	00377693          	andi	a3,a4,3
    43ca:	80c18713          	addi	a4,gp,-2036 # 2000008c <ADCPrescTable>
    43ce:	9736                	add	a4,a4,a3
    43d0:	2318                	lbu	a4,0(a4)
    43d2:	02e7d7b3          	divu	a5,a5,a4
    43d6:	c91c                	sw	a5,16(a0)
    43d8:	8082                	ret
    43da:	435c                	lw	a5,4(a4)
    43dc:	4354                	lw	a3,4(a4)
    43de:	6741                	lui	a4,0x10
    43e0:	83c9                	srli	a5,a5,0x12
    43e2:	8ef9                	and	a3,a3,a4
    43e4:	1ffff737          	lui	a4,0x1ffff
    43e8:	70c72703          	lw	a4,1804(a4) # 1ffff70c <_data_lma+0x1fff8a8c>
    43ec:	8bbd                	andi	a5,a5,15
    43ee:	0789                	addi	a5,a5,2
    43f0:	01171613          	slli	a2,a4,0x11
    43f4:	00064863          	bltz	a2,4404 <RCC_GetClocksFreq+0x9e>
    43f8:	4645                	li	a2,17
    43fa:	4701                	li	a4,0
    43fc:	02c79263          	bne	a5,a2,4420 <RCC_GetClocksFreq+0xba>
    4400:	47c9                	li	a5,18
    4402:	a839                	j	4420 <RCC_GetClocksFreq+0xba>
    4404:	4709                	li	a4,2
    4406:	02e78963          	beq	a5,a4,4438 <RCC_GetClocksFreq+0xd2>
    440a:	473d                	li	a4,15
    440c:	02e78863          	beq	a5,a4,443c <RCC_GetClocksFreq+0xd6>
    4410:	4741                	li	a4,16
    4412:	02e78863          	beq	a5,a4,4442 <RCC_GetClocksFreq+0xdc>
    4416:	4645                	li	a2,17
    4418:	4701                	li	a4,0
    441a:	00c79363          	bne	a5,a2,4420 <RCC_GetClocksFreq+0xba>
    441e:	47c1                	li	a5,16
    4420:	e685                	bnez	a3,4448 <RCC_GetClocksFreq+0xe2>
    4422:	400246b7          	lui	a3,0x40024
    4426:	8006a683          	lw	a3,-2048(a3) # 40023800 <_eusrstack+0x2001b800>
    442a:	8ac1                	andi	a3,a3,16
    442c:	c68d                	beqz	a3,4456 <RCC_GetClocksFreq+0xf0>
    442e:	007a16b7          	lui	a3,0x7a1
    4432:	20068693          	addi	a3,a3,512 # 7a1200 <_data_lma+0x79a580>
    4436:	a025                	j	445e <RCC_GetClocksFreq+0xf8>
    4438:	4701                	li	a4,0
    443a:	b7d9                	j	4400 <RCC_GetClocksFreq+0x9a>
    443c:	4705                	li	a4,1
    443e:	47b5                	li	a5,13
    4440:	b7c5                	j	4420 <RCC_GetClocksFreq+0xba>
    4442:	4701                	li	a4,0
    4444:	47bd                	li	a5,15
    4446:	bfe9                	j	4420 <RCC_GetClocksFreq+0xba>
    4448:	400216b7          	lui	a3,0x40021
    444c:	42d4                	lw	a3,4(a3)
    444e:	00e69613          	slli	a2,a3,0xe
    4452:	fc065ee3          	bgez	a2,442e <RCC_GetClocksFreq+0xc8>
    4456:	003d16b7          	lui	a3,0x3d1
    445a:	90068693          	addi	a3,a3,-1792 # 3d0900 <_data_lma+0x3c9c80>
    445e:	02d787b3          	mul	a5,a5,a3
    4462:	c11c                	sw	a5,0(a0)
    4464:	d305                	beqz	a4,4384 <RCC_GetClocksFreq+0x1e>
    4466:	411c                	lw	a5,0(a0)
    4468:	8385                	srli	a5,a5,0x1
    446a:	bf21                	j	4382 <RCC_GetClocksFreq+0x1c>

0000446c <RCC_AHBPeriphClockCmd>:
    446c:	c599                	beqz	a1,447a <RCC_AHBPeriphClockCmd+0xe>
    446e:	40021737          	lui	a4,0x40021
    4472:	4b5c                	lw	a5,20(a4)
    4474:	8d5d                	or	a0,a0,a5
    4476:	cb48                	sw	a0,20(a4)
    4478:	8082                	ret
    447a:	400217b7          	lui	a5,0x40021
    447e:	4bd8                	lw	a4,20(a5)
    4480:	fff54513          	not	a0,a0
    4484:	8d79                	and	a0,a0,a4
    4486:	cbc8                	sw	a0,20(a5)
    4488:	8082                	ret

0000448a <RCC_APB2PeriphClockCmd>:
    448a:	c599                	beqz	a1,4498 <RCC_APB2PeriphClockCmd+0xe>
    448c:	40021737          	lui	a4,0x40021
    4490:	4f1c                	lw	a5,24(a4)
    4492:	8d5d                	or	a0,a0,a5
    4494:	cf08                	sw	a0,24(a4)
    4496:	8082                	ret
    4498:	400217b7          	lui	a5,0x40021
    449c:	4f98                	lw	a4,24(a5)
    449e:	fff54513          	not	a0,a0
    44a2:	8d79                	and	a0,a0,a4
    44a4:	cf88                	sw	a0,24(a5)
    44a6:	8082                	ret

000044a8 <RCC_APB1PeriphClockCmd>:
    44a8:	c599                	beqz	a1,44b6 <RCC_APB1PeriphClockCmd+0xe>
    44aa:	40021737          	lui	a4,0x40021
    44ae:	4f5c                	lw	a5,28(a4)
    44b0:	8d5d                	or	a0,a0,a5
    44b2:	cf48                	sw	a0,28(a4)
    44b4:	8082                	ret
    44b6:	400217b7          	lui	a5,0x40021
    44ba:	4fd8                	lw	a4,28(a5)
    44bc:	fff54513          	not	a0,a0
    44c0:	8d79                	and	a0,a0,a4
    44c2:	cfc8                	sw	a0,28(a5)
    44c4:	8082                	ret

000044c6 <RCC_APB2PeriphResetCmd>:
    44c6:	c599                	beqz	a1,44d4 <RCC_APB2PeriphResetCmd+0xe>
    44c8:	40021737          	lui	a4,0x40021
    44cc:	475c                	lw	a5,12(a4)
    44ce:	8d5d                	or	a0,a0,a5
    44d0:	c748                	sw	a0,12(a4)
    44d2:	8082                	ret
    44d4:	400217b7          	lui	a5,0x40021
    44d8:	47d8                	lw	a4,12(a5)
    44da:	fff54513          	not	a0,a0
    44de:	8d79                	and	a0,a0,a4
    44e0:	c7c8                	sw	a0,12(a5)
    44e2:	8082                	ret

000044e4 <RCC_USBFSCLKConfig>:
    44e4:	400217b7          	lui	a5,0x40021
    44e8:	43d8                	lw	a4,4(a5)
    44ea:	ff4006b7          	lui	a3,0xff400
    44ee:	16fd                	addi	a3,a3,-1
    44f0:	8f75                	and	a4,a4,a3
    44f2:	c3d8                	sw	a4,4(a5)
    44f4:	43d8                	lw	a4,4(a5)
    44f6:	055a                	slli	a0,a0,0x16
    44f8:	8d59                	or	a0,a0,a4
    44fa:	c3c8                	sw	a0,4(a5)
    44fc:	8082                	ret

000044fe <TIM_TimeBaseInit>:
    44fe:	211e                	lhu	a5,0(a0)
    4500:	40013737          	lui	a4,0x40013
    4504:	c0070693          	addi	a3,a4,-1024 # 40012c00 <_eusrstack+0x2000ac00>
    4508:	07c2                	slli	a5,a5,0x10
    450a:	83c1                	srli	a5,a5,0x10
    450c:	04d50063          	beq	a0,a3,454c <TIM_TimeBaseInit+0x4e>
    4510:	400006b7          	lui	a3,0x40000
    4514:	02d50c63          	beq	a0,a3,454c <TIM_TimeBaseInit+0x4e>
    4518:	40068693          	addi	a3,a3,1024 # 40000400 <_eusrstack+0x1fff8400>
    451c:	02d50863          	beq	a0,a3,454c <TIM_TimeBaseInit+0x4e>
    4520:	400016b7          	lui	a3,0x40001
    4524:	80068613          	addi	a2,a3,-2048 # 40000800 <_eusrstack+0x1fff8800>
    4528:	02c50263          	beq	a0,a2,454c <TIM_TimeBaseInit+0x4e>
    452c:	c0068693          	addi	a3,a3,-1024
    4530:	00d50e63          	beq	a0,a3,454c <TIM_TimeBaseInit+0x4e>
    4534:	40070713          	addi	a4,a4,1024
    4538:	00e50a63          	beq	a0,a4,454c <TIM_TimeBaseInit+0x4e>
    453c:	40015737          	lui	a4,0x40015
    4540:	c0070693          	addi	a3,a4,-1024 # 40014c00 <_eusrstack+0x2000cc00>
    4544:	00d50463          	beq	a0,a3,454c <TIM_TimeBaseInit+0x4e>
    4548:	00e51663          	bne	a0,a4,4554 <TIM_TimeBaseInit+0x56>
    454c:	21ba                	lhu	a4,2(a1)
    454e:	f8f7f793          	andi	a5,a5,-113
    4552:	8fd9                	or	a5,a5,a4
    4554:	40001737          	lui	a4,0x40001
    4558:	00e50c63          	beq	a0,a4,4570 <TIM_TimeBaseInit+0x72>
    455c:	40070713          	addi	a4,a4,1024 # 40001400 <_eusrstack+0x1fff9400>
    4560:	00e50863          	beq	a0,a4,4570 <TIM_TimeBaseInit+0x72>
    4564:	cff7f793          	andi	a5,a5,-769
    4568:	21fa                	lhu	a4,6(a1)
    456a:	07c2                	slli	a5,a5,0x10
    456c:	83c1                	srli	a5,a5,0x10
    456e:	8fd9                	or	a5,a5,a4
    4570:	a11e                	sh	a5,0(a0)
    4572:	21de                	lhu	a5,4(a1)
    4574:	b55e                	sh	a5,44(a0)
    4576:	219e                	lhu	a5,0(a1)
    4578:	b51e                	sh	a5,40(a0)
    457a:	400137b7          	lui	a5,0x40013
    457e:	c0078713          	addi	a4,a5,-1024 # 40012c00 <_eusrstack+0x2000ac00>
    4582:	00e50e63          	beq	a0,a4,459e <TIM_TimeBaseInit+0xa0>
    4586:	40078793          	addi	a5,a5,1024
    458a:	00f50a63          	beq	a0,a5,459e <TIM_TimeBaseInit+0xa0>
    458e:	400157b7          	lui	a5,0x40015
    4592:	c0078713          	addi	a4,a5,-1024 # 40014c00 <_eusrstack+0x2000cc00>
    4596:	00e50463          	beq	a0,a4,459e <TIM_TimeBaseInit+0xa0>
    459a:	00f51463          	bne	a0,a5,45a2 <TIM_TimeBaseInit+0xa4>
    459e:	259c                	lbu	a5,8(a1)
    45a0:	b91e                	sh	a5,48(a0)
    45a2:	4785                	li	a5,1
    45a4:	a95e                	sh	a5,20(a0)
    45a6:	8082                	ret

000045a8 <TIM_Cmd>:
    45a8:	211e                	lhu	a5,0(a0)
    45aa:	c589                	beqz	a1,45b4 <TIM_Cmd+0xc>
    45ac:	0017e793          	ori	a5,a5,1
    45b0:	a11e                	sh	a5,0(a0)
    45b2:	8082                	ret
    45b4:	07c2                	slli	a5,a5,0x10
    45b6:	83c1                	srli	a5,a5,0x10
    45b8:	9bf9                	andi	a5,a5,-2
    45ba:	07c2                	slli	a5,a5,0x10
    45bc:	83c1                	srli	a5,a5,0x10
    45be:	bfcd                	j	45b0 <TIM_Cmd+0x8>

000045c0 <TIM_ITConfig>:
    45c0:	255e                	lhu	a5,12(a0)
    45c2:	c601                	beqz	a2,45ca <TIM_ITConfig+0xa>
    45c4:	8ddd                	or	a1,a1,a5
    45c6:	a54e                	sh	a1,12(a0)
    45c8:	8082                	ret
    45ca:	fff5c593          	not	a1,a1
    45ce:	8dfd                	and	a1,a1,a5
    45d0:	bfdd                	j	45c6 <TIM_ITConfig+0x6>

000045d2 <TIM_GetITStatus>:
    45d2:	291e                	lhu	a5,16(a0)
    45d4:	254a                	lhu	a0,12(a0)
    45d6:	8fed                	and	a5,a5,a1
    45d8:	0542                	slli	a0,a0,0x10
    45da:	8141                	srli	a0,a0,0x10
    45dc:	c789                	beqz	a5,45e6 <TIM_GetITStatus+0x14>
    45de:	8d6d                	and	a0,a0,a1
    45e0:	00a03533          	snez	a0,a0
    45e4:	8082                	ret
    45e6:	4501                	li	a0,0
    45e8:	8082                	ret

000045ea <TIM_ClearITPendingBit>:
    45ea:	fff5c593          	not	a1,a1
    45ee:	05c2                	slli	a1,a1,0x10
    45f0:	81c1                	srli	a1,a1,0x10
    45f2:	a90e                	sh	a1,16(a0)
    45f4:	8082                	ret

000045f6 <USART_Init>:
    45f6:	bfbfb2ef          	jal	t0,1f0 <__riscv_save_0>
    45fa:	2916                	lhu	a3,16(a0)
    45fc:	77f5                	lui	a5,0xffffd
    45fe:	17fd                	addi	a5,a5,-1
    4600:	8ff5                	and	a5,a5,a3
    4602:	21f6                	lhu	a3,6(a1)
    4604:	25da                	lhu	a4,12(a1)
    4606:	7179                	addi	sp,sp,-48
    4608:	8fd5                	or	a5,a5,a3
    460a:	a91e                	sh	a5,16(a0)
    460c:	2556                	lhu	a3,12(a0)
    460e:	77fd                	lui	a5,0xfffff
    4610:	9f378793          	addi	a5,a5,-1549 # ffffe9f3 <_eusrstack+0xdfff69f3>
    4614:	8ff5                	and	a5,a5,a3
    4616:	21d6                	lhu	a3,4(a1)
    4618:	842a                	mv	s0,a0
    461a:	c62e                	sw	a1,12(sp)
    461c:	8fd5                	or	a5,a5,a3
    461e:	2596                	lhu	a3,8(a1)
    4620:	8fd5                	or	a5,a5,a3
    4622:	25b6                	lhu	a3,10(a1)
    4624:	8fd5                	or	a5,a5,a3
    4626:	a55e                	sh	a5,12(a0)
    4628:	295e                	lhu	a5,20(a0)
    462a:	07c2                	slli	a5,a5,0x10
    462c:	83c1                	srli	a5,a5,0x10
    462e:	cff7f793          	andi	a5,a5,-769
    4632:	8fd9                	or	a5,a5,a4
    4634:	a95e                	sh	a5,20(a0)
    4636:	0868                	addi	a0,sp,28
    4638:	d2fff0ef          	jal	ra,4366 <RCC_GetClocksFreq>
    463c:	400147b7          	lui	a5,0x40014
    4640:	80078793          	addi	a5,a5,-2048 # 40013800 <_eusrstack+0x2000b800>
    4644:	45b2                	lw	a1,12(sp)
    4646:	02f41e63          	bne	s0,a5,4682 <USART_Init+0x8c>
    464a:	57a2                	lw	a5,40(sp)
    464c:	4765                	li	a4,25
    464e:	02e787b3          	mul	a5,a5,a4
    4652:	4198                	lw	a4,0(a1)
    4654:	06400693          	li	a3,100
    4658:	070a                	slli	a4,a4,0x2
    465a:	02e7d7b3          	divu	a5,a5,a4
    465e:	02d7d733          	divu	a4,a5,a3
    4662:	02d7f7b3          	remu	a5,a5,a3
    4666:	0712                	slli	a4,a4,0x4
    4668:	0792                	slli	a5,a5,0x4
    466a:	03278793          	addi	a5,a5,50
    466e:	02d7d7b3          	divu	a5,a5,a3
    4672:	8bbd                	andi	a5,a5,15
    4674:	8fd9                	or	a5,a5,a4
    4676:	07c2                	slli	a5,a5,0x10
    4678:	83c1                	srli	a5,a5,0x10
    467a:	a41e                	sh	a5,8(s0)
    467c:	6145                	addi	sp,sp,48
    467e:	b97fb06f          	j	214 <__riscv_restore_0>
    4682:	5792                	lw	a5,36(sp)
    4684:	b7e1                	j	464c <USART_Init+0x56>

00004686 <USART_Cmd>:
    4686:	c591                	beqz	a1,4692 <USART_Cmd+0xc>
    4688:	255e                	lhu	a5,12(a0)
    468a:	6709                	lui	a4,0x2
    468c:	8fd9                	or	a5,a5,a4
    468e:	a55e                	sh	a5,12(a0)
    4690:	8082                	ret
    4692:	255a                	lhu	a4,12(a0)
    4694:	77f9                	lui	a5,0xffffe
    4696:	17fd                	addi	a5,a5,-1
    4698:	8ff9                	and	a5,a5,a4
    469a:	bfd5                	j	468e <USART_Cmd+0x8>

0000469c <USART_ITConfig>:
    469c:	0ff5f713          	andi	a4,a1,255
    46a0:	4785                	li	a5,1
    46a2:	8315                	srli	a4,a4,0x5
    46a4:	00b795b3          	sll	a1,a5,a1
    46a8:	00f71963          	bne	a4,a5,46ba <USART_ITConfig+0x1e>
    46ac:	00c50793          	addi	a5,a0,12
    46b0:	4398                	lw	a4,0(a5)
    46b2:	ce01                	beqz	a2,46ca <USART_ITConfig+0x2e>
    46b4:	8dd9                	or	a1,a1,a4
    46b6:	c38c                	sw	a1,0(a5)
    46b8:	8082                	ret
    46ba:	4689                	li	a3,2
    46bc:	01450793          	addi	a5,a0,20
    46c0:	fed718e3          	bne	a4,a3,46b0 <USART_ITConfig+0x14>
    46c4:	01050793          	addi	a5,a0,16
    46c8:	b7e5                	j	46b0 <USART_ITConfig+0x14>
    46ca:	fff5c593          	not	a1,a1
    46ce:	8df9                	and	a1,a1,a4
    46d0:	b7dd                	j	46b6 <USART_ITConfig+0x1a>

000046d2 <USART_SendData>:
    46d2:	1ff5f593          	andi	a1,a1,511
    46d6:	a14e                	sh	a1,4(a0)
    46d8:	8082                	ret

000046da <USART_ReceiveData>:
    46da:	214a                	lhu	a0,4(a0)
    46dc:	1ff57513          	andi	a0,a0,511
    46e0:	8082                	ret

000046e2 <USART_GetFlagStatus>:
    46e2:	210a                	lhu	a0,0(a0)
    46e4:	8d6d                	and	a0,a0,a1
    46e6:	00a03533          	snez	a0,a0
    46ea:	8082                	ret

000046ec <USART_GetITStatus>:
    46ec:	0ff5f713          	andi	a4,a1,255
    46f0:	4685                	li	a3,1
    46f2:	8315                	srli	a4,a4,0x5
    46f4:	00b697b3          	sll	a5,a3,a1
    46f8:	02d71163          	bne	a4,a3,471a <USART_GetITStatus+0x2e>
    46fc:	255a                	lhu	a4,12(a0)
    46fe:	8ff9                	and	a5,a5,a4
    4700:	211a                	lhu	a4,0(a0)
    4702:	4501                	li	a0,0
    4704:	0742                	slli	a4,a4,0x10
    4706:	8341                	srli	a4,a4,0x10
    4708:	cb81                	beqz	a5,4718 <USART_GetITStatus+0x2c>
    470a:	4505                	li	a0,1
    470c:	81a1                	srli	a1,a1,0x8
    470e:	00b515b3          	sll	a1,a0,a1
    4712:	8f6d                	and	a4,a4,a1
    4714:	00e03533          	snez	a0,a4
    4718:	8082                	ret
    471a:	4689                	li	a3,2
    471c:	00d71463          	bne	a4,a3,4724 <USART_GetITStatus+0x38>
    4720:	291a                	lhu	a4,16(a0)
    4722:	bff1                	j	46fe <USART_GetITStatus+0x12>
    4724:	295a                	lhu	a4,20(a0)
    4726:	bfe1                	j	46fe <USART_GetITStatus+0x12>

00004728 <USART_ClearITPendingBit>:
    4728:	81a1                	srli	a1,a1,0x8
    472a:	4785                	li	a5,1
    472c:	00b797b3          	sll	a5,a5,a1
    4730:	fff7c793          	not	a5,a5
    4734:	07c2                	slli	a5,a5,0x10
    4736:	83c1                	srli	a5,a5,0x10
    4738:	a11e                	sh	a5,0(a0)
    473a:	8082                	ret

0000473c <Delay_Init>:
    473c:	8081a783          	lw	a5,-2040(gp) # 20000088 <SystemCoreClock>
    4740:	007a1737          	lui	a4,0x7a1
    4744:	20070713          	addi	a4,a4,512 # 7a1200 <_data_lma+0x79a580>
    4748:	02e7d7b3          	divu	a5,a5,a4
    474c:	0ff7f793          	andi	a5,a5,255
    4750:	8cf18f23          	sb	a5,-1826(gp) # 2000015e <p_us>
    4754:	3e800713          	li	a4,1000
    4758:	02e787b3          	mul	a5,a5,a4
    475c:	8cf19e23          	sh	a5,-1828(gp) # 2000015c <p_ms>
    4760:	8082                	ret

00004762 <Delay_Us>:
    4762:	e000f7b7          	lui	a5,0xe000f
    4766:	43d8                	lw	a4,4(a5)
    4768:	4681                	li	a3,0
    476a:	9b79                	andi	a4,a4,-2
    476c:	c3d8                	sw	a4,4(a5)
    476e:	8de1c703          	lbu	a4,-1826(gp) # 2000015e <p_us>
    4772:	02a70633          	mul	a2,a4,a0
    4776:	cb90                	sw	a2,16(a5)
    4778:	cbd4                	sw	a3,20(a5)
    477a:	4398                	lw	a4,0(a5)
    477c:	01076713          	ori	a4,a4,16
    4780:	c398                	sw	a4,0(a5)
    4782:	4398                	lw	a4,0(a5)
    4784:	02176713          	ori	a4,a4,33
    4788:	c398                	sw	a4,0(a5)
    478a:	43d8                	lw	a4,4(a5)
    478c:	8b05                	andi	a4,a4,1
    478e:	df75                	beqz	a4,478a <Delay_Us+0x28>
    4790:	4398                	lw	a4,0(a5)
    4792:	9b79                	andi	a4,a4,-2
    4794:	c398                	sw	a4,0(a5)
    4796:	8082                	ret

00004798 <Delay_Ms>:
    4798:	e000f7b7          	lui	a5,0xe000f
    479c:	43d8                	lw	a4,4(a5)
    479e:	4681                	li	a3,0
    47a0:	9b79                	andi	a4,a4,-2
    47a2:	c3d8                	sw	a4,4(a5)
    47a4:	8dc1d703          	lhu	a4,-1828(gp) # 2000015c <p_ms>
    47a8:	02a70633          	mul	a2,a4,a0
    47ac:	cb90                	sw	a2,16(a5)
    47ae:	cbd4                	sw	a3,20(a5)
    47b0:	4398                	lw	a4,0(a5)
    47b2:	01076713          	ori	a4,a4,16
    47b6:	c398                	sw	a4,0(a5)
    47b8:	4398                	lw	a4,0(a5)
    47ba:	02176713          	ori	a4,a4,33
    47be:	c398                	sw	a4,0(a5)
    47c0:	43d8                	lw	a4,4(a5)
    47c2:	8b05                	andi	a4,a4,1
    47c4:	df75                	beqz	a4,47c0 <Delay_Ms+0x28>
    47c6:	4398                	lw	a4,0(a5)
    47c8:	9b79                	andi	a4,a4,-2
    47ca:	c398                	sw	a4,0(a5)
    47cc:	8082                	ret

000047ce <USART_Printf_Init>:
    47ce:	a23fb2ef          	jal	t0,1f0 <__riscv_save_0>
    47d2:	842a                	mv	s0,a0
    47d4:	6511                	lui	a0,0x4
    47d6:	1101                	addi	sp,sp,-32
    47d8:	4585                	li	a1,1
    47da:	0511                	addi	a0,a0,4
    47dc:	cafff0ef          	jal	ra,448a <RCC_APB2PeriphClockCmd>
    47e0:	20000793          	li	a5,512
    47e4:	827c                	sh	a5,4(sp)
    47e6:	40011537          	lui	a0,0x40011
    47ea:	478d                	li	a5,3
    47ec:	c43e                	sw	a5,8(sp)
    47ee:	004c                	addi	a1,sp,4
    47f0:	47e1                	li	a5,24
    47f2:	80050513          	addi	a0,a0,-2048 # 40010800 <_eusrstack+0x20008800>
    47f6:	c63e                	sw	a5,12(sp)
    47f8:	a27ff0ef          	jal	ra,421e <GPIO_Init>
    47fc:	c822                	sw	s0,16(sp)
    47fe:	40014437          	lui	s0,0x40014
    4802:	000c07b7          	lui	a5,0xc0
    4806:	080c                	addi	a1,sp,16
    4808:	80040513          	addi	a0,s0,-2048 # 40013800 <_eusrstack+0x2000b800>
    480c:	cc3e                	sw	a5,24(sp)
    480e:	ca02                	sw	zero,20(sp)
    4810:	00011e23          	sh	zero,28(sp)
    4814:	de3ff0ef          	jal	ra,45f6 <USART_Init>
    4818:	4585                	li	a1,1
    481a:	80040513          	addi	a0,s0,-2048
    481e:	e69ff0ef          	jal	ra,4686 <USART_Cmd>
    4822:	6105                	addi	sp,sp,32
    4824:	9f1fb06f          	j	214 <__riscv_restore_0>

00004828 <_write>:
    4828:	9affb2ef          	jal	t0,1d6 <__riscv_save_4>
    482c:	400144b7          	lui	s1,0x40014
    4830:	89ae                	mv	s3,a1
    4832:	8932                	mv	s2,a2
    4834:	4401                	li	s0,0
    4836:	80048493          	addi	s1,s1,-2048 # 40013800 <_eusrstack+0x2000b800>
    483a:	01244563          	blt	s0,s2,4844 <_write+0x1c>
    483e:	854a                	mv	a0,s2
    4840:	9cbfb06f          	j	20a <__riscv_restore_4>
    4844:	04000593          	li	a1,64
    4848:	8526                	mv	a0,s1
    484a:	e99ff0ef          	jal	ra,46e2 <USART_GetFlagStatus>
    484e:	d97d                	beqz	a0,4844 <_write+0x1c>
    4850:	008987b3          	add	a5,s3,s0
    4854:	00078583          	lb	a1,0(a5) # c0000 <_data_lma+0xb9380>
    4858:	8526                	mv	a0,s1
    485a:	0405                	addi	s0,s0,1
    485c:	05c2                	slli	a1,a1,0x10
    485e:	81c1                	srli	a1,a1,0x10
    4860:	e73ff0ef          	jal	ra,46d2 <USART_SendData>
    4864:	bfd9                	j	483a <_write+0x12>

00004866 <_sbrk>:
    4866:	81018713          	addi	a4,gp,-2032 # 20000090 <curbrk.5229>
    486a:	431c                	lw	a5,0(a4)
    486c:	7ac18693          	addi	a3,gp,1964 # 2000102c <_ebss>
    4870:	953e                	add	a0,a0,a5
    4872:	00d56b63          	bltu	a0,a3,4888 <_sbrk+0x22>
    4876:	200086b7          	lui	a3,0x20008
    487a:	80068693          	addi	a3,a3,-2048 # 20007800 <_heap_end>
    487e:	00a6e563          	bltu	a3,a0,4888 <_sbrk+0x22>
    4882:	c308                	sw	a0,0(a4)
    4884:	853e                	mv	a0,a5
    4886:	8082                	ret
    4888:	57fd                	li	a5,-1
    488a:	bfed                	j	4884 <_sbrk+0x1e>

0000488c <memchr>:
    488c:	0ff5f593          	andi	a1,a1,255
    4890:	962a                	add	a2,a2,a0
    4892:	00c51463          	bne	a0,a2,489a <memchr+0xe>
    4896:	4501                	li	a0,0
    4898:	8082                	ret
    489a:	211c                	lbu	a5,0(a0)
    489c:	feb78ee3          	beq	a5,a1,4898 <memchr+0xc>
    48a0:	0505                	addi	a0,a0,1
    48a2:	bfc5                	j	4892 <memchr+0x6>

000048a4 <memcpy>:
    48a4:	00a5c7b3          	xor	a5,a1,a0
    48a8:	8b8d                	andi	a5,a5,3
    48aa:	00c50733          	add	a4,a0,a2
    48ae:	e781                	bnez	a5,48b6 <memcpy+0x12>
    48b0:	478d                	li	a5,3
    48b2:	00c7ed63          	bltu	a5,a2,48cc <memcpy+0x28>
    48b6:	87aa                	mv	a5,a0
    48b8:	08e57e63          	bgeu	a0,a4,4954 <memcpy+0xb0>
    48bc:	2194                	lbu	a3,0(a1)
    48be:	0785                	addi	a5,a5,1
    48c0:	0585                	addi	a1,a1,1
    48c2:	fed78fa3          	sb	a3,-1(a5)
    48c6:	fee7ebe3          	bltu	a5,a4,48bc <memcpy+0x18>
    48ca:	8082                	ret
    48cc:	00357693          	andi	a3,a0,3
    48d0:	87aa                	mv	a5,a0
    48d2:	ca89                	beqz	a3,48e4 <memcpy+0x40>
    48d4:	2194                	lbu	a3,0(a1)
    48d6:	0785                	addi	a5,a5,1
    48d8:	0585                	addi	a1,a1,1
    48da:	fed78fa3          	sb	a3,-1(a5)
    48de:	0037f693          	andi	a3,a5,3
    48e2:	bfc5                	j	48d2 <memcpy+0x2e>
    48e4:	ffc77693          	andi	a3,a4,-4
    48e8:	fe068613          	addi	a2,a3,-32
    48ec:	06c7f063          	bgeu	a5,a2,494c <memcpy+0xa8>
    48f0:	0005a383          	lw	t2,0(a1)
    48f4:	0045a283          	lw	t0,4(a1)
    48f8:	0085af83          	lw	t6,8(a1)
    48fc:	00c5af03          	lw	t5,12(a1)
    4900:	0105ae83          	lw	t4,16(a1)
    4904:	0145ae03          	lw	t3,20(a1)
    4908:	0185a303          	lw	t1,24(a1)
    490c:	01c5a883          	lw	a7,28(a1)
    4910:	02458593          	addi	a1,a1,36
    4914:	0077a023          	sw	t2,0(a5)
    4918:	ffc5a803          	lw	a6,-4(a1)
    491c:	0057a223          	sw	t0,4(a5)
    4920:	01f7a423          	sw	t6,8(a5)
    4924:	01e7a623          	sw	t5,12(a5)
    4928:	01d7a823          	sw	t4,16(a5)
    492c:	01c7aa23          	sw	t3,20(a5)
    4930:	0067ac23          	sw	t1,24(a5)
    4934:	0117ae23          	sw	a7,28(a5)
    4938:	02478793          	addi	a5,a5,36
    493c:	ff07ae23          	sw	a6,-4(a5)
    4940:	b775                	j	48ec <memcpy+0x48>
    4942:	4190                	lw	a2,0(a1)
    4944:	0791                	addi	a5,a5,4
    4946:	0591                	addi	a1,a1,4
    4948:	fec7ae23          	sw	a2,-4(a5)
    494c:	fed7ebe3          	bltu	a5,a3,4942 <memcpy+0x9e>
    4950:	f6e7e6e3          	bltu	a5,a4,48bc <memcpy+0x18>
    4954:	8082                	ret

00004956 <iprintf>:
    4956:	7139                	addi	sp,sp,-64
    4958:	da3e                	sw	a5,52(sp)
    495a:	d22e                	sw	a1,36(sp)
    495c:	d432                	sw	a2,40(sp)
    495e:	d636                	sw	a3,44(sp)
    4960:	d83a                	sw	a4,48(sp)
    4962:	dc42                	sw	a6,56(sp)
    4964:	de46                	sw	a7,60(sp)
    4966:	81418793          	addi	a5,gp,-2028 # 20000094 <_impure_ptr>
    496a:	cc22                	sw	s0,24(sp)
    496c:	4380                	lw	s0,0(a5)
    496e:	ca26                	sw	s1,20(sp)
    4970:	ce06                	sw	ra,28(sp)
    4972:	84aa                	mv	s1,a0
    4974:	c409                	beqz	s0,497e <iprintf+0x28>
    4976:	4c1c                	lw	a5,24(s0)
    4978:	e399                	bnez	a5,497e <iprintf+0x28>
    497a:	8522                	mv	a0,s0
    497c:	2b0d                	jal	4eae <__sinit>
    497e:	440c                	lw	a1,8(s0)
    4980:	1054                	addi	a3,sp,36
    4982:	8626                	mv	a2,s1
    4984:	8522                	mv	a0,s0
    4986:	c636                	sw	a3,12(sp)
    4988:	16d000ef          	jal	ra,52f4 <_vfiprintf_r>
    498c:	40f2                	lw	ra,28(sp)
    498e:	4462                	lw	s0,24(sp)
    4990:	44d2                	lw	s1,20(sp)
    4992:	6121                	addi	sp,sp,64
    4994:	8082                	ret

00004996 <_puts_r>:
    4996:	1101                	addi	sp,sp,-32
    4998:	ca26                	sw	s1,20(sp)
    499a:	c84a                	sw	s2,16(sp)
    499c:	ce06                	sw	ra,28(sp)
    499e:	cc22                	sw	s0,24(sp)
    49a0:	c64e                	sw	s3,12(sp)
    49a2:	c452                	sw	s4,8(sp)
    49a4:	84aa                	mv	s1,a0
    49a6:	892e                	mv	s2,a1
    49a8:	c501                	beqz	a0,49b0 <_puts_r+0x1a>
    49aa:	4d1c                	lw	a5,24(a0)
    49ac:	e391                	bnez	a5,49b0 <_puts_r+0x1a>
    49ae:	2301                	jal	4eae <__sinit>
    49b0:	4c9c                	lw	a5,24(s1)
    49b2:	4480                	lw	s0,8(s1)
    49b4:	e399                	bnez	a5,49ba <_puts_r+0x24>
    49b6:	8526                	mv	a0,s1
    49b8:	29dd                	jal	4eae <__sinit>
    49ba:	00002797          	auipc	a5,0x2
    49be:	24a78793          	addi	a5,a5,586 # 6c04 <__sf_fake_stdin>
    49c2:	02f41b63          	bne	s0,a5,49f8 <_puts_r+0x62>
    49c6:	40c0                	lw	s0,4(s1)
    49c8:	245e                	lhu	a5,12(s0)
    49ca:	8ba1                	andi	a5,a5,8
    49cc:	c7b1                	beqz	a5,4a18 <_puts_r+0x82>
    49ce:	481c                	lw	a5,16(s0)
    49d0:	c7a1                	beqz	a5,4a18 <_puts_r+0x82>
    49d2:	59fd                	li	s3,-1
    49d4:	4a29                	li	s4,10
    49d6:	441c                	lw	a5,8(s0)
    49d8:	00094583          	lbu	a1,0(s2)
    49dc:	17fd                	addi	a5,a5,-1
    49de:	e9b1                	bnez	a1,4a32 <_puts_r+0x9c>
    49e0:	c41c                	sw	a5,8(s0)
    49e2:	0607dd63          	bgez	a5,4a5c <_puts_r+0xc6>
    49e6:	8622                	mv	a2,s0
    49e8:	45a9                	li	a1,10
    49ea:	8526                	mv	a0,s1
    49ec:	287d                	jal	4aaa <__swbuf_r>
    49ee:	57fd                	li	a5,-1
    49f0:	02f50863          	beq	a0,a5,4a20 <_puts_r+0x8a>
    49f4:	4529                	li	a0,10
    49f6:	a035                	j	4a22 <_puts_r+0x8c>
    49f8:	00002797          	auipc	a5,0x2
    49fc:	22c78793          	addi	a5,a5,556 # 6c24 <__sf_fake_stdout>
    4a00:	00f41463          	bne	s0,a5,4a08 <_puts_r+0x72>
    4a04:	4480                	lw	s0,8(s1)
    4a06:	b7c9                	j	49c8 <_puts_r+0x32>
    4a08:	00002797          	auipc	a5,0x2
    4a0c:	1dc78793          	addi	a5,a5,476 # 6be4 <__sf_fake_stderr>
    4a10:	faf41ce3          	bne	s0,a5,49c8 <_puts_r+0x32>
    4a14:	44c0                	lw	s0,12(s1)
    4a16:	bf4d                	j	49c8 <_puts_r+0x32>
    4a18:	85a2                	mv	a1,s0
    4a1a:	8526                	mv	a0,s1
    4a1c:	22a9                	jal	4b66 <__swsetup_r>
    4a1e:	d955                	beqz	a0,49d2 <_puts_r+0x3c>
    4a20:	557d                	li	a0,-1
    4a22:	40f2                	lw	ra,28(sp)
    4a24:	4462                	lw	s0,24(sp)
    4a26:	44d2                	lw	s1,20(sp)
    4a28:	4942                	lw	s2,16(sp)
    4a2a:	49b2                	lw	s3,12(sp)
    4a2c:	4a22                	lw	s4,8(sp)
    4a2e:	6105                	addi	sp,sp,32
    4a30:	8082                	ret
    4a32:	c41c                	sw	a5,8(s0)
    4a34:	0905                	addi	s2,s2,1
    4a36:	0007d763          	bgez	a5,4a44 <_puts_r+0xae>
    4a3a:	4c18                	lw	a4,24(s0)
    4a3c:	00e7ca63          	blt	a5,a4,4a50 <_puts_r+0xba>
    4a40:	01458863          	beq	a1,s4,4a50 <_puts_r+0xba>
    4a44:	401c                	lw	a5,0(s0)
    4a46:	00178713          	addi	a4,a5,1
    4a4a:	c018                	sw	a4,0(s0)
    4a4c:	a38c                	sb	a1,0(a5)
    4a4e:	b761                	j	49d6 <_puts_r+0x40>
    4a50:	8622                	mv	a2,s0
    4a52:	8526                	mv	a0,s1
    4a54:	2899                	jal	4aaa <__swbuf_r>
    4a56:	f93510e3          	bne	a0,s3,49d6 <_puts_r+0x40>
    4a5a:	b7d9                	j	4a20 <_puts_r+0x8a>
    4a5c:	401c                	lw	a5,0(s0)
    4a5e:	00178713          	addi	a4,a5,1
    4a62:	c018                	sw	a4,0(s0)
    4a64:	4729                	li	a4,10
    4a66:	a398                	sb	a4,0(a5)
    4a68:	b771                	j	49f4 <_puts_r+0x5e>

00004a6a <puts>:
    4a6a:	81418793          	addi	a5,gp,-2028 # 20000094 <_impure_ptr>
    4a6e:	85aa                	mv	a1,a0
    4a70:	4388                	lw	a0,0(a5)
    4a72:	f25ff06f          	j	4996 <_puts_r>

00004a76 <strstr>:
    4a76:	2118                	lbu	a4,0(a0)
    4a78:	219c                	lbu	a5,0(a1)
    4a7a:	e701                	bnez	a4,4a82 <strstr+0xc>
    4a7c:	c391                	beqz	a5,4a80 <strstr+0xa>
    4a7e:	4501                	li	a0,0
    4a80:	8082                	ret
    4a82:	4781                	li	a5,0
    4a84:	a039                	j	4a92 <strstr+0x1c>
    4a86:	311c                	lbu	a5,1(a0)
    4a88:	00150713          	addi	a4,a0,1
    4a8c:	dbed                	beqz	a5,4a7e <strstr+0x8>
    4a8e:	4781                	li	a5,0
    4a90:	853a                	mv	a0,a4
    4a92:	00f58733          	add	a4,a1,a5
    4a96:	2318                	lbu	a4,0(a4)
    4a98:	d765                	beqz	a4,4a80 <strstr+0xa>
    4a9a:	00f506b3          	add	a3,a0,a5
    4a9e:	2294                	lbu	a3,0(a3)
    4aa0:	fee693e3          	bne	a3,a4,4a86 <strstr+0x10>
    4aa4:	0785                	addi	a5,a5,1
    4aa6:	872a                	mv	a4,a0
    4aa8:	b7e5                	j	4a90 <strstr+0x1a>

00004aaa <__swbuf_r>:
    4aaa:	1101                	addi	sp,sp,-32
    4aac:	cc22                	sw	s0,24(sp)
    4aae:	ca26                	sw	s1,20(sp)
    4ab0:	c84a                	sw	s2,16(sp)
    4ab2:	ce06                	sw	ra,28(sp)
    4ab4:	c64e                	sw	s3,12(sp)
    4ab6:	84aa                	mv	s1,a0
    4ab8:	892e                	mv	s2,a1
    4aba:	8432                	mv	s0,a2
    4abc:	c501                	beqz	a0,4ac4 <__swbuf_r+0x1a>
    4abe:	4d1c                	lw	a5,24(a0)
    4ac0:	e391                	bnez	a5,4ac4 <__swbuf_r+0x1a>
    4ac2:	26f5                	jal	4eae <__sinit>
    4ac4:	00002797          	auipc	a5,0x2
    4ac8:	14078793          	addi	a5,a5,320 # 6c04 <__sf_fake_stdin>
    4acc:	06f41763          	bne	s0,a5,4b3a <__swbuf_r+0x90>
    4ad0:	40c0                	lw	s0,4(s1)
    4ad2:	4c1c                	lw	a5,24(s0)
    4ad4:	c41c                	sw	a5,8(s0)
    4ad6:	245e                	lhu	a5,12(s0)
    4ad8:	8ba1                	andi	a5,a5,8
    4ada:	c3c1                	beqz	a5,4b5a <__swbuf_r+0xb0>
    4adc:	481c                	lw	a5,16(s0)
    4ade:	cfb5                	beqz	a5,4b5a <__swbuf_r+0xb0>
    4ae0:	481c                	lw	a5,16(s0)
    4ae2:	4008                	lw	a0,0(s0)
    4ae4:	0ff97993          	andi	s3,s2,255
    4ae8:	0ff97913          	andi	s2,s2,255
    4aec:	8d1d                	sub	a0,a0,a5
    4aee:	485c                	lw	a5,20(s0)
    4af0:	00f54663          	blt	a0,a5,4afc <__swbuf_r+0x52>
    4af4:	85a2                	mv	a1,s0
    4af6:	8526                	mv	a0,s1
    4af8:	2c69                	jal	4d92 <_fflush_r>
    4afa:	e525                	bnez	a0,4b62 <__swbuf_r+0xb8>
    4afc:	441c                	lw	a5,8(s0)
    4afe:	0505                	addi	a0,a0,1
    4b00:	17fd                	addi	a5,a5,-1
    4b02:	c41c                	sw	a5,8(s0)
    4b04:	401c                	lw	a5,0(s0)
    4b06:	00178713          	addi	a4,a5,1
    4b0a:	c018                	sw	a4,0(s0)
    4b0c:	01378023          	sb	s3,0(a5)
    4b10:	485c                	lw	a5,20(s0)
    4b12:	00a78863          	beq	a5,a0,4b22 <__swbuf_r+0x78>
    4b16:	245e                	lhu	a5,12(s0)
    4b18:	8b85                	andi	a5,a5,1
    4b1a:	cb81                	beqz	a5,4b2a <__swbuf_r+0x80>
    4b1c:	47a9                	li	a5,10
    4b1e:	00f91663          	bne	s2,a5,4b2a <__swbuf_r+0x80>
    4b22:	85a2                	mv	a1,s0
    4b24:	8526                	mv	a0,s1
    4b26:	24b5                	jal	4d92 <_fflush_r>
    4b28:	ed0d                	bnez	a0,4b62 <__swbuf_r+0xb8>
    4b2a:	40f2                	lw	ra,28(sp)
    4b2c:	4462                	lw	s0,24(sp)
    4b2e:	854a                	mv	a0,s2
    4b30:	44d2                	lw	s1,20(sp)
    4b32:	4942                	lw	s2,16(sp)
    4b34:	49b2                	lw	s3,12(sp)
    4b36:	6105                	addi	sp,sp,32
    4b38:	8082                	ret
    4b3a:	00002797          	auipc	a5,0x2
    4b3e:	0ea78793          	addi	a5,a5,234 # 6c24 <__sf_fake_stdout>
    4b42:	00f41463          	bne	s0,a5,4b4a <__swbuf_r+0xa0>
    4b46:	4480                	lw	s0,8(s1)
    4b48:	b769                	j	4ad2 <__swbuf_r+0x28>
    4b4a:	00002797          	auipc	a5,0x2
    4b4e:	09a78793          	addi	a5,a5,154 # 6be4 <__sf_fake_stderr>
    4b52:	f8f410e3          	bne	s0,a5,4ad2 <__swbuf_r+0x28>
    4b56:	44c0                	lw	s0,12(s1)
    4b58:	bfad                	j	4ad2 <__swbuf_r+0x28>
    4b5a:	85a2                	mv	a1,s0
    4b5c:	8526                	mv	a0,s1
    4b5e:	2021                	jal	4b66 <__swsetup_r>
    4b60:	d141                	beqz	a0,4ae0 <__swbuf_r+0x36>
    4b62:	597d                	li	s2,-1
    4b64:	b7d9                	j	4b2a <__swbuf_r+0x80>

00004b66 <__swsetup_r>:
    4b66:	1141                	addi	sp,sp,-16
    4b68:	81418793          	addi	a5,gp,-2028 # 20000094 <_impure_ptr>
    4b6c:	c226                	sw	s1,4(sp)
    4b6e:	4384                	lw	s1,0(a5)
    4b70:	c422                	sw	s0,8(sp)
    4b72:	c04a                	sw	s2,0(sp)
    4b74:	c606                	sw	ra,12(sp)
    4b76:	892a                	mv	s2,a0
    4b78:	842e                	mv	s0,a1
    4b7a:	c489                	beqz	s1,4b84 <__swsetup_r+0x1e>
    4b7c:	4c9c                	lw	a5,24(s1)
    4b7e:	e399                	bnez	a5,4b84 <__swsetup_r+0x1e>
    4b80:	8526                	mv	a0,s1
    4b82:	2635                	jal	4eae <__sinit>
    4b84:	00002797          	auipc	a5,0x2
    4b88:	08078793          	addi	a5,a5,128 # 6c04 <__sf_fake_stdin>
    4b8c:	02f41b63          	bne	s0,a5,4bc2 <__swsetup_r+0x5c>
    4b90:	40c0                	lw	s0,4(s1)
    4b92:	00c41703          	lh	a4,12(s0)
    4b96:	01071793          	slli	a5,a4,0x10
    4b9a:	83c1                	srli	a5,a5,0x10
    4b9c:	0087f693          	andi	a3,a5,8
    4ba0:	eaad                	bnez	a3,4c12 <__swsetup_r+0xac>
    4ba2:	0107f693          	andi	a3,a5,16
    4ba6:	ee95                	bnez	a3,4be2 <__swsetup_r+0x7c>
    4ba8:	47a5                	li	a5,9
    4baa:	00f92023          	sw	a5,0(s2)
    4bae:	04076713          	ori	a4,a4,64
    4bb2:	a45a                	sh	a4,12(s0)
    4bb4:	557d                	li	a0,-1
    4bb6:	40b2                	lw	ra,12(sp)
    4bb8:	4422                	lw	s0,8(sp)
    4bba:	4492                	lw	s1,4(sp)
    4bbc:	4902                	lw	s2,0(sp)
    4bbe:	0141                	addi	sp,sp,16
    4bc0:	8082                	ret
    4bc2:	00002797          	auipc	a5,0x2
    4bc6:	06278793          	addi	a5,a5,98 # 6c24 <__sf_fake_stdout>
    4bca:	00f41463          	bne	s0,a5,4bd2 <__swsetup_r+0x6c>
    4bce:	4480                	lw	s0,8(s1)
    4bd0:	b7c9                	j	4b92 <__swsetup_r+0x2c>
    4bd2:	00002797          	auipc	a5,0x2
    4bd6:	01278793          	addi	a5,a5,18 # 6be4 <__sf_fake_stderr>
    4bda:	faf41ce3          	bne	s0,a5,4b92 <__swsetup_r+0x2c>
    4bde:	44c0                	lw	s0,12(s1)
    4be0:	bf4d                	j	4b92 <__swsetup_r+0x2c>
    4be2:	8b91                	andi	a5,a5,4
    4be4:	c39d                	beqz	a5,4c0a <__swsetup_r+0xa4>
    4be6:	584c                	lw	a1,52(s0)
    4be8:	c989                	beqz	a1,4bfa <__swsetup_r+0x94>
    4bea:	04440793          	addi	a5,s0,68
    4bee:	00f58463          	beq	a1,a5,4bf6 <__swsetup_r+0x90>
    4bf2:	854a                	mv	a0,s2
    4bf4:	2b29                	jal	510e <_free_r>
    4bf6:	02042a23          	sw	zero,52(s0)
    4bfa:	245e                	lhu	a5,12(s0)
    4bfc:	00042223          	sw	zero,4(s0)
    4c00:	fdb7f793          	andi	a5,a5,-37
    4c04:	a45e                	sh	a5,12(s0)
    4c06:	481c                	lw	a5,16(s0)
    4c08:	c01c                	sw	a5,0(s0)
    4c0a:	245e                	lhu	a5,12(s0)
    4c0c:	0087e793          	ori	a5,a5,8
    4c10:	a45e                	sh	a5,12(s0)
    4c12:	481c                	lw	a5,16(s0)
    4c14:	eb99                	bnez	a5,4c2a <__swsetup_r+0xc4>
    4c16:	245e                	lhu	a5,12(s0)
    4c18:	20000713          	li	a4,512
    4c1c:	2807f793          	andi	a5,a5,640
    4c20:	00e78563          	beq	a5,a4,4c2a <__swsetup_r+0xc4>
    4c24:	85a2                	mv	a1,s0
    4c26:	854a                	mv	a0,s2
    4c28:	2991                	jal	507c <__smakebuf_r>
    4c2a:	245e                	lhu	a5,12(s0)
    4c2c:	0017f713          	andi	a4,a5,1
    4c30:	c31d                	beqz	a4,4c56 <__swsetup_r+0xf0>
    4c32:	485c                	lw	a5,20(s0)
    4c34:	00042423          	sw	zero,8(s0)
    4c38:	40f007b3          	neg	a5,a5
    4c3c:	cc1c                	sw	a5,24(s0)
    4c3e:	481c                	lw	a5,16(s0)
    4c40:	4501                	li	a0,0
    4c42:	fbb5                	bnez	a5,4bb6 <__swsetup_r+0x50>
    4c44:	00c41783          	lh	a5,12(s0)
    4c48:	0807f713          	andi	a4,a5,128
    4c4c:	d72d                	beqz	a4,4bb6 <__swsetup_r+0x50>
    4c4e:	0407e793          	ori	a5,a5,64
    4c52:	a45e                	sh	a5,12(s0)
    4c54:	b785                	j	4bb4 <__swsetup_r+0x4e>
    4c56:	8b89                	andi	a5,a5,2
    4c58:	4701                	li	a4,0
    4c5a:	e391                	bnez	a5,4c5e <__swsetup_r+0xf8>
    4c5c:	4858                	lw	a4,20(s0)
    4c5e:	c418                	sw	a4,8(s0)
    4c60:	bff9                	j	4c3e <__swsetup_r+0xd8>

00004c62 <__sflush_r>:
    4c62:	25de                	lhu	a5,12(a1)
    4c64:	1101                	addi	sp,sp,-32
    4c66:	cc22                	sw	s0,24(sp)
    4c68:	ca26                	sw	s1,20(sp)
    4c6a:	ce06                	sw	ra,28(sp)
    4c6c:	c84a                	sw	s2,16(sp)
    4c6e:	c64e                	sw	s3,12(sp)
    4c70:	0087f713          	andi	a4,a5,8
    4c74:	84aa                	mv	s1,a0
    4c76:	842e                	mv	s0,a1
    4c78:	eb79                	bnez	a4,4d4e <__sflush_r+0xec>
    4c7a:	41d8                	lw	a4,4(a1)
    4c7c:	00e04d63          	bgtz	a4,4c96 <__sflush_r+0x34>
    4c80:	41b8                	lw	a4,64(a1)
    4c82:	00e04a63          	bgtz	a4,4c96 <__sflush_r+0x34>
    4c86:	4501                	li	a0,0
    4c88:	40f2                	lw	ra,28(sp)
    4c8a:	4462                	lw	s0,24(sp)
    4c8c:	44d2                	lw	s1,20(sp)
    4c8e:	4942                	lw	s2,16(sp)
    4c90:	49b2                	lw	s3,12(sp)
    4c92:	6105                	addi	sp,sp,32
    4c94:	8082                	ret
    4c96:	5458                	lw	a4,44(s0)
    4c98:	d77d                	beqz	a4,4c86 <__sflush_r+0x24>
    4c9a:	0004a903          	lw	s2,0(s1)
    4c9e:	01379693          	slli	a3,a5,0x13
    4ca2:	0004a023          	sw	zero,0(s1)
    4ca6:	0606db63          	bgez	a3,4d1c <__sflush_r+0xba>
    4caa:	4870                	lw	a2,84(s0)
    4cac:	245e                	lhu	a5,12(s0)
    4cae:	8b91                	andi	a5,a5,4
    4cb0:	c799                	beqz	a5,4cbe <__sflush_r+0x5c>
    4cb2:	405c                	lw	a5,4(s0)
    4cb4:	8e1d                	sub	a2,a2,a5
    4cb6:	585c                	lw	a5,52(s0)
    4cb8:	c399                	beqz	a5,4cbe <__sflush_r+0x5c>
    4cba:	403c                	lw	a5,64(s0)
    4cbc:	8e1d                	sub	a2,a2,a5
    4cbe:	545c                	lw	a5,44(s0)
    4cc0:	500c                	lw	a1,32(s0)
    4cc2:	4681                	li	a3,0
    4cc4:	8526                	mv	a0,s1
    4cc6:	9782                	jalr	a5
    4cc8:	57fd                	li	a5,-1
    4cca:	245a                	lhu	a4,12(s0)
    4ccc:	00f51d63          	bne	a0,a5,4ce6 <__sflush_r+0x84>
    4cd0:	4094                	lw	a3,0(s1)
    4cd2:	47f5                	li	a5,29
    4cd4:	06d7e863          	bltu	a5,a3,4d44 <__sflush_r+0xe2>
    4cd8:	204007b7          	lui	a5,0x20400
    4cdc:	0785                	addi	a5,a5,1
    4cde:	00d7d7b3          	srl	a5,a5,a3
    4ce2:	8b85                	andi	a5,a5,1
    4ce4:	c3a5                	beqz	a5,4d44 <__sflush_r+0xe2>
    4ce6:	481c                	lw	a5,16(s0)
    4ce8:	00042223          	sw	zero,4(s0)
    4cec:	c01c                	sw	a5,0(s0)
    4cee:	01371793          	slli	a5,a4,0x13
    4cf2:	0007d863          	bgez	a5,4d02 <__sflush_r+0xa0>
    4cf6:	57fd                	li	a5,-1
    4cf8:	00f51463          	bne	a0,a5,4d00 <__sflush_r+0x9e>
    4cfc:	409c                	lw	a5,0(s1)
    4cfe:	e391                	bnez	a5,4d02 <__sflush_r+0xa0>
    4d00:	c868                	sw	a0,84(s0)
    4d02:	584c                	lw	a1,52(s0)
    4d04:	0124a023          	sw	s2,0(s1)
    4d08:	ddbd                	beqz	a1,4c86 <__sflush_r+0x24>
    4d0a:	04440793          	addi	a5,s0,68
    4d0e:	00f58463          	beq	a1,a5,4d16 <__sflush_r+0xb4>
    4d12:	8526                	mv	a0,s1
    4d14:	2eed                	jal	510e <_free_r>
    4d16:	02042a23          	sw	zero,52(s0)
    4d1a:	b7b5                	j	4c86 <__sflush_r+0x24>
    4d1c:	500c                	lw	a1,32(s0)
    4d1e:	4601                	li	a2,0
    4d20:	4685                	li	a3,1
    4d22:	8526                	mv	a0,s1
    4d24:	9702                	jalr	a4
    4d26:	57fd                	li	a5,-1
    4d28:	862a                	mv	a2,a0
    4d2a:	f8f511e3          	bne	a0,a5,4cac <__sflush_r+0x4a>
    4d2e:	409c                	lw	a5,0(s1)
    4d30:	dfb5                	beqz	a5,4cac <__sflush_r+0x4a>
    4d32:	4775                	li	a4,29
    4d34:	00e78563          	beq	a5,a4,4d3e <__sflush_r+0xdc>
    4d38:	4759                	li	a4,22
    4d3a:	04e79363          	bne	a5,a4,4d80 <__sflush_r+0x11e>
    4d3e:	0124a023          	sw	s2,0(s1)
    4d42:	b791                	j	4c86 <__sflush_r+0x24>
    4d44:	04076713          	ori	a4,a4,64
    4d48:	a45a                	sh	a4,12(s0)
    4d4a:	557d                	li	a0,-1
    4d4c:	bf35                	j	4c88 <__sflush_r+0x26>
    4d4e:	0105a983          	lw	s3,16(a1)
    4d52:	f2098ae3          	beqz	s3,4c86 <__sflush_r+0x24>
    4d56:	0005a903          	lw	s2,0(a1)
    4d5a:	8b8d                	andi	a5,a5,3
    4d5c:	0135a023          	sw	s3,0(a1)
    4d60:	41390933          	sub	s2,s2,s3
    4d64:	4701                	li	a4,0
    4d66:	e391                	bnez	a5,4d6a <__sflush_r+0x108>
    4d68:	49d8                	lw	a4,20(a1)
    4d6a:	c418                	sw	a4,8(s0)
    4d6c:	f1205de3          	blez	s2,4c86 <__sflush_r+0x24>
    4d70:	541c                	lw	a5,40(s0)
    4d72:	500c                	lw	a1,32(s0)
    4d74:	86ca                	mv	a3,s2
    4d76:	864e                	mv	a2,s3
    4d78:	8526                	mv	a0,s1
    4d7a:	9782                	jalr	a5
    4d7c:	00a04763          	bgtz	a0,4d8a <__sflush_r+0x128>
    4d80:	245e                	lhu	a5,12(s0)
    4d82:	0407e793          	ori	a5,a5,64
    4d86:	a45e                	sh	a5,12(s0)
    4d88:	b7c9                	j	4d4a <__sflush_r+0xe8>
    4d8a:	99aa                	add	s3,s3,a0
    4d8c:	40a90933          	sub	s2,s2,a0
    4d90:	bff1                	j	4d6c <__sflush_r+0x10a>

00004d92 <_fflush_r>:
    4d92:	499c                	lw	a5,16(a1)
    4d94:	c3a5                	beqz	a5,4df4 <_fflush_r+0x62>
    4d96:	1101                	addi	sp,sp,-32
    4d98:	cc22                	sw	s0,24(sp)
    4d9a:	ce06                	sw	ra,28(sp)
    4d9c:	842a                	mv	s0,a0
    4d9e:	c511                	beqz	a0,4daa <_fflush_r+0x18>
    4da0:	4d1c                	lw	a5,24(a0)
    4da2:	e781                	bnez	a5,4daa <_fflush_r+0x18>
    4da4:	c62e                	sw	a1,12(sp)
    4da6:	2221                	jal	4eae <__sinit>
    4da8:	45b2                	lw	a1,12(sp)
    4daa:	00002797          	auipc	a5,0x2
    4dae:	e5a78793          	addi	a5,a5,-422 # 6c04 <__sf_fake_stdin>
    4db2:	00f59c63          	bne	a1,a5,4dca <_fflush_r+0x38>
    4db6:	404c                	lw	a1,4(s0)
    4db8:	00c59783          	lh	a5,12(a1)
    4dbc:	c79d                	beqz	a5,4dea <_fflush_r+0x58>
    4dbe:	8522                	mv	a0,s0
    4dc0:	4462                	lw	s0,24(sp)
    4dc2:	40f2                	lw	ra,28(sp)
    4dc4:	6105                	addi	sp,sp,32
    4dc6:	e9dff06f          	j	4c62 <__sflush_r>
    4dca:	00002797          	auipc	a5,0x2
    4dce:	e5a78793          	addi	a5,a5,-422 # 6c24 <__sf_fake_stdout>
    4dd2:	00f59463          	bne	a1,a5,4dda <_fflush_r+0x48>
    4dd6:	440c                	lw	a1,8(s0)
    4dd8:	b7c5                	j	4db8 <_fflush_r+0x26>
    4dda:	00002797          	auipc	a5,0x2
    4dde:	e0a78793          	addi	a5,a5,-502 # 6be4 <__sf_fake_stderr>
    4de2:	fcf59be3          	bne	a1,a5,4db8 <_fflush_r+0x26>
    4de6:	444c                	lw	a1,12(s0)
    4de8:	bfc1                	j	4db8 <_fflush_r+0x26>
    4dea:	40f2                	lw	ra,28(sp)
    4dec:	4462                	lw	s0,24(sp)
    4dee:	4501                	li	a0,0
    4df0:	6105                	addi	sp,sp,32
    4df2:	8082                	ret
    4df4:	4501                	li	a0,0
    4df6:	8082                	ret

00004df8 <std>:
    4df8:	1141                	addi	sp,sp,-16
    4dfa:	c422                	sw	s0,8(sp)
    4dfc:	c606                	sw	ra,12(sp)
    4dfe:	842a                	mv	s0,a0
    4e00:	a54e                	sh	a1,12(a0)
    4e02:	a572                	sh	a2,14(a0)
    4e04:	00052023          	sw	zero,0(a0)
    4e08:	00052223          	sw	zero,4(a0)
    4e0c:	00052423          	sw	zero,8(a0)
    4e10:	06052223          	sw	zero,100(a0)
    4e14:	00052823          	sw	zero,16(a0)
    4e18:	00052a23          	sw	zero,20(a0)
    4e1c:	00052c23          	sw	zero,24(a0)
    4e20:	4621                	li	a2,8
    4e22:	4581                	li	a1,0
    4e24:	05c50513          	addi	a0,a0,92
    4e28:	bf8fb0ef          	jal	ra,220 <memset>
    4e2c:	00001797          	auipc	a5,0x1
    4e30:	b3078793          	addi	a5,a5,-1232 # 595c <__sread>
    4e34:	d05c                	sw	a5,36(s0)
    4e36:	00001797          	auipc	a5,0x1
    4e3a:	b5278793          	addi	a5,a5,-1198 # 5988 <__swrite>
    4e3e:	d41c                	sw	a5,40(s0)
    4e40:	00001797          	auipc	a5,0x1
    4e44:	b9078793          	addi	a5,a5,-1136 # 59d0 <__sseek>
    4e48:	d45c                	sw	a5,44(s0)
    4e4a:	00001797          	auipc	a5,0x1
    4e4e:	bb678793          	addi	a5,a5,-1098 # 5a00 <__sclose>
    4e52:	d000                	sw	s0,32(s0)
    4e54:	d81c                	sw	a5,48(s0)
    4e56:	40b2                	lw	ra,12(sp)
    4e58:	4422                	lw	s0,8(sp)
    4e5a:	0141                	addi	sp,sp,16
    4e5c:	8082                	ret

00004e5e <_cleanup_r>:
    4e5e:	00000597          	auipc	a1,0x0
    4e62:	f3458593          	addi	a1,a1,-204 # 4d92 <_fflush_r>
    4e66:	aa91                	j	4fba <_fwalk_reent>

00004e68 <__sfmoreglue>:
    4e68:	1141                	addi	sp,sp,-16
    4e6a:	c226                	sw	s1,4(sp)
    4e6c:	06800613          	li	a2,104
    4e70:	fff58493          	addi	s1,a1,-1
    4e74:	02c484b3          	mul	s1,s1,a2
    4e78:	c04a                	sw	s2,0(sp)
    4e7a:	892e                	mv	s2,a1
    4e7c:	c422                	sw	s0,8(sp)
    4e7e:	c606                	sw	ra,12(sp)
    4e80:	07448593          	addi	a1,s1,116
    4e84:	2e0d                	jal	51b6 <_malloc_r>
    4e86:	842a                	mv	s0,a0
    4e88:	cd01                	beqz	a0,4ea0 <__sfmoreglue+0x38>
    4e8a:	00052023          	sw	zero,0(a0)
    4e8e:	01252223          	sw	s2,4(a0)
    4e92:	0531                	addi	a0,a0,12
    4e94:	c408                	sw	a0,8(s0)
    4e96:	06848613          	addi	a2,s1,104
    4e9a:	4581                	li	a1,0
    4e9c:	b84fb0ef          	jal	ra,220 <memset>
    4ea0:	8522                	mv	a0,s0
    4ea2:	40b2                	lw	ra,12(sp)
    4ea4:	4422                	lw	s0,8(sp)
    4ea6:	4492                	lw	s1,4(sp)
    4ea8:	4902                	lw	s2,0(sp)
    4eaa:	0141                	addi	sp,sp,16
    4eac:	8082                	ret

00004eae <__sinit>:
    4eae:	4d1c                	lw	a5,24(a0)
    4eb0:	e7a5                	bnez	a5,4f18 <__sinit+0x6a>
    4eb2:	1141                	addi	sp,sp,-16
    4eb4:	c606                	sw	ra,12(sp)
    4eb6:	c422                	sw	s0,8(sp)
    4eb8:	00000797          	auipc	a5,0x0
    4ebc:	fa678793          	addi	a5,a5,-90 # 4e5e <_cleanup_r>
    4ec0:	d51c                	sw	a5,40(a0)
    4ec2:	88018793          	addi	a5,gp,-1920 # 20000100 <_global_impure_ptr>
    4ec6:	439c                	lw	a5,0(a5)
    4ec8:	04052423          	sw	zero,72(a0)
    4ecc:	04052623          	sw	zero,76(a0)
    4ed0:	04052823          	sw	zero,80(a0)
    4ed4:	00f51463          	bne	a0,a5,4edc <__sinit+0x2e>
    4ed8:	4785                	li	a5,1
    4eda:	cd1c                	sw	a5,24(a0)
    4edc:	842a                	mv	s0,a0
    4ede:	2835                	jal	4f1a <__sfp>
    4ee0:	c048                	sw	a0,4(s0)
    4ee2:	8522                	mv	a0,s0
    4ee4:	281d                	jal	4f1a <__sfp>
    4ee6:	c408                	sw	a0,8(s0)
    4ee8:	8522                	mv	a0,s0
    4eea:	2805                	jal	4f1a <__sfp>
    4eec:	c448                	sw	a0,12(s0)
    4eee:	4048                	lw	a0,4(s0)
    4ef0:	4601                	li	a2,0
    4ef2:	4591                	li	a1,4
    4ef4:	f05ff0ef          	jal	ra,4df8 <std>
    4ef8:	4408                	lw	a0,8(s0)
    4efa:	4605                	li	a2,1
    4efc:	45a5                	li	a1,9
    4efe:	efbff0ef          	jal	ra,4df8 <std>
    4f02:	4448                	lw	a0,12(s0)
    4f04:	4609                	li	a2,2
    4f06:	45c9                	li	a1,18
    4f08:	ef1ff0ef          	jal	ra,4df8 <std>
    4f0c:	4785                	li	a5,1
    4f0e:	cc1c                	sw	a5,24(s0)
    4f10:	40b2                	lw	ra,12(sp)
    4f12:	4422                	lw	s0,8(sp)
    4f14:	0141                	addi	sp,sp,16
    4f16:	8082                	ret
    4f18:	8082                	ret

00004f1a <__sfp>:
    4f1a:	1141                	addi	sp,sp,-16
    4f1c:	88018793          	addi	a5,gp,-1920 # 20000100 <_global_impure_ptr>
    4f20:	c226                	sw	s1,4(sp)
    4f22:	4384                	lw	s1,0(a5)
    4f24:	c04a                	sw	s2,0(sp)
    4f26:	c606                	sw	ra,12(sp)
    4f28:	4c9c                	lw	a5,24(s1)
    4f2a:	c422                	sw	s0,8(sp)
    4f2c:	892a                	mv	s2,a0
    4f2e:	e781                	bnez	a5,4f36 <__sfp+0x1c>
    4f30:	8526                	mv	a0,s1
    4f32:	f7dff0ef          	jal	ra,4eae <__sinit>
    4f36:	04848493          	addi	s1,s1,72
    4f3a:	4480                	lw	s0,8(s1)
    4f3c:	40dc                	lw	a5,4(s1)
    4f3e:	17fd                	addi	a5,a5,-1
    4f40:	0007d663          	bgez	a5,4f4c <__sfp+0x32>
    4f44:	409c                	lw	a5,0(s1)
    4f46:	cfb9                	beqz	a5,4fa4 <__sfp+0x8a>
    4f48:	4084                	lw	s1,0(s1)
    4f4a:	bfc5                	j	4f3a <__sfp+0x20>
    4f4c:	00c41703          	lh	a4,12(s0)
    4f50:	e739                	bnez	a4,4f9e <__sfp+0x84>
    4f52:	77c1                	lui	a5,0xffff0
    4f54:	0785                	addi	a5,a5,1
    4f56:	06042223          	sw	zero,100(s0)
    4f5a:	00042023          	sw	zero,0(s0)
    4f5e:	00042223          	sw	zero,4(s0)
    4f62:	00042423          	sw	zero,8(s0)
    4f66:	c45c                	sw	a5,12(s0)
    4f68:	00042823          	sw	zero,16(s0)
    4f6c:	00042a23          	sw	zero,20(s0)
    4f70:	00042c23          	sw	zero,24(s0)
    4f74:	4621                	li	a2,8
    4f76:	4581                	li	a1,0
    4f78:	05c40513          	addi	a0,s0,92
    4f7c:	aa4fb0ef          	jal	ra,220 <memset>
    4f80:	02042a23          	sw	zero,52(s0)
    4f84:	02042c23          	sw	zero,56(s0)
    4f88:	04042423          	sw	zero,72(s0)
    4f8c:	04042623          	sw	zero,76(s0)
    4f90:	8522                	mv	a0,s0
    4f92:	40b2                	lw	ra,12(sp)
    4f94:	4422                	lw	s0,8(sp)
    4f96:	4492                	lw	s1,4(sp)
    4f98:	4902                	lw	s2,0(sp)
    4f9a:	0141                	addi	sp,sp,16
    4f9c:	8082                	ret
    4f9e:	06840413          	addi	s0,s0,104
    4fa2:	bf71                	j	4f3e <__sfp+0x24>
    4fa4:	4591                	li	a1,4
    4fa6:	854a                	mv	a0,s2
    4fa8:	ec1ff0ef          	jal	ra,4e68 <__sfmoreglue>
    4fac:	c088                	sw	a0,0(s1)
    4fae:	fd49                	bnez	a0,4f48 <__sfp+0x2e>
    4fb0:	47b1                	li	a5,12
    4fb2:	00f92023          	sw	a5,0(s2)
    4fb6:	4401                	li	s0,0
    4fb8:	bfe1                	j	4f90 <__sfp+0x76>

00004fba <_fwalk_reent>:
    4fba:	7179                	addi	sp,sp,-48
    4fbc:	d422                	sw	s0,40(sp)
    4fbe:	d04a                	sw	s2,32(sp)
    4fc0:	cc52                	sw	s4,24(sp)
    4fc2:	ca56                	sw	s5,20(sp)
    4fc4:	c85a                	sw	s6,16(sp)
    4fc6:	c65e                	sw	s7,12(sp)
    4fc8:	d606                	sw	ra,44(sp)
    4fca:	d226                	sw	s1,36(sp)
    4fcc:	ce4e                	sw	s3,28(sp)
    4fce:	8a2a                	mv	s4,a0
    4fd0:	8aae                	mv	s5,a1
    4fd2:	04850413          	addi	s0,a0,72
    4fd6:	4901                	li	s2,0
    4fd8:	4b05                	li	s6,1
    4fda:	5bfd                	li	s7,-1
    4fdc:	ec09                	bnez	s0,4ff6 <_fwalk_reent+0x3c>
    4fde:	50b2                	lw	ra,44(sp)
    4fe0:	5422                	lw	s0,40(sp)
    4fe2:	854a                	mv	a0,s2
    4fe4:	5492                	lw	s1,36(sp)
    4fe6:	5902                	lw	s2,32(sp)
    4fe8:	49f2                	lw	s3,28(sp)
    4fea:	4a62                	lw	s4,24(sp)
    4fec:	4ad2                	lw	s5,20(sp)
    4fee:	4b42                	lw	s6,16(sp)
    4ff0:	4bb2                	lw	s7,12(sp)
    4ff2:	6145                	addi	sp,sp,48
    4ff4:	8082                	ret
    4ff6:	4404                	lw	s1,8(s0)
    4ff8:	00442983          	lw	s3,4(s0)
    4ffc:	19fd                	addi	s3,s3,-1
    4ffe:	0009d463          	bgez	s3,5006 <_fwalk_reent+0x4c>
    5002:	4000                	lw	s0,0(s0)
    5004:	bfe1                	j	4fdc <_fwalk_reent+0x22>
    5006:	24de                	lhu	a5,12(s1)
    5008:	00fb7b63          	bgeu	s6,a5,501e <_fwalk_reent+0x64>
    500c:	00e49783          	lh	a5,14(s1)
    5010:	01778763          	beq	a5,s7,501e <_fwalk_reent+0x64>
    5014:	85a6                	mv	a1,s1
    5016:	8552                	mv	a0,s4
    5018:	9a82                	jalr	s5
    501a:	00a96933          	or	s2,s2,a0
    501e:	06848493          	addi	s1,s1,104
    5022:	bfe9                	j	4ffc <_fwalk_reent+0x42>

00005024 <__swhatbuf_r>:
    5024:	7119                	addi	sp,sp,-128
    5026:	daa6                	sw	s1,116(sp)
    5028:	84ae                	mv	s1,a1
    502a:	00e59583          	lh	a1,14(a1)
    502e:	dca2                	sw	s0,120(sp)
    5030:	de86                	sw	ra,124(sp)
    5032:	8432                	mv	s0,a2
    5034:	0005db63          	bgez	a1,504a <__swhatbuf_r+0x26>
    5038:	24de                	lhu	a5,12(s1)
    503a:	0006a023          	sw	zero,0(a3)
    503e:	0807f793          	andi	a5,a5,128
    5042:	e785                	bnez	a5,506a <__swhatbuf_r+0x46>
    5044:	40000793          	li	a5,1024
    5048:	a01d                	j	506e <__swhatbuf_r+0x4a>
    504a:	0830                	addi	a2,sp,24
    504c:	c636                	sw	a3,12(sp)
    504e:	20f000ef          	jal	ra,5a5c <_fstat_r>
    5052:	46b2                	lw	a3,12(sp)
    5054:	fe0542e3          	bltz	a0,5038 <__swhatbuf_r+0x14>
    5058:	4772                	lw	a4,28(sp)
    505a:	67bd                	lui	a5,0xf
    505c:	8ff9                	and	a5,a5,a4
    505e:	7779                	lui	a4,0xffffe
    5060:	97ba                	add	a5,a5,a4
    5062:	0017b793          	seqz	a5,a5
    5066:	c29c                	sw	a5,0(a3)
    5068:	bff1                	j	5044 <__swhatbuf_r+0x20>
    506a:	04000793          	li	a5,64
    506e:	c01c                	sw	a5,0(s0)
    5070:	50f6                	lw	ra,124(sp)
    5072:	5466                	lw	s0,120(sp)
    5074:	54d6                	lw	s1,116(sp)
    5076:	4501                	li	a0,0
    5078:	6109                	addi	sp,sp,128
    507a:	8082                	ret

0000507c <__smakebuf_r>:
    507c:	25de                	lhu	a5,12(a1)
    507e:	1101                	addi	sp,sp,-32
    5080:	cc22                	sw	s0,24(sp)
    5082:	ce06                	sw	ra,28(sp)
    5084:	ca26                	sw	s1,20(sp)
    5086:	c84a                	sw	s2,16(sp)
    5088:	8b89                	andi	a5,a5,2
    508a:	842e                	mv	s0,a1
    508c:	cf89                	beqz	a5,50a6 <__smakebuf_r+0x2a>
    508e:	04740793          	addi	a5,s0,71
    5092:	c01c                	sw	a5,0(s0)
    5094:	c81c                	sw	a5,16(s0)
    5096:	4785                	li	a5,1
    5098:	c85c                	sw	a5,20(s0)
    509a:	40f2                	lw	ra,28(sp)
    509c:	4462                	lw	s0,24(sp)
    509e:	44d2                	lw	s1,20(sp)
    50a0:	4942                	lw	s2,16(sp)
    50a2:	6105                	addi	sp,sp,32
    50a4:	8082                	ret
    50a6:	0074                	addi	a3,sp,12
    50a8:	0030                	addi	a2,sp,8
    50aa:	84aa                	mv	s1,a0
    50ac:	f79ff0ef          	jal	ra,5024 <__swhatbuf_r>
    50b0:	45a2                	lw	a1,8(sp)
    50b2:	892a                	mv	s2,a0
    50b4:	8526                	mv	a0,s1
    50b6:	2201                	jal	51b6 <_malloc_r>
    50b8:	e919                	bnez	a0,50ce <__smakebuf_r+0x52>
    50ba:	00c41783          	lh	a5,12(s0)
    50be:	2007f713          	andi	a4,a5,512
    50c2:	ff61                	bnez	a4,509a <__smakebuf_r+0x1e>
    50c4:	9bf1                	andi	a5,a5,-4
    50c6:	0027e793          	ori	a5,a5,2
    50ca:	a45e                	sh	a5,12(s0)
    50cc:	b7c9                	j	508e <__smakebuf_r+0x12>
    50ce:	00000797          	auipc	a5,0x0
    50d2:	d9078793          	addi	a5,a5,-624 # 4e5e <_cleanup_r>
    50d6:	d49c                	sw	a5,40(s1)
    50d8:	245e                	lhu	a5,12(s0)
    50da:	c008                	sw	a0,0(s0)
    50dc:	c808                	sw	a0,16(s0)
    50de:	0807e793          	ori	a5,a5,128
    50e2:	a45e                	sh	a5,12(s0)
    50e4:	47a2                	lw	a5,8(sp)
    50e6:	c85c                	sw	a5,20(s0)
    50e8:	47b2                	lw	a5,12(sp)
    50ea:	cf81                	beqz	a5,5102 <__smakebuf_r+0x86>
    50ec:	00e41583          	lh	a1,14(s0)
    50f0:	8526                	mv	a0,s1
    50f2:	195000ef          	jal	ra,5a86 <_isatty_r>
    50f6:	c511                	beqz	a0,5102 <__smakebuf_r+0x86>
    50f8:	245e                	lhu	a5,12(s0)
    50fa:	9bf1                	andi	a5,a5,-4
    50fc:	0017e793          	ori	a5,a5,1
    5100:	a45e                	sh	a5,12(s0)
    5102:	245e                	lhu	a5,12(s0)
    5104:	00f96933          	or	s2,s2,a5
    5108:	01241623          	sh	s2,12(s0)
    510c:	b779                	j	509a <__smakebuf_r+0x1e>

0000510e <_free_r>:
    510e:	c1dd                	beqz	a1,51b4 <_free_r+0xa6>
    5110:	ffc5a783          	lw	a5,-4(a1)
    5114:	1141                	addi	sp,sp,-16
    5116:	c422                	sw	s0,8(sp)
    5118:	c606                	sw	ra,12(sp)
    511a:	c226                	sw	s1,4(sp)
    511c:	ffc58413          	addi	s0,a1,-4
    5120:	0007d363          	bgez	a5,5126 <_free_r+0x18>
    5124:	943e                	add	s0,s0,a5
    5126:	84aa                	mv	s1,a0
    5128:	1b3000ef          	jal	ra,5ada <__malloc_lock>
    512c:	8e018793          	addi	a5,gp,-1824 # 20000160 <__malloc_free_list>
    5130:	439c                	lw	a5,0(a5)
    5132:	ef81                	bnez	a5,514a <_free_r+0x3c>
    5134:	00042223          	sw	zero,4(s0)
    5138:	8e81a023          	sw	s0,-1824(gp) # 20000160 <__malloc_free_list>
    513c:	4422                	lw	s0,8(sp)
    513e:	40b2                	lw	ra,12(sp)
    5140:	8526                	mv	a0,s1
    5142:	4492                	lw	s1,4(sp)
    5144:	0141                	addi	sp,sp,16
    5146:	1970006f          	j	5adc <__malloc_unlock>
    514a:	00f47e63          	bgeu	s0,a5,5166 <_free_r+0x58>
    514e:	4014                	lw	a3,0(s0)
    5150:	00d40733          	add	a4,s0,a3
    5154:	00e79663          	bne	a5,a4,5160 <_free_r+0x52>
    5158:	4398                	lw	a4,0(a5)
    515a:	43dc                	lw	a5,4(a5)
    515c:	9736                	add	a4,a4,a3
    515e:	c018                	sw	a4,0(s0)
    5160:	c05c                	sw	a5,4(s0)
    5162:	bfd9                	j	5138 <_free_r+0x2a>
    5164:	87ba                	mv	a5,a4
    5166:	43d8                	lw	a4,4(a5)
    5168:	c319                	beqz	a4,516e <_free_r+0x60>
    516a:	fee47de3          	bgeu	s0,a4,5164 <_free_r+0x56>
    516e:	4394                	lw	a3,0(a5)
    5170:	00d78633          	add	a2,a5,a3
    5174:	00861f63          	bne	a2,s0,5192 <_free_r+0x84>
    5178:	4010                	lw	a2,0(s0)
    517a:	96b2                	add	a3,a3,a2
    517c:	c394                	sw	a3,0(a5)
    517e:	00d78633          	add	a2,a5,a3
    5182:	fac71de3          	bne	a4,a2,513c <_free_r+0x2e>
    5186:	4310                	lw	a2,0(a4)
    5188:	4358                	lw	a4,4(a4)
    518a:	96b2                	add	a3,a3,a2
    518c:	c394                	sw	a3,0(a5)
    518e:	c3d8                	sw	a4,4(a5)
    5190:	b775                	j	513c <_free_r+0x2e>
    5192:	00c47563          	bgeu	s0,a2,519c <_free_r+0x8e>
    5196:	47b1                	li	a5,12
    5198:	c09c                	sw	a5,0(s1)
    519a:	b74d                	j	513c <_free_r+0x2e>
    519c:	4010                	lw	a2,0(s0)
    519e:	00c406b3          	add	a3,s0,a2
    51a2:	00d71663          	bne	a4,a3,51ae <_free_r+0xa0>
    51a6:	4314                	lw	a3,0(a4)
    51a8:	4358                	lw	a4,4(a4)
    51aa:	96b2                	add	a3,a3,a2
    51ac:	c014                	sw	a3,0(s0)
    51ae:	c058                	sw	a4,4(s0)
    51b0:	c3c0                	sw	s0,4(a5)
    51b2:	b769                	j	513c <_free_r+0x2e>
    51b4:	8082                	ret

000051b6 <_malloc_r>:
    51b6:	1101                	addi	sp,sp,-32
    51b8:	ca26                	sw	s1,20(sp)
    51ba:	00358493          	addi	s1,a1,3
    51be:	98f1                	andi	s1,s1,-4
    51c0:	ce06                	sw	ra,28(sp)
    51c2:	cc22                	sw	s0,24(sp)
    51c4:	c84a                	sw	s2,16(sp)
    51c6:	c64e                	sw	s3,12(sp)
    51c8:	04a1                	addi	s1,s1,8
    51ca:	47b1                	li	a5,12
    51cc:	04f4f363          	bgeu	s1,a5,5212 <_malloc_r+0x5c>
    51d0:	44b1                	li	s1,12
    51d2:	04b4e263          	bltu	s1,a1,5216 <_malloc_r+0x60>
    51d6:	892a                	mv	s2,a0
    51d8:	103000ef          	jal	ra,5ada <__malloc_lock>
    51dc:	8e018793          	addi	a5,gp,-1824 # 20000160 <__malloc_free_list>
    51e0:	4398                	lw	a4,0(a5)
    51e2:	843a                	mv	s0,a4
    51e4:	e039                	bnez	s0,522a <_malloc_r+0x74>
    51e6:	8e418793          	addi	a5,gp,-1820 # 20000164 <__malloc_sbrk_start>
    51ea:	439c                	lw	a5,0(a5)
    51ec:	e791                	bnez	a5,51f8 <_malloc_r+0x42>
    51ee:	4581                	li	a1,0
    51f0:	854a                	mv	a0,s2
    51f2:	2781                	jal	5932 <_sbrk_r>
    51f4:	8ea1a223          	sw	a0,-1820(gp) # 20000164 <__malloc_sbrk_start>
    51f8:	85a6                	mv	a1,s1
    51fa:	854a                	mv	a0,s2
    51fc:	2f1d                	jal	5932 <_sbrk_r>
    51fe:	59fd                	li	s3,-1
    5200:	07351963          	bne	a0,s3,5272 <_malloc_r+0xbc>
    5204:	47b1                	li	a5,12
    5206:	00f92023          	sw	a5,0(s2)
    520a:	854a                	mv	a0,s2
    520c:	0d1000ef          	jal	ra,5adc <__malloc_unlock>
    5210:	a029                	j	521a <_malloc_r+0x64>
    5212:	fc04d0e3          	bgez	s1,51d2 <_malloc_r+0x1c>
    5216:	47b1                	li	a5,12
    5218:	c11c                	sw	a5,0(a0)
    521a:	4501                	li	a0,0
    521c:	40f2                	lw	ra,28(sp)
    521e:	4462                	lw	s0,24(sp)
    5220:	44d2                	lw	s1,20(sp)
    5222:	4942                	lw	s2,16(sp)
    5224:	49b2                	lw	s3,12(sp)
    5226:	6105                	addi	sp,sp,32
    5228:	8082                	ret
    522a:	401c                	lw	a5,0(s0)
    522c:	8f85                	sub	a5,a5,s1
    522e:	0207cf63          	bltz	a5,526c <_malloc_r+0xb6>
    5232:	46ad                	li	a3,11
    5234:	00f6f663          	bgeu	a3,a5,5240 <_malloc_r+0x8a>
    5238:	c01c                	sw	a5,0(s0)
    523a:	943e                	add	s0,s0,a5
    523c:	c004                	sw	s1,0(s0)
    523e:	a031                	j	524a <_malloc_r+0x94>
    5240:	405c                	lw	a5,4(s0)
    5242:	02871363          	bne	a4,s0,5268 <_malloc_r+0xb2>
    5246:	8ef1a023          	sw	a5,-1824(gp) # 20000160 <__malloc_free_list>
    524a:	854a                	mv	a0,s2
    524c:	091000ef          	jal	ra,5adc <__malloc_unlock>
    5250:	00b40513          	addi	a0,s0,11
    5254:	00440793          	addi	a5,s0,4
    5258:	9961                	andi	a0,a0,-8
    525a:	40f50733          	sub	a4,a0,a5
    525e:	df5d                	beqz	a4,521c <_malloc_r+0x66>
    5260:	943a                	add	s0,s0,a4
    5262:	8f89                	sub	a5,a5,a0
    5264:	c01c                	sw	a5,0(s0)
    5266:	bf5d                	j	521c <_malloc_r+0x66>
    5268:	c35c                	sw	a5,4(a4)
    526a:	b7c5                	j	524a <_malloc_r+0x94>
    526c:	8722                	mv	a4,s0
    526e:	4040                	lw	s0,4(s0)
    5270:	bf95                	j	51e4 <_malloc_r+0x2e>
    5272:	00350413          	addi	s0,a0,3
    5276:	9871                	andi	s0,s0,-4
    5278:	fc8502e3          	beq	a0,s0,523c <_malloc_r+0x86>
    527c:	40a405b3          	sub	a1,s0,a0
    5280:	854a                	mv	a0,s2
    5282:	2d45                	jal	5932 <_sbrk_r>
    5284:	fb351ce3          	bne	a0,s3,523c <_malloc_r+0x86>
    5288:	bfb5                	j	5204 <_malloc_r+0x4e>

0000528a <__sfputc_r>:
    528a:	461c                	lw	a5,8(a2)
    528c:	17fd                	addi	a5,a5,-1
    528e:	c61c                	sw	a5,8(a2)
    5290:	0007da63          	bgez	a5,52a4 <__sfputc_r+0x1a>
    5294:	4e18                	lw	a4,24(a2)
    5296:	00e7c563          	blt	a5,a4,52a0 <__sfputc_r+0x16>
    529a:	47a9                	li	a5,10
    529c:	00f59463          	bne	a1,a5,52a4 <__sfputc_r+0x1a>
    52a0:	80bff06f          	j	4aaa <__swbuf_r>
    52a4:	421c                	lw	a5,0(a2)
    52a6:	852e                	mv	a0,a1
    52a8:	00178713          	addi	a4,a5,1
    52ac:	c218                	sw	a4,0(a2)
    52ae:	a38c                	sb	a1,0(a5)
    52b0:	8082                	ret

000052b2 <__sfputs_r>:
    52b2:	1101                	addi	sp,sp,-32
    52b4:	cc22                	sw	s0,24(sp)
    52b6:	ca26                	sw	s1,20(sp)
    52b8:	c84a                	sw	s2,16(sp)
    52ba:	c64e                	sw	s3,12(sp)
    52bc:	c452                	sw	s4,8(sp)
    52be:	ce06                	sw	ra,28(sp)
    52c0:	892a                	mv	s2,a0
    52c2:	89ae                	mv	s3,a1
    52c4:	8432                	mv	s0,a2
    52c6:	00d604b3          	add	s1,a2,a3
    52ca:	5a7d                	li	s4,-1
    52cc:	00941463          	bne	s0,s1,52d4 <__sfputs_r+0x22>
    52d0:	4501                	li	a0,0
    52d2:	a809                	j	52e4 <__sfputs_r+0x32>
    52d4:	200c                	lbu	a1,0(s0)
    52d6:	864e                	mv	a2,s3
    52d8:	854a                	mv	a0,s2
    52da:	fb1ff0ef          	jal	ra,528a <__sfputc_r>
    52de:	0405                	addi	s0,s0,1
    52e0:	ff4516e3          	bne	a0,s4,52cc <__sfputs_r+0x1a>
    52e4:	40f2                	lw	ra,28(sp)
    52e6:	4462                	lw	s0,24(sp)
    52e8:	44d2                	lw	s1,20(sp)
    52ea:	4942                	lw	s2,16(sp)
    52ec:	49b2                	lw	s3,12(sp)
    52ee:	4a22                	lw	s4,8(sp)
    52f0:	6105                	addi	sp,sp,32
    52f2:	8082                	ret

000052f4 <_vfiprintf_r>:
    52f4:	7135                	addi	sp,sp,-160
    52f6:	cd22                	sw	s0,152(sp)
    52f8:	cb26                	sw	s1,148(sp)
    52fa:	c94a                	sw	s2,144(sp)
    52fc:	c74e                	sw	s3,140(sp)
    52fe:	cf06                	sw	ra,156(sp)
    5300:	c552                	sw	s4,136(sp)
    5302:	c356                	sw	s5,132(sp)
    5304:	c15a                	sw	s6,128(sp)
    5306:	dede                	sw	s7,124(sp)
    5308:	dce2                	sw	s8,120(sp)
    530a:	dae6                	sw	s9,116(sp)
    530c:	89aa                	mv	s3,a0
    530e:	84ae                	mv	s1,a1
    5310:	8932                	mv	s2,a2
    5312:	8436                	mv	s0,a3
    5314:	c509                	beqz	a0,531e <_vfiprintf_r+0x2a>
    5316:	4d1c                	lw	a5,24(a0)
    5318:	e399                	bnez	a5,531e <_vfiprintf_r+0x2a>
    531a:	b95ff0ef          	jal	ra,4eae <__sinit>
    531e:	00002797          	auipc	a5,0x2
    5322:	8e678793          	addi	a5,a5,-1818 # 6c04 <__sf_fake_stdin>
    5326:	0cf49963          	bne	s1,a5,53f8 <_vfiprintf_r+0x104>
    532a:	0049a483          	lw	s1,4(s3)
    532e:	24de                	lhu	a5,12(s1)
    5330:	8ba1                	andi	a5,a5,8
    5332:	c7ed                	beqz	a5,541c <_vfiprintf_r+0x128>
    5334:	489c                	lw	a5,16(s1)
    5336:	c3fd                	beqz	a5,541c <_vfiprintf_r+0x128>
    5338:	02000793          	li	a5,32
    533c:	02f104a3          	sb	a5,41(sp)
    5340:	03000793          	li	a5,48
    5344:	d202                	sw	zero,36(sp)
    5346:	02f10523          	sb	a5,42(sp)
    534a:	c622                	sw	s0,12(sp)
    534c:	02500b93          	li	s7,37
    5350:	00002a97          	auipc	s5,0x2
    5354:	8f4a8a93          	addi	s5,s5,-1804 # 6c44 <__sf_fake_stdout+0x20>
    5358:	4c05                	li	s8,1
    535a:	4b29                	li	s6,10
    535c:	844a                	mv	s0,s2
    535e:	201c                	lbu	a5,0(s0)
    5360:	c399                	beqz	a5,5366 <_vfiprintf_r+0x72>
    5362:	0f779063          	bne	a5,s7,5442 <_vfiprintf_r+0x14e>
    5366:	41240cb3          	sub	s9,s0,s2
    536a:	000c8e63          	beqz	s9,5386 <_vfiprintf_r+0x92>
    536e:	86e6                	mv	a3,s9
    5370:	864a                	mv	a2,s2
    5372:	85a6                	mv	a1,s1
    5374:	854e                	mv	a0,s3
    5376:	f3dff0ef          	jal	ra,52b2 <__sfputs_r>
    537a:	57fd                	li	a5,-1
    537c:	1ef50263          	beq	a0,a5,5560 <_vfiprintf_r+0x26c>
    5380:	5692                	lw	a3,36(sp)
    5382:	96e6                	add	a3,a3,s9
    5384:	d236                	sw	a3,36(sp)
    5386:	201c                	lbu	a5,0(s0)
    5388:	1c078c63          	beqz	a5,5560 <_vfiprintf_r+0x26c>
    538c:	57fd                	li	a5,-1
    538e:	00140913          	addi	s2,s0,1
    5392:	c802                	sw	zero,16(sp)
    5394:	ce02                	sw	zero,28(sp)
    5396:	ca3e                	sw	a5,20(sp)
    5398:	cc02                	sw	zero,24(sp)
    539a:	040109a3          	sb	zero,83(sp)
    539e:	d482                	sw	zero,104(sp)
    53a0:	00094583          	lbu	a1,0(s2)
    53a4:	4615                	li	a2,5
    53a6:	8556                	mv	a0,s5
    53a8:	ce4ff0ef          	jal	ra,488c <memchr>
    53ac:	00190413          	addi	s0,s2,1
    53b0:	47c2                	lw	a5,16(sp)
    53b2:	e951                	bnez	a0,5446 <_vfiprintf_r+0x152>
    53b4:	0107f713          	andi	a4,a5,16
    53b8:	c709                	beqz	a4,53c2 <_vfiprintf_r+0xce>
    53ba:	02000713          	li	a4,32
    53be:	04e109a3          	sb	a4,83(sp)
    53c2:	0087f713          	andi	a4,a5,8
    53c6:	c709                	beqz	a4,53d0 <_vfiprintf_r+0xdc>
    53c8:	02b00713          	li	a4,43
    53cc:	04e109a3          	sb	a4,83(sp)
    53d0:	00094683          	lbu	a3,0(s2)
    53d4:	02a00713          	li	a4,42
    53d8:	06e68f63          	beq	a3,a4,5456 <_vfiprintf_r+0x162>
    53dc:	47f2                	lw	a5,28(sp)
    53de:	844a                	mv	s0,s2
    53e0:	4681                	li	a3,0
    53e2:	4625                	li	a2,9
    53e4:	2018                	lbu	a4,0(s0)
    53e6:	00140593          	addi	a1,s0,1
    53ea:	fd070713          	addi	a4,a4,-48 # ffffdfd0 <_eusrstack+0xdfff5fd0>
    53ee:	0ae67763          	bgeu	a2,a4,549c <_vfiprintf_r+0x1a8>
    53f2:	cab5                	beqz	a3,5466 <_vfiprintf_r+0x172>
    53f4:	ce3e                	sw	a5,28(sp)
    53f6:	a885                	j	5466 <_vfiprintf_r+0x172>
    53f8:	00002797          	auipc	a5,0x2
    53fc:	82c78793          	addi	a5,a5,-2004 # 6c24 <__sf_fake_stdout>
    5400:	00f49563          	bne	s1,a5,540a <_vfiprintf_r+0x116>
    5404:	0089a483          	lw	s1,8(s3)
    5408:	b71d                	j	532e <_vfiprintf_r+0x3a>
    540a:	00001797          	auipc	a5,0x1
    540e:	7da78793          	addi	a5,a5,2010 # 6be4 <__sf_fake_stderr>
    5412:	f0f49ee3          	bne	s1,a5,532e <_vfiprintf_r+0x3a>
    5416:	00c9a483          	lw	s1,12(s3)
    541a:	bf11                	j	532e <_vfiprintf_r+0x3a>
    541c:	85a6                	mv	a1,s1
    541e:	854e                	mv	a0,s3
    5420:	f46ff0ef          	jal	ra,4b66 <__swsetup_r>
    5424:	d911                	beqz	a0,5338 <_vfiprintf_r+0x44>
    5426:	557d                	li	a0,-1
    5428:	40fa                	lw	ra,156(sp)
    542a:	446a                	lw	s0,152(sp)
    542c:	44da                	lw	s1,148(sp)
    542e:	494a                	lw	s2,144(sp)
    5430:	49ba                	lw	s3,140(sp)
    5432:	4a2a                	lw	s4,136(sp)
    5434:	4a9a                	lw	s5,132(sp)
    5436:	4b0a                	lw	s6,128(sp)
    5438:	5bf6                	lw	s7,124(sp)
    543a:	5c66                	lw	s8,120(sp)
    543c:	5cd6                	lw	s9,116(sp)
    543e:	610d                	addi	sp,sp,160
    5440:	8082                	ret
    5442:	0405                	addi	s0,s0,1
    5444:	bf29                	j	535e <_vfiprintf_r+0x6a>
    5446:	41550533          	sub	a0,a0,s5
    544a:	00ac1533          	sll	a0,s8,a0
    544e:	8fc9                	or	a5,a5,a0
    5450:	c83e                	sw	a5,16(sp)
    5452:	8922                	mv	s2,s0
    5454:	b7b1                	j	53a0 <_vfiprintf_r+0xac>
    5456:	4732                	lw	a4,12(sp)
    5458:	00470693          	addi	a3,a4,4
    545c:	4318                	lw	a4,0(a4)
    545e:	c636                	sw	a3,12(sp)
    5460:	02074763          	bltz	a4,548e <_vfiprintf_r+0x19a>
    5464:	ce3a                	sw	a4,28(sp)
    5466:	2018                	lbu	a4,0(s0)
    5468:	02e00793          	li	a5,46
    546c:	04f71d63          	bne	a4,a5,54c6 <_vfiprintf_r+0x1d2>
    5470:	3018                	lbu	a4,1(s0)
    5472:	02a00793          	li	a5,42
    5476:	02f71b63          	bne	a4,a5,54ac <_vfiprintf_r+0x1b8>
    547a:	47b2                	lw	a5,12(sp)
    547c:	0409                	addi	s0,s0,2
    547e:	00478713          	addi	a4,a5,4
    5482:	439c                	lw	a5,0(a5)
    5484:	c63a                	sw	a4,12(sp)
    5486:	0207c163          	bltz	a5,54a8 <_vfiprintf_r+0x1b4>
    548a:	ca3e                	sw	a5,20(sp)
    548c:	a82d                	j	54c6 <_vfiprintf_r+0x1d2>
    548e:	40e00733          	neg	a4,a4
    5492:	0027e793          	ori	a5,a5,2
    5496:	ce3a                	sw	a4,28(sp)
    5498:	c83e                	sw	a5,16(sp)
    549a:	b7f1                	j	5466 <_vfiprintf_r+0x172>
    549c:	036787b3          	mul	a5,a5,s6
    54a0:	4685                	li	a3,1
    54a2:	842e                	mv	s0,a1
    54a4:	97ba                	add	a5,a5,a4
    54a6:	bf3d                	j	53e4 <_vfiprintf_r+0xf0>
    54a8:	57fd                	li	a5,-1
    54aa:	b7c5                	j	548a <_vfiprintf_r+0x196>
    54ac:	0405                	addi	s0,s0,1
    54ae:	ca02                	sw	zero,20(sp)
    54b0:	4681                	li	a3,0
    54b2:	4781                	li	a5,0
    54b4:	4625                	li	a2,9
    54b6:	2018                	lbu	a4,0(s0)
    54b8:	00140593          	addi	a1,s0,1
    54bc:	fd070713          	addi	a4,a4,-48
    54c0:	06e67663          	bgeu	a2,a4,552c <_vfiprintf_r+0x238>
    54c4:	f2f9                	bnez	a3,548a <_vfiprintf_r+0x196>
    54c6:	200c                	lbu	a1,0(s0)
    54c8:	460d                	li	a2,3
    54ca:	00001517          	auipc	a0,0x1
    54ce:	78250513          	addi	a0,a0,1922 # 6c4c <__sf_fake_stdout+0x28>
    54d2:	bbaff0ef          	jal	ra,488c <memchr>
    54d6:	cd11                	beqz	a0,54f2 <_vfiprintf_r+0x1fe>
    54d8:	00001797          	auipc	a5,0x1
    54dc:	77478793          	addi	a5,a5,1908 # 6c4c <__sf_fake_stdout+0x28>
    54e0:	8d1d                	sub	a0,a0,a5
    54e2:	04000793          	li	a5,64
    54e6:	00a797b3          	sll	a5,a5,a0
    54ea:	4542                	lw	a0,16(sp)
    54ec:	0405                	addi	s0,s0,1
    54ee:	8d5d                	or	a0,a0,a5
    54f0:	c82a                	sw	a0,16(sp)
    54f2:	200c                	lbu	a1,0(s0)
    54f4:	4619                	li	a2,6
    54f6:	00001517          	auipc	a0,0x1
    54fa:	75a50513          	addi	a0,a0,1882 # 6c50 <__sf_fake_stdout+0x2c>
    54fe:	00140913          	addi	s2,s0,1
    5502:	02b10423          	sb	a1,40(sp)
    5506:	b86ff0ef          	jal	ra,488c <memchr>
    550a:	c135                	beqz	a0,556e <_vfiprintf_r+0x27a>
    550c:	ffffb797          	auipc	a5,0xffffb
    5510:	af478793          	addi	a5,a5,-1292 # 0 <_sinit>
    5514:	e795                	bnez	a5,5540 <_vfiprintf_r+0x24c>
    5516:	4742                	lw	a4,16(sp)
    5518:	47b2                	lw	a5,12(sp)
    551a:	10077713          	andi	a4,a4,256
    551e:	cf09                	beqz	a4,5538 <_vfiprintf_r+0x244>
    5520:	0791                	addi	a5,a5,4
    5522:	c63e                	sw	a5,12(sp)
    5524:	5792                	lw	a5,36(sp)
    5526:	97d2                	add	a5,a5,s4
    5528:	d23e                	sw	a5,36(sp)
    552a:	bd0d                	j	535c <_vfiprintf_r+0x68>
    552c:	036787b3          	mul	a5,a5,s6
    5530:	4685                	li	a3,1
    5532:	842e                	mv	s0,a1
    5534:	97ba                	add	a5,a5,a4
    5536:	b741                	j	54b6 <_vfiprintf_r+0x1c2>
    5538:	079d                	addi	a5,a5,7
    553a:	9be1                	andi	a5,a5,-8
    553c:	07a1                	addi	a5,a5,8
    553e:	b7d5                	j	5522 <_vfiprintf_r+0x22e>
    5540:	0078                	addi	a4,sp,12
    5542:	00000697          	auipc	a3,0x0
    5546:	d7068693          	addi	a3,a3,-656 # 52b2 <__sfputs_r>
    554a:	8626                	mv	a2,s1
    554c:	080c                	addi	a1,sp,16
    554e:	854e                	mv	a0,s3
    5550:	00000097          	auipc	ra,0x0
    5554:	000000e7          	jalr	zero # 0 <_sinit>
    5558:	57fd                	li	a5,-1
    555a:	8a2a                	mv	s4,a0
    555c:	fcf514e3          	bne	a0,a5,5524 <_vfiprintf_r+0x230>
    5560:	24de                	lhu	a5,12(s1)
    5562:	0407f793          	andi	a5,a5,64
    5566:	ec0790e3          	bnez	a5,5426 <_vfiprintf_r+0x132>
    556a:	5512                	lw	a0,36(sp)
    556c:	bd75                	j	5428 <_vfiprintf_r+0x134>
    556e:	0078                	addi	a4,sp,12
    5570:	00000697          	auipc	a3,0x0
    5574:	d4268693          	addi	a3,a3,-702 # 52b2 <__sfputs_r>
    5578:	8626                	mv	a2,s1
    557a:	080c                	addi	a1,sp,16
    557c:	854e                	mv	a0,s3
    557e:	2a01                	jal	568e <_printf_i>
    5580:	bfe1                	j	5558 <_vfiprintf_r+0x264>

00005582 <_printf_common>:
    5582:	7179                	addi	sp,sp,-48
    5584:	ca56                	sw	s5,20(sp)
    5586:	499c                	lw	a5,16(a1)
    5588:	8aba                	mv	s5,a4
    558a:	4598                	lw	a4,8(a1)
    558c:	d422                	sw	s0,40(sp)
    558e:	d226                	sw	s1,36(sp)
    5590:	ce4e                	sw	s3,28(sp)
    5592:	cc52                	sw	s4,24(sp)
    5594:	d606                	sw	ra,44(sp)
    5596:	d04a                	sw	s2,32(sp)
    5598:	c85a                	sw	s6,16(sp)
    559a:	c65e                	sw	s7,12(sp)
    559c:	89aa                	mv	s3,a0
    559e:	842e                	mv	s0,a1
    55a0:	84b2                	mv	s1,a2
    55a2:	8a36                	mv	s4,a3
    55a4:	00e7d363          	bge	a5,a4,55aa <_printf_common+0x28>
    55a8:	87ba                	mv	a5,a4
    55aa:	c09c                	sw	a5,0(s1)
    55ac:	04344703          	lbu	a4,67(s0)
    55b0:	c319                	beqz	a4,55b6 <_printf_common+0x34>
    55b2:	0785                	addi	a5,a5,1
    55b4:	c09c                	sw	a5,0(s1)
    55b6:	401c                	lw	a5,0(s0)
    55b8:	0207f793          	andi	a5,a5,32
    55bc:	c781                	beqz	a5,55c4 <_printf_common+0x42>
    55be:	409c                	lw	a5,0(s1)
    55c0:	0789                	addi	a5,a5,2
    55c2:	c09c                	sw	a5,0(s1)
    55c4:	00042903          	lw	s2,0(s0)
    55c8:	00697913          	andi	s2,s2,6
    55cc:	00091a63          	bnez	s2,55e0 <_printf_common+0x5e>
    55d0:	01940b13          	addi	s6,s0,25
    55d4:	5bfd                	li	s7,-1
    55d6:	445c                	lw	a5,12(s0)
    55d8:	4098                	lw	a4,0(s1)
    55da:	8f99                	sub	a5,a5,a4
    55dc:	04f94c63          	blt	s2,a5,5634 <_printf_common+0xb2>
    55e0:	401c                	lw	a5,0(s0)
    55e2:	04344683          	lbu	a3,67(s0)
    55e6:	0207f793          	andi	a5,a5,32
    55ea:	00d036b3          	snez	a3,a3
    55ee:	eba5                	bnez	a5,565e <_printf_common+0xdc>
    55f0:	04340613          	addi	a2,s0,67
    55f4:	85d2                	mv	a1,s4
    55f6:	854e                	mv	a0,s3
    55f8:	9a82                	jalr	s5
    55fa:	57fd                	li	a5,-1
    55fc:	04f50363          	beq	a0,a5,5642 <_printf_common+0xc0>
    5600:	401c                	lw	a5,0(s0)
    5602:	4611                	li	a2,4
    5604:	4098                	lw	a4,0(s1)
    5606:	8b99                	andi	a5,a5,6
    5608:	4454                	lw	a3,12(s0)
    560a:	4481                	li	s1,0
    560c:	00c79763          	bne	a5,a2,561a <_printf_common+0x98>
    5610:	40e684b3          	sub	s1,a3,a4
    5614:	0004d363          	bgez	s1,561a <_printf_common+0x98>
    5618:	4481                	li	s1,0
    561a:	441c                	lw	a5,8(s0)
    561c:	4818                	lw	a4,16(s0)
    561e:	00f75463          	bge	a4,a5,5626 <_printf_common+0xa4>
    5622:	8f99                	sub	a5,a5,a4
    5624:	94be                	add	s1,s1,a5
    5626:	4901                	li	s2,0
    5628:	0469                	addi	s0,s0,26
    562a:	5b7d                	li	s6,-1
    562c:	05249863          	bne	s1,s2,567c <_printf_common+0xfa>
    5630:	4501                	li	a0,0
    5632:	a809                	j	5644 <_printf_common+0xc2>
    5634:	4685                	li	a3,1
    5636:	865a                	mv	a2,s6
    5638:	85d2                	mv	a1,s4
    563a:	854e                	mv	a0,s3
    563c:	9a82                	jalr	s5
    563e:	01751e63          	bne	a0,s7,565a <_printf_common+0xd8>
    5642:	557d                	li	a0,-1
    5644:	50b2                	lw	ra,44(sp)
    5646:	5422                	lw	s0,40(sp)
    5648:	5492                	lw	s1,36(sp)
    564a:	5902                	lw	s2,32(sp)
    564c:	49f2                	lw	s3,28(sp)
    564e:	4a62                	lw	s4,24(sp)
    5650:	4ad2                	lw	s5,20(sp)
    5652:	4b42                	lw	s6,16(sp)
    5654:	4bb2                	lw	s7,12(sp)
    5656:	6145                	addi	sp,sp,48
    5658:	8082                	ret
    565a:	0905                	addi	s2,s2,1
    565c:	bfad                	j	55d6 <_printf_common+0x54>
    565e:	00d40733          	add	a4,s0,a3
    5662:	03000613          	li	a2,48
    5666:	04c701a3          	sb	a2,67(a4)
    566a:	04544703          	lbu	a4,69(s0)
    566e:	00168793          	addi	a5,a3,1
    5672:	97a2                	add	a5,a5,s0
    5674:	0689                	addi	a3,a3,2
    5676:	04e781a3          	sb	a4,67(a5)
    567a:	bf9d                	j	55f0 <_printf_common+0x6e>
    567c:	4685                	li	a3,1
    567e:	8622                	mv	a2,s0
    5680:	85d2                	mv	a1,s4
    5682:	854e                	mv	a0,s3
    5684:	9a82                	jalr	s5
    5686:	fb650ee3          	beq	a0,s6,5642 <_printf_common+0xc0>
    568a:	0905                	addi	s2,s2,1
    568c:	b745                	j	562c <_printf_common+0xaa>

0000568e <_printf_i>:
    568e:	7179                	addi	sp,sp,-48
    5690:	d422                	sw	s0,40(sp)
    5692:	d226                	sw	s1,36(sp)
    5694:	d04a                	sw	s2,32(sp)
    5696:	ce4e                	sw	s3,28(sp)
    5698:	d606                	sw	ra,44(sp)
    569a:	cc52                	sw	s4,24(sp)
    569c:	ca56                	sw	s5,20(sp)
    569e:	c85a                	sw	s6,16(sp)
    56a0:	89b6                	mv	s3,a3
    56a2:	2d94                	lbu	a3,24(a1)
    56a4:	06900793          	li	a5,105
    56a8:	8932                	mv	s2,a2
    56aa:	84aa                	mv	s1,a0
    56ac:	842e                	mv	s0,a1
    56ae:	04358613          	addi	a2,a1,67
    56b2:	02f68d63          	beq	a3,a5,56ec <_printf_i+0x5e>
    56b6:	06d7e263          	bltu	a5,a3,571a <_printf_i+0x8c>
    56ba:	05800793          	li	a5,88
    56be:	18f68763          	beq	a3,a5,584c <_printf_i+0x1be>
    56c2:	00d7ed63          	bltu	a5,a3,56dc <_printf_i+0x4e>
    56c6:	20068f63          	beqz	a3,58e4 <_printf_i+0x256>
    56ca:	04300793          	li	a5,67
    56ce:	0af68f63          	beq	a3,a5,578c <_printf_i+0xfe>
    56d2:	04240a93          	addi	s5,s0,66
    56d6:	04d40123          	sb	a3,66(s0)
    56da:	a0d1                	j	579e <_printf_i+0x110>
    56dc:	06300793          	li	a5,99
    56e0:	0af68663          	beq	a3,a5,578c <_printf_i+0xfe>
    56e4:	06400793          	li	a5,100
    56e8:	fef695e3          	bne	a3,a5,56d2 <_printf_i+0x44>
    56ec:	401c                	lw	a5,0(s0)
    56ee:	4308                	lw	a0,0(a4)
    56f0:	0807f693          	andi	a3,a5,128
    56f4:	00450593          	addi	a1,a0,4
    56f8:	c6cd                	beqz	a3,57a2 <_printf_i+0x114>
    56fa:	411c                	lw	a5,0(a0)
    56fc:	c30c                	sw	a1,0(a4)
    56fe:	0007d863          	bgez	a5,570e <_printf_i+0x80>
    5702:	02d00713          	li	a4,45
    5706:	40f007b3          	neg	a5,a5
    570a:	04e401a3          	sb	a4,67(s0)
    570e:	00001697          	auipc	a3,0x1
    5712:	54a68693          	addi	a3,a3,1354 # 6c58 <__sf_fake_stdout+0x34>
    5716:	4729                	li	a4,10
    5718:	a86d                	j	57d2 <_printf_i+0x144>
    571a:	07000793          	li	a5,112
    571e:	16f68363          	beq	a3,a5,5884 <_printf_i+0x1f6>
    5722:	02d7e563          	bltu	a5,a3,574c <_printf_i+0xbe>
    5726:	06e00793          	li	a5,110
    572a:	18f68a63          	beq	a3,a5,58be <_printf_i+0x230>
    572e:	06f00793          	li	a5,111
    5732:	faf690e3          	bne	a3,a5,56d2 <_printf_i+0x44>
    5736:	400c                	lw	a1,0(s0)
    5738:	431c                	lw	a5,0(a4)
    573a:	0805f813          	andi	a6,a1,128
    573e:	00478513          	addi	a0,a5,4
    5742:	06080863          	beqz	a6,57b2 <_printf_i+0x124>
    5746:	c308                	sw	a0,0(a4)
    5748:	439c                	lw	a5,0(a5)
    574a:	a88d                	j	57bc <_printf_i+0x12e>
    574c:	07500793          	li	a5,117
    5750:	fef683e3          	beq	a3,a5,5736 <_printf_i+0xa8>
    5754:	07800793          	li	a5,120
    5758:	12f68a63          	beq	a3,a5,588c <_printf_i+0x1fe>
    575c:	07300793          	li	a5,115
    5760:	f6f699e3          	bne	a3,a5,56d2 <_printf_i+0x44>
    5764:	431c                	lw	a5,0(a4)
    5766:	41d0                	lw	a2,4(a1)
    5768:	4581                	li	a1,0
    576a:	00478693          	addi	a3,a5,4
    576e:	c314                	sw	a3,0(a4)
    5770:	0007aa83          	lw	s5,0(a5)
    5774:	8556                	mv	a0,s5
    5776:	916ff0ef          	jal	ra,488c <memchr>
    577a:	c501                	beqz	a0,5782 <_printf_i+0xf4>
    577c:	41550533          	sub	a0,a0,s5
    5780:	c048                	sw	a0,4(s0)
    5782:	405c                	lw	a5,4(s0)
    5784:	c81c                	sw	a5,16(s0)
    5786:	040401a3          	sb	zero,67(s0)
    578a:	a861                	j	5822 <_printf_i+0x194>
    578c:	431c                	lw	a5,0(a4)
    578e:	04240a93          	addi	s5,s0,66
    5792:	00478693          	addi	a3,a5,4
    5796:	439c                	lw	a5,0(a5)
    5798:	c314                	sw	a3,0(a4)
    579a:	04f40123          	sb	a5,66(s0)
    579e:	4785                	li	a5,1
    57a0:	b7d5                	j	5784 <_printf_i+0xf6>
    57a2:	0407f693          	andi	a3,a5,64
    57a6:	411c                	lw	a5,0(a0)
    57a8:	c30c                	sw	a1,0(a4)
    57aa:	dab1                	beqz	a3,56fe <_printf_i+0x70>
    57ac:	07c2                	slli	a5,a5,0x10
    57ae:	87c1                	srai	a5,a5,0x10
    57b0:	b7b9                	j	56fe <_printf_i+0x70>
    57b2:	0405f593          	andi	a1,a1,64
    57b6:	c308                	sw	a0,0(a4)
    57b8:	d9c1                	beqz	a1,5748 <_printf_i+0xba>
    57ba:	239e                	lhu	a5,0(a5)
    57bc:	06f00713          	li	a4,111
    57c0:	0ee68763          	beq	a3,a4,58ae <_printf_i+0x220>
    57c4:	00001697          	auipc	a3,0x1
    57c8:	49468693          	addi	a3,a3,1172 # 6c58 <__sf_fake_stdout+0x34>
    57cc:	4729                	li	a4,10
    57ce:	040401a3          	sb	zero,67(s0)
    57d2:	404c                	lw	a1,4(s0)
    57d4:	c40c                	sw	a1,8(s0)
    57d6:	0005c563          	bltz	a1,57e0 <_printf_i+0x152>
    57da:	4008                	lw	a0,0(s0)
    57dc:	996d                	andi	a0,a0,-5
    57de:	c008                	sw	a0,0(s0)
    57e0:	e399                	bnez	a5,57e6 <_printf_i+0x158>
    57e2:	8ab2                	mv	s5,a2
    57e4:	cd89                	beqz	a1,57fe <_printf_i+0x170>
    57e6:	8ab2                	mv	s5,a2
    57e8:	02e7f5b3          	remu	a1,a5,a4
    57ec:	1afd                	addi	s5,s5,-1
    57ee:	95b6                	add	a1,a1,a3
    57f0:	218c                	lbu	a1,0(a1)
    57f2:	00ba8023          	sb	a1,0(s5)
    57f6:	02e7d5b3          	divu	a1,a5,a4
    57fa:	0ce7f063          	bgeu	a5,a4,58ba <_printf_i+0x22c>
    57fe:	47a1                	li	a5,8
    5800:	00f71e63          	bne	a4,a5,581c <_printf_i+0x18e>
    5804:	401c                	lw	a5,0(s0)
    5806:	8b85                	andi	a5,a5,1
    5808:	cb91                	beqz	a5,581c <_printf_i+0x18e>
    580a:	4058                	lw	a4,4(s0)
    580c:	481c                	lw	a5,16(s0)
    580e:	00e7c763          	blt	a5,a4,581c <_printf_i+0x18e>
    5812:	03000793          	li	a5,48
    5816:	fefa8fa3          	sb	a5,-1(s5)
    581a:	1afd                	addi	s5,s5,-1
    581c:	41560633          	sub	a2,a2,s5
    5820:	c810                	sw	a2,16(s0)
    5822:	874e                	mv	a4,s3
    5824:	86ca                	mv	a3,s2
    5826:	0070                	addi	a2,sp,12
    5828:	85a2                	mv	a1,s0
    582a:	8526                	mv	a0,s1
    582c:	d57ff0ef          	jal	ra,5582 <_printf_common>
    5830:	5a7d                	li	s4,-1
    5832:	0b451d63          	bne	a0,s4,58ec <_printf_i+0x25e>
    5836:	557d                	li	a0,-1
    5838:	50b2                	lw	ra,44(sp)
    583a:	5422                	lw	s0,40(sp)
    583c:	5492                	lw	s1,36(sp)
    583e:	5902                	lw	s2,32(sp)
    5840:	49f2                	lw	s3,28(sp)
    5842:	4a62                	lw	s4,24(sp)
    5844:	4ad2                	lw	s5,20(sp)
    5846:	4b42                	lw	s6,16(sp)
    5848:	6145                	addi	sp,sp,48
    584a:	8082                	ret
    584c:	04d582a3          	sb	a3,69(a1)
    5850:	00001697          	auipc	a3,0x1
    5854:	40868693          	addi	a3,a3,1032 # 6c58 <__sf_fake_stdout+0x34>
    5858:	400c                	lw	a1,0(s0)
    585a:	4308                	lw	a0,0(a4)
    585c:	0805f813          	andi	a6,a1,128
    5860:	411c                	lw	a5,0(a0)
    5862:	0511                	addi	a0,a0,4
    5864:	02080d63          	beqz	a6,589e <_printf_i+0x210>
    5868:	c308                	sw	a0,0(a4)
    586a:	0015f713          	andi	a4,a1,1
    586e:	c701                	beqz	a4,5876 <_printf_i+0x1e8>
    5870:	0205e593          	ori	a1,a1,32
    5874:	c00c                	sw	a1,0(s0)
    5876:	4741                	li	a4,16
    5878:	fbb9                	bnez	a5,57ce <_printf_i+0x140>
    587a:	400c                	lw	a1,0(s0)
    587c:	fdf5f593          	andi	a1,a1,-33
    5880:	c00c                	sw	a1,0(s0)
    5882:	b7b1                	j	57ce <_printf_i+0x140>
    5884:	419c                	lw	a5,0(a1)
    5886:	0207e793          	ori	a5,a5,32
    588a:	c19c                	sw	a5,0(a1)
    588c:	07800793          	li	a5,120
    5890:	04f402a3          	sb	a5,69(s0)
    5894:	00001697          	auipc	a3,0x1
    5898:	3d868693          	addi	a3,a3,984 # 6c6c <__sf_fake_stdout+0x48>
    589c:	bf75                	j	5858 <_printf_i+0x1ca>
    589e:	0405f813          	andi	a6,a1,64
    58a2:	c308                	sw	a0,0(a4)
    58a4:	fc0803e3          	beqz	a6,586a <_printf_i+0x1dc>
    58a8:	07c2                	slli	a5,a5,0x10
    58aa:	83c1                	srli	a5,a5,0x10
    58ac:	bf7d                	j	586a <_printf_i+0x1dc>
    58ae:	00001697          	auipc	a3,0x1
    58b2:	3aa68693          	addi	a3,a3,938 # 6c58 <__sf_fake_stdout+0x34>
    58b6:	4721                	li	a4,8
    58b8:	bf19                	j	57ce <_printf_i+0x140>
    58ba:	87ae                	mv	a5,a1
    58bc:	b735                	j	57e8 <_printf_i+0x15a>
    58be:	4194                	lw	a3,0(a1)
    58c0:	431c                	lw	a5,0(a4)
    58c2:	49cc                	lw	a1,20(a1)
    58c4:	0806f813          	andi	a6,a3,128
    58c8:	00478513          	addi	a0,a5,4
    58cc:	00080663          	beqz	a6,58d8 <_printf_i+0x24a>
    58d0:	c308                	sw	a0,0(a4)
    58d2:	439c                	lw	a5,0(a5)
    58d4:	c38c                	sw	a1,0(a5)
    58d6:	a039                	j	58e4 <_printf_i+0x256>
    58d8:	c308                	sw	a0,0(a4)
    58da:	0406f693          	andi	a3,a3,64
    58de:	439c                	lw	a5,0(a5)
    58e0:	daf5                	beqz	a3,58d4 <_printf_i+0x246>
    58e2:	a38e                	sh	a1,0(a5)
    58e4:	00042823          	sw	zero,16(s0)
    58e8:	8ab2                	mv	s5,a2
    58ea:	bf25                	j	5822 <_printf_i+0x194>
    58ec:	4814                	lw	a3,16(s0)
    58ee:	8656                	mv	a2,s5
    58f0:	85ca                	mv	a1,s2
    58f2:	8526                	mv	a0,s1
    58f4:	9982                	jalr	s3
    58f6:	f54500e3          	beq	a0,s4,5836 <_printf_i+0x1a8>
    58fa:	401c                	lw	a5,0(s0)
    58fc:	8b89                	andi	a5,a5,2
    58fe:	e78d                	bnez	a5,5928 <_printf_i+0x29a>
    5900:	47b2                	lw	a5,12(sp)
    5902:	4448                	lw	a0,12(s0)
    5904:	f2f55ae3          	bge	a0,a5,5838 <_printf_i+0x1aa>
    5908:	853e                	mv	a0,a5
    590a:	b73d                	j	5838 <_printf_i+0x1aa>
    590c:	4685                	li	a3,1
    590e:	8656                	mv	a2,s5
    5910:	85ca                	mv	a1,s2
    5912:	8526                	mv	a0,s1
    5914:	9982                	jalr	s3
    5916:	f36500e3          	beq	a0,s6,5836 <_printf_i+0x1a8>
    591a:	0a05                	addi	s4,s4,1
    591c:	445c                	lw	a5,12(s0)
    591e:	4732                	lw	a4,12(sp)
    5920:	8f99                	sub	a5,a5,a4
    5922:	fefa45e3          	blt	s4,a5,590c <_printf_i+0x27e>
    5926:	bfe9                	j	5900 <_printf_i+0x272>
    5928:	4a01                	li	s4,0
    592a:	01940a93          	addi	s5,s0,25
    592e:	5b7d                	li	s6,-1
    5930:	b7f5                	j	591c <_printf_i+0x28e>

00005932 <_sbrk_r>:
    5932:	1141                	addi	sp,sp,-16
    5934:	c422                	sw	s0,8(sp)
    5936:	842a                	mv	s0,a0
    5938:	852e                	mv	a0,a1
    593a:	7a01a423          	sw	zero,1960(gp) # 20001028 <errno>
    593e:	c606                	sw	ra,12(sp)
    5940:	f27fe0ef          	jal	ra,4866 <_sbrk>
    5944:	57fd                	li	a5,-1
    5946:	00f51763          	bne	a0,a5,5954 <_sbrk_r+0x22>
    594a:	7a818793          	addi	a5,gp,1960 # 20001028 <errno>
    594e:	439c                	lw	a5,0(a5)
    5950:	c391                	beqz	a5,5954 <_sbrk_r+0x22>
    5952:	c01c                	sw	a5,0(s0)
    5954:	40b2                	lw	ra,12(sp)
    5956:	4422                	lw	s0,8(sp)
    5958:	0141                	addi	sp,sp,16
    595a:	8082                	ret

0000595c <__sread>:
    595c:	1141                	addi	sp,sp,-16
    595e:	c422                	sw	s0,8(sp)
    5960:	842e                	mv	s0,a1
    5962:	00e59583          	lh	a1,14(a1)
    5966:	c606                	sw	ra,12(sp)
    5968:	2a9d                	jal	5ade <_read_r>
    596a:	00054963          	bltz	a0,597c <__sread+0x20>
    596e:	487c                	lw	a5,84(s0)
    5970:	97aa                	add	a5,a5,a0
    5972:	c87c                	sw	a5,84(s0)
    5974:	40b2                	lw	ra,12(sp)
    5976:	4422                	lw	s0,8(sp)
    5978:	0141                	addi	sp,sp,16
    597a:	8082                	ret
    597c:	245e                	lhu	a5,12(s0)
    597e:	777d                	lui	a4,0xfffff
    5980:	177d                	addi	a4,a4,-1
    5982:	8ff9                	and	a5,a5,a4
    5984:	a45e                	sh	a5,12(s0)
    5986:	b7fd                	j	5974 <__sread+0x18>

00005988 <__swrite>:
    5988:	25de                	lhu	a5,12(a1)
    598a:	1101                	addi	sp,sp,-32
    598c:	cc22                	sw	s0,24(sp)
    598e:	ca26                	sw	s1,20(sp)
    5990:	c84a                	sw	s2,16(sp)
    5992:	c64e                	sw	s3,12(sp)
    5994:	ce06                	sw	ra,28(sp)
    5996:	1007f793          	andi	a5,a5,256
    599a:	84aa                	mv	s1,a0
    599c:	842e                	mv	s0,a1
    599e:	8932                	mv	s2,a2
    59a0:	89b6                	mv	s3,a3
    59a2:	c791                	beqz	a5,59ae <__swrite+0x26>
    59a4:	00e59583          	lh	a1,14(a1)
    59a8:	4689                	li	a3,2
    59aa:	4601                	li	a2,0
    59ac:	2209                	jal	5aae <_lseek_r>
    59ae:	245e                	lhu	a5,12(s0)
    59b0:	777d                	lui	a4,0xfffff
    59b2:	177d                	addi	a4,a4,-1
    59b4:	8ff9                	and	a5,a5,a4
    59b6:	a45e                	sh	a5,12(s0)
    59b8:	00e41583          	lh	a1,14(s0)
    59bc:	4462                	lw	s0,24(sp)
    59be:	40f2                	lw	ra,28(sp)
    59c0:	86ce                	mv	a3,s3
    59c2:	864a                	mv	a2,s2
    59c4:	49b2                	lw	s3,12(sp)
    59c6:	4942                	lw	s2,16(sp)
    59c8:	8526                	mv	a0,s1
    59ca:	44d2                	lw	s1,20(sp)
    59cc:	6105                	addi	sp,sp,32
    59ce:	a825                	j	5a06 <_write_r>

000059d0 <__sseek>:
    59d0:	1141                	addi	sp,sp,-16
    59d2:	c422                	sw	s0,8(sp)
    59d4:	842e                	mv	s0,a1
    59d6:	00e59583          	lh	a1,14(a1)
    59da:	c606                	sw	ra,12(sp)
    59dc:	28c9                	jal	5aae <_lseek_r>
    59de:	57fd                	li	a5,-1
    59e0:	245a                	lhu	a4,12(s0)
    59e2:	00f51a63          	bne	a0,a5,59f6 <__sseek+0x26>
    59e6:	77fd                	lui	a5,0xfffff
    59e8:	17fd                	addi	a5,a5,-1
    59ea:	8ff9                	and	a5,a5,a4
    59ec:	a45e                	sh	a5,12(s0)
    59ee:	40b2                	lw	ra,12(sp)
    59f0:	4422                	lw	s0,8(sp)
    59f2:	0141                	addi	sp,sp,16
    59f4:	8082                	ret
    59f6:	6785                	lui	a5,0x1
    59f8:	8fd9                	or	a5,a5,a4
    59fa:	a45e                	sh	a5,12(s0)
    59fc:	c868                	sw	a0,84(s0)
    59fe:	bfc5                	j	59ee <__sseek+0x1e>

00005a00 <__sclose>:
    5a00:	00e59583          	lh	a1,14(a1)
    5a04:	a805                	j	5a34 <_close_r>

00005a06 <_write_r>:
    5a06:	1141                	addi	sp,sp,-16
    5a08:	c422                	sw	s0,8(sp)
    5a0a:	842a                	mv	s0,a0
    5a0c:	852e                	mv	a0,a1
    5a0e:	85b2                	mv	a1,a2
    5a10:	8636                	mv	a2,a3
    5a12:	7a01a423          	sw	zero,1960(gp) # 20001028 <errno>
    5a16:	c606                	sw	ra,12(sp)
    5a18:	e11fe0ef          	jal	ra,4828 <_write>
    5a1c:	57fd                	li	a5,-1
    5a1e:	00f51763          	bne	a0,a5,5a2c <_write_r+0x26>
    5a22:	7a818793          	addi	a5,gp,1960 # 20001028 <errno>
    5a26:	439c                	lw	a5,0(a5)
    5a28:	c391                	beqz	a5,5a2c <_write_r+0x26>
    5a2a:	c01c                	sw	a5,0(s0)
    5a2c:	40b2                	lw	ra,12(sp)
    5a2e:	4422                	lw	s0,8(sp)
    5a30:	0141                	addi	sp,sp,16
    5a32:	8082                	ret

00005a34 <_close_r>:
    5a34:	1141                	addi	sp,sp,-16
    5a36:	c422                	sw	s0,8(sp)
    5a38:	842a                	mv	s0,a0
    5a3a:	852e                	mv	a0,a1
    5a3c:	7a01a423          	sw	zero,1960(gp) # 20001028 <errno>
    5a40:	c606                	sw	ra,12(sp)
    5a42:	20e1                	jal	5b0a <_close>
    5a44:	57fd                	li	a5,-1
    5a46:	00f51763          	bne	a0,a5,5a54 <_close_r+0x20>
    5a4a:	7a818793          	addi	a5,gp,1960 # 20001028 <errno>
    5a4e:	439c                	lw	a5,0(a5)
    5a50:	c391                	beqz	a5,5a54 <_close_r+0x20>
    5a52:	c01c                	sw	a5,0(s0)
    5a54:	40b2                	lw	ra,12(sp)
    5a56:	4422                	lw	s0,8(sp)
    5a58:	0141                	addi	sp,sp,16
    5a5a:	8082                	ret

00005a5c <_fstat_r>:
    5a5c:	1141                	addi	sp,sp,-16
    5a5e:	c422                	sw	s0,8(sp)
    5a60:	842a                	mv	s0,a0
    5a62:	852e                	mv	a0,a1
    5a64:	85b2                	mv	a1,a2
    5a66:	7a01a423          	sw	zero,1960(gp) # 20001028 <errno>
    5a6a:	c606                	sw	ra,12(sp)
    5a6c:	206d                	jal	5b16 <_fstat>
    5a6e:	57fd                	li	a5,-1
    5a70:	00f51763          	bne	a0,a5,5a7e <_fstat_r+0x22>
    5a74:	7a818793          	addi	a5,gp,1960 # 20001028 <errno>
    5a78:	439c                	lw	a5,0(a5)
    5a7a:	c391                	beqz	a5,5a7e <_fstat_r+0x22>
    5a7c:	c01c                	sw	a5,0(s0)
    5a7e:	40b2                	lw	ra,12(sp)
    5a80:	4422                	lw	s0,8(sp)
    5a82:	0141                	addi	sp,sp,16
    5a84:	8082                	ret

00005a86 <_isatty_r>:
    5a86:	1141                	addi	sp,sp,-16
    5a88:	c422                	sw	s0,8(sp)
    5a8a:	842a                	mv	s0,a0
    5a8c:	852e                	mv	a0,a1
    5a8e:	7a01a423          	sw	zero,1960(gp) # 20001028 <errno>
    5a92:	c606                	sw	ra,12(sp)
    5a94:	2079                	jal	5b22 <_isatty>
    5a96:	57fd                	li	a5,-1
    5a98:	00f51763          	bne	a0,a5,5aa6 <_isatty_r+0x20>
    5a9c:	7a818793          	addi	a5,gp,1960 # 20001028 <errno>
    5aa0:	439c                	lw	a5,0(a5)
    5aa2:	c391                	beqz	a5,5aa6 <_isatty_r+0x20>
    5aa4:	c01c                	sw	a5,0(s0)
    5aa6:	40b2                	lw	ra,12(sp)
    5aa8:	4422                	lw	s0,8(sp)
    5aaa:	0141                	addi	sp,sp,16
    5aac:	8082                	ret

00005aae <_lseek_r>:
    5aae:	1141                	addi	sp,sp,-16
    5ab0:	c422                	sw	s0,8(sp)
    5ab2:	842a                	mv	s0,a0
    5ab4:	852e                	mv	a0,a1
    5ab6:	85b2                	mv	a1,a2
    5ab8:	8636                	mv	a2,a3
    5aba:	7a01a423          	sw	zero,1960(gp) # 20001028 <errno>
    5abe:	c606                	sw	ra,12(sp)
    5ac0:	20bd                	jal	5b2e <_lseek>
    5ac2:	57fd                	li	a5,-1
    5ac4:	00f51763          	bne	a0,a5,5ad2 <_lseek_r+0x24>
    5ac8:	7a818793          	addi	a5,gp,1960 # 20001028 <errno>
    5acc:	439c                	lw	a5,0(a5)
    5ace:	c391                	beqz	a5,5ad2 <_lseek_r+0x24>
    5ad0:	c01c                	sw	a5,0(s0)
    5ad2:	40b2                	lw	ra,12(sp)
    5ad4:	4422                	lw	s0,8(sp)
    5ad6:	0141                	addi	sp,sp,16
    5ad8:	8082                	ret

00005ada <__malloc_lock>:
    5ada:	8082                	ret

00005adc <__malloc_unlock>:
    5adc:	8082                	ret

00005ade <_read_r>:
    5ade:	1141                	addi	sp,sp,-16
    5ae0:	c422                	sw	s0,8(sp)
    5ae2:	842a                	mv	s0,a0
    5ae4:	852e                	mv	a0,a1
    5ae6:	85b2                	mv	a1,a2
    5ae8:	8636                	mv	a2,a3
    5aea:	7a01a423          	sw	zero,1960(gp) # 20001028 <errno>
    5aee:	c606                	sw	ra,12(sp)
    5af0:	20a9                	jal	5b3a <_read>
    5af2:	57fd                	li	a5,-1
    5af4:	00f51763          	bne	a0,a5,5b02 <_read_r+0x24>
    5af8:	7a818793          	addi	a5,gp,1960 # 20001028 <errno>
    5afc:	439c                	lw	a5,0(a5)
    5afe:	c391                	beqz	a5,5b02 <_read_r+0x24>
    5b00:	c01c                	sw	a5,0(s0)
    5b02:	40b2                	lw	ra,12(sp)
    5b04:	4422                	lw	s0,8(sp)
    5b06:	0141                	addi	sp,sp,16
    5b08:	8082                	ret

00005b0a <_close>:
    5b0a:	05800793          	li	a5,88
    5b0e:	7af1a423          	sw	a5,1960(gp) # 20001028 <errno>
    5b12:	557d                	li	a0,-1
    5b14:	8082                	ret

00005b16 <_fstat>:
    5b16:	05800793          	li	a5,88
    5b1a:	7af1a423          	sw	a5,1960(gp) # 20001028 <errno>
    5b1e:	557d                	li	a0,-1
    5b20:	8082                	ret

00005b22 <_isatty>:
    5b22:	05800793          	li	a5,88
    5b26:	7af1a423          	sw	a5,1960(gp) # 20001028 <errno>
    5b2a:	4501                	li	a0,0
    5b2c:	8082                	ret

00005b2e <_lseek>:
    5b2e:	05800793          	li	a5,88
    5b32:	7af1a423          	sw	a5,1960(gp) # 20001028 <errno>
    5b36:	557d                	li	a0,-1
    5b38:	8082                	ret

00005b3a <_read>:
    5b3a:	05800793          	li	a5,88
    5b3e:	7af1a423          	sw	a5,1960(gp) # 20001028 <errno>
    5b42:	557d                	li	a0,-1
    5b44:	8082                	ret
    5b46:	0000                	unimp
    5b48:	5355                	li	t1,-11
    5b4a:	4642                	lw	a2,16(sp)
    5b4c:	6f482053          	0x6f482053
    5b50:	69207473          	csrrci	s0,0x692,0
    5b54:	696e                	flw	fs2,216(sp)
    5b56:	6974                	flw	fa3,84(a0)
    5b58:	6c61                	lui	s8,0x18
    5b5a:	7a69                	lui	s4,0xffffa
    5b5c:	6e69                	lui	t3,0x1a
    5b5e:	2e2e2e67          	0x2e2e2e67
    5b62:	000d                	c.nop	3
    5b64:	5355                	li	t1,-11
    5b66:	4642                	lw	a2,16(sp)
    5b68:	6f482053          	0x6f482053
    5b6c:	72207473          	csrrci	s0,0x722,0
    5b70:	6165                	addi	sp,sp,112
    5b72:	7964                	flw	fs1,116(a0)
    5b74:	000d                	c.nop	3
    5b76:	0000                	unimp
    5b78:	5548                	lw	a0,44(a0)
    5b7a:	5f42                	lw	t5,48(sp)
    5b7c:	4550                	lw	a2,12(a0)
    5b7e:	5f31                	li	t5,-20
    5b80:	5245                	li	tp,-15
    5b82:	3152                	lhu	a2,36(a0)
    5b84:	253a                	lhu	a4,10(a0)
    5b86:	0d78                	addi	a4,sp,668
    5b88:	000a                	c.slli	zero,0x2
    5b8a:	0000                	unimp
    5b8c:	5548                	lw	a0,44(a0)
    5b8e:	5f42                	lw	t5,48(sp)
    5b90:	4550                	lw	a2,12(a0)
    5b92:	5f31                	li	t5,-20
    5b94:	5245                	li	tp,-15
    5b96:	3252                	lhu	a2,36(a2)
    5b98:	253a                	lhu	a4,10(a0)
    5b9a:	0d78                	addi	a4,sp,668
    5b9c:	000a                	c.slli	zero,0x2
    5b9e:	0000                	unimp
    5ba0:	5548                	lw	a0,44(a0)
    5ba2:	5f42                	lw	t5,48(sp)
    5ba4:	4550                	lw	a2,12(a0)
    5ba6:	5f31                	li	t5,-20
    5ba8:	5245                	li	tp,-15
    5baa:	3352                	lhu	a2,36(a4)
    5bac:	253a                	lhu	a4,10(a0)
    5bae:	0d78                	addi	a4,sp,668
    5bb0:	000a                	c.slli	zero,0x2
    5bb2:	0000                	unimp
    5bb4:	7548                	flw	fa0,44(a0)
    5bb6:	2062                	lhu	s0,6(s0)
    5bb8:	6f50                	flw	fa2,28(a4)
    5bba:	7472                	flw	fs0,60(sp)
    5bbc:	7825                	lui	a6,0xfffe9
    5bbe:	4f20                	lw	s0,88(a4)
    5bc0:	7475                	lui	s0,0xffffd
    5bc2:	0a0d                	addi	s4,s4,3
    5bc4:	0000                	unimp
    5bc6:	0000                	unimp
    5bc8:	5548                	lw	a0,44(a0)
    5bca:	5f42                	lw	t5,48(sp)
    5bcc:	4550                	lw	a2,12(a0)
    5bce:	5f32                	lw	t5,44(sp)
    5bd0:	5245                	li	tp,-15
    5bd2:	3152                	lhu	a2,36(a0)
    5bd4:	253a                	lhu	a4,10(a0)
    5bd6:	0d78                	addi	a4,sp,668
    5bd8:	000a                	c.slli	zero,0x2
    5bda:	0000                	unimp
    5bdc:	5548                	lw	a0,44(a0)
    5bde:	5f42                	lw	t5,48(sp)
    5be0:	4550                	lw	a2,12(a0)
    5be2:	5f32                	lw	t5,44(sp)
    5be4:	5245                	li	tp,-15
    5be6:	3252                	lhu	a2,36(a2)
    5be8:	253a                	lhu	a4,10(a0)
    5bea:	0d78                	addi	a4,sp,668
    5bec:	000a                	c.slli	zero,0x2
    5bee:	0000                	unimp
    5bf0:	5548                	lw	a0,44(a0)
    5bf2:	5f42                	lw	t5,48(sp)
    5bf4:	4550                	lw	a2,12(a0)
    5bf6:	5f32                	lw	t5,44(sp)
    5bf8:	5245                	li	tp,-15
    5bfa:	3352                	lhu	a2,36(a4)
    5bfc:	253a                	lhu	a4,10(a0)
    5bfe:	0d78                	addi	a4,sp,668
    5c00:	000a                	c.slli	zero,0x2
    5c02:	0000                	unimp
    5c04:	7548                	flw	fa0,44(a0)
    5c06:	2062                	lhu	s0,6(s0)
    5c08:	6f50                	flw	fa2,28(a4)
    5c0a:	7472                	flw	fs0,60(sp)
    5c0c:	7825                	lui	a6,0xfffe9
    5c0e:	4920                	lw	s0,80(a0)
    5c10:	0d6e                	slli	s10,s10,0x1b
    5c12:	000a                	c.slli	zero,0x2
    5c14:	20746547          	fmsub.s	fa0,fs0,ft7,ft4,unknown
    5c18:	6e49                	lui	t3,0x12
    5c1a:	6574                	flw	fa3,76(a0)
    5c1c:	6672                	flw	fa2,28(sp)
    5c1e:	6361                	lui	t1,0x18
    5c20:	2565                	jal	62c8 <OLED_F6x8+0x30>
    5c22:	2078                	lbu	a4,6(s0)
    5c24:	6552                	flw	fa0,20(sp)
    5c26:	4470                	lw	a2,76(s0)
    5c28:	7365                	lui	t1,0xffff9
    5c2a:	00203a63          	0x203a63
    5c2e:	0000                	unimp
    5c30:	6e45                	lui	t3,0x11
    5c32:	6d75                	lui	s10,0x1d
    5c34:	4820                	lw	s0,80(s0)
    5c36:	6469                	lui	s0,0x1a
    5c38:	0d3a                	slli	s10,s10,0xe
    5c3a:	0000                	unimp
    5c3c:	6e45                	lui	t3,0x11
    5c3e:	6d75                	lui	s10,0x1d
    5c40:	4820                	lw	s0,80(s0)
    5c42:	6275                	lui	tp,0x1d
    5c44:	0d3a                	slli	s10,s10,0xe
    5c46:	0000                	unimp
    5c48:	6e41                	lui	t3,0x10
    5c4a:	6c61                	lui	s8,0x18
    5c4c:	7a79                	lui	s4,0xffffe
    5c4e:	2065                	jal	5cf6 <_read+0x1bc>
    5c50:	44676643          	0x44676643
    5c54:	7365                	lui	t1,0xffff9
    5c56:	00203a63          	0x203a63
    5c5a:	0000                	unimp
    5c5c:	20746547          	fmsub.s	fa0,fs0,ft7,ft4,unknown
    5c60:	69727453          	0x69727453
    5c64:	676e                	flw	fa4,216(sp)
    5c66:	6544                	flw	fs1,12(a0)
    5c68:	3a346373          	csrrsi	t1,pmpcfg3,8
    5c6c:	0020                	addi	s0,sp,8
    5c6e:	0000                	unimp
    5c70:	20746547          	fmsub.s	fa0,fs0,ft7,ft4,unknown
    5c74:	69727453          	0x69727453
    5c78:	676e                	flw	fa4,216(sp)
    5c7a:	6544                	flw	fs1,12(a0)
    5c7c:	3a316373          	csrrsi	t1,pmpcfg3,2
    5c80:	0020                	addi	s0,sp,8
    5c82:	0000                	unimp
    5c84:	20746547          	fmsub.s	fa0,fs0,ft7,ft4,unknown
    5c88:	69727453          	0x69727453
    5c8c:	676e                	flw	fa4,216(sp)
    5c8e:	6544                	flw	fs1,12(a0)
    5c90:	3a326373          	csrrsi	t1,pmpcfg3,4
    5c94:	0020                	addi	s0,sp,8
    5c96:	0000                	unimp
    5c98:	20746547          	fmsub.s	fa0,fs0,ft7,ft4,unknown
    5c9c:	69727453          	0x69727453
    5ca0:	676e                	flw	fa4,216(sp)
    5ca2:	6544                	flw	fs1,12(a0)
    5ca4:	3a336373          	csrrsi	t1,pmpcfg3,6
    5ca8:	0020                	addi	s0,sp,8
    5caa:	0000                	unimp
    5cac:	20746547          	fmsub.s	fa0,fs0,ft7,ft4,unknown
    5cb0:	7548                	flw	fa0,44(a0)
    5cb2:	2062                	lhu	s0,6(s0)
    5cb4:	6544                	flw	fs1,12(a0)
    5cb6:	203a6373          	csrrsi	t1,hideleg,20
    5cba:	0000                	unimp
    5cbc:	6f52                	flw	ft10,20(sp)
    5cbe:	7548746f          	jal	s0,8d412 <_data_lma+0x86792>
    5cc2:	4462                	lw	s0,24(sp)
    5cc4:	7665                	lui	a2,0xffff9
    5cc6:	3025205b          	0x3025205b
    5cca:	7832                	flw	fa6,44(sp)
    5ccc:	5d20                	lw	s0,120(a0)
    5cce:	622e                	flw	ft4,200(sp)
    5cd0:	6f50                	flw	fa2,28(a4)
    5cd2:	7472                	flw	fs0,60(sp)
    5cd4:	754e                	flw	fa0,240(sp)
    5cd6:	3a6d                	jal	5690 <_printf_i+0x2>
    5cd8:	2520                	lbu	s0,10(a0)
    5cda:	3230                	lbu	a2,3(a2)
    5cdc:	0d78                	addi	a4,sp,668
    5cde:	000a                	c.slli	zero,0x2
    5ce0:	5328                	lw	a0,96(a4)
    5ce2:	2931                	jal	60fe <_read+0x5c4>
    5ce4:	20746547          	fmsub.s	fa0,fs0,ft7,ft4,unknown
    5ce8:	6544                	flw	fs1,12(a0)
    5cea:	4476                	lw	s0,92(sp)
    5cec:	7365                	lui	t1,0xffff9
    5cee:	0d203a63          	0xd203a63
    5cf2:	0000                	unimp
    5cf4:	20746553          	0x20746553
    5cf8:	6544                	flw	fs1,12(a0)
    5cfa:	4176                	lw	sp,92(sp)
    5cfc:	6464                	flw	fs1,76(s0)
    5cfe:	3a72                	lhu	a2,54(a2)
    5d00:	0d20                	addi	s0,sp,664
    5d02:	0000                	unimp
    5d04:	20746547          	fmsub.s	fa0,fs0,ft7,ft4,unknown
    5d08:	6544                	flw	fs1,12(a0)
    5d0a:	4376                	lw	t1,92(sp)
    5d0c:	6766                	flw	fa4,88(sp)
    5d0e:	6544                	flw	fs1,12(a0)
    5d10:	203a6373          	csrrsi	t1,hideleg,20
    5d14:	000d                	c.nop	3
    5d16:	0000                	unimp
    5d18:	20746553          	0x20746553
    5d1c:	56676643          	fmadd.q	fa2,fa4,ft6,fa0,unknown
    5d20:	6c61                	lui	s8,0x18
    5d22:	6575                	lui	a0,0x1d
    5d24:	203a                	lhu	a4,2(s0)
    5d26:	000d                	c.nop	3
    5d28:	6e45                	lui	t3,0x11
    5d2a:	6d75                	lui	s10,0x1d
    5d2c:	0d3a                	slli	s10,s10,0xe
    5d2e:	0000                	unimp
    5d30:	3025                	jal	5558 <_vfiprintf_r+0x264>
    5d32:	7832                	flw	fa6,44(sp)
    5d34:	0020                	addi	s0,sp,8
    5d36:	0000                	unimp
    5d38:	20746553          	0x20746553
    5d3c:	6544                	flw	fs1,12(a0)
    5d3e:	4176                	lw	sp,92(sp)
    5d40:	6464                	flw	fs1,76(s0)
    5d42:	3a72                	lhu	a2,54(a2)
    5d44:	0020                	addi	s0,sp,8
    5d46:	0000                	unimp
    5d48:	7245                	lui	tp,0xffff1
    5d4a:	2872                	lhu	a2,22(s0)
    5d4c:	3025                	jal	5574 <_vfiprintf_r+0x280>
    5d4e:	7832                	flw	fa6,44(sp)
    5d50:	0d29                	addi	s10,s10,10
    5d52:	000a                	c.slli	zero,0x2
    5d54:	000d4b4f          	fnmadd.s	fs6,fs10,ft0,ft0,rmm
    5d58:	20746547          	fmsub.s	fa0,fs0,ft7,ft4,unknown
    5d5c:	44676643          	0x44676643
    5d60:	7365                	lui	t1,0xffff9
    5d62:	00203a63          	0x203a63
    5d66:	0000                	unimp
    5d68:	6544                	flw	fs1,12(a0)
    5d6a:	5476                	lw	s0,124(sp)
    5d6c:	7079                	c.lui	zero,0xffffe
    5d6e:	3a65                	jal	5726 <_printf_i+0x98>
    5d70:	2520                	lbu	s0,10(a0)
    5d72:	3230                	lbu	a2,3(a2)
    5d74:	0d78                	addi	a4,sp,668
    5d76:	000a                	c.slli	zero,0x2
    5d78:	20746553          	0x20746553
    5d7c:	3a676643          	fmadd.d	fa2,fa4,ft6,ft7,unknown
    5d80:	0020                	addi	s0,sp,8
    5d82:	0000                	unimp
    5d84:	20746547          	fmsub.s	fa0,fs0,ft7,ft4,unknown
    5d88:	6544                	flw	fs1,12(a0)
    5d8a:	4476                	lw	s0,92(sp)
    5d8c:	7365                	lui	t1,0xffff9
    5d8e:	00203a63          	0x203a63
    5d92:	0000                	unimp
    5d94:	5355                	li	t1,-11
    5d96:	2042                	lhu	s0,4(s0)
    5d98:	6f50                	flw	fa2,28(a4)
    5d9a:	7472                	flw	fs0,60(sp)
    5d9c:	7825                	lui	a6,0xfffe9
    5d9e:	4420                	lw	s0,72(s0)
    5da0:	7665                	lui	a2,0xffff9
    5da2:	4920                	lw	s0,80(a0)
    5da4:	2e6e                	lhu	a1,30(a2)
    5da6:	0a0d                	addi	s4,s4,3
    5da8:	0000                	unimp
    5daa:	0000                	unimp
    5dac:	6f52                	flw	ft10,20(sp)
    5dae:	4420746f          	jal	s0,d1f0 <_data_lma+0x6570>
    5db2:	7665                	lui	a2,0xffff9
    5db4:	6369                	lui	t1,0x1a
    5db6:	2065                	jal	5e5e <_read+0x324>
    5db8:	7349                	lui	t1,0xffff2
    5dba:	4820                	lw	s0,80(s0)
    5dbc:	4449                	li	s0,18
    5dbe:	202e                	lhu	a1,2(s0)
    5dc0:	0000                	unimp
    5dc2:	0000                	unimp
    5dc4:	7546                	flw	fa0,112(sp)
    5dc6:	7472                	flw	fs0,60(sp)
    5dc8:	6568                	flw	fa0,76(a0)
    5dca:	2072                	lhu	a2,6(s0)
    5dcc:	6e45                	lui	t3,0x11
    5dce:	6d75                	lui	s10,0x1d
    5dd0:	5220                	lw	s0,96(a2)
    5dd2:	7365                	lui	t1,0xffff9
    5dd4:	6c75                	lui	s8,0x1d
    5dd6:	3a74                	lbu	a3,23(a2)
    5dd8:	0020                	addi	s0,sp,8
    5dda:	0000                	unimp
    5ddc:	6f52                	flw	ft10,20(sp)
    5dde:	4420746f          	jal	s0,d220 <_data_lma+0x65a0>
    5de2:	7665                	lui	a2,0xffff9
    5de4:	6369                	lui	t1,0x1a
    5de6:	2065                	jal	5e8e <_read+0x354>
    5de8:	7349                	lui	t1,0xffff2
    5dea:	4820                	lw	s0,80(s0)
    5dec:	4255                	li	tp,21
    5dee:	202e                	lhu	a1,2(s0)
    5df0:	0000                	unimp
    5df2:	0000                	unimp
    5df4:	6f52                	flw	ft10,20(sp)
    5df6:	4420746f          	jal	s0,d238 <_data_lma+0x65b8>
    5dfa:	7665                	lui	a2,0xffff9
    5dfc:	6369                	lui	t1,0x1a
    5dfe:	2065                	jal	5ea6 <_read+0x36c>
    5e00:	7349                	lui	t1,0xffff2
    5e02:	0020                	addi	s0,sp,8
    5e04:	726f7453          	0x726f7453
    5e08:	6761                	lui	a4,0x18
    5e0a:	2e65                	jal	61c2 <OLED_CF16x16+0x9e>
    5e0c:	0020                	addi	s0,sp,8
    5e0e:	0000                	unimp
    5e10:	7250                	flw	fa2,36(a2)
    5e12:	6e69                	lui	t3,0x1a
    5e14:	6574                	flw	fa3,76(a0)
    5e16:	2e72                	lhu	a2,30(a2)
    5e18:	0020                	addi	s0,sp,8
    5e1a:	0000                	unimp
    5e1c:	6e55                	lui	t3,0x15
    5e1e:	776f6e6b          	0x776f6e6b
    5e22:	2e6e                	lhu	a1,30(a2)
    5e24:	0020                	addi	s0,sp,8
    5e26:	0000                	unimp
    5e28:	6e45                	lui	t3,0x11
    5e2a:	2064                	lbu	s1,6(s0)
    5e2c:	6e45                	lui	t3,0x11
    5e2e:	6d75                	lui	s10,0x1d
    5e30:	0d2e                	slli	s10,s10,0xb
    5e32:	0000                	unimp
    5e34:	6e45                	lui	t3,0x11
    5e36:	6d75                	lui	s10,0x1d
    5e38:	4620                	lw	s0,72(a2)
    5e3a:	6961                	lui	s2,0x18
    5e3c:	206c                	lbu	a1,6(s0)
    5e3e:	68746977          	0x68746977
    5e42:	4520                	lw	s0,72(a0)
    5e44:	7272                	flw	ft4,60(sp)
    5e46:	4320726f          	jal	tp,d278 <_data_lma+0x65f8>
    5e4a:	3a65646f          	jal	s0,5c1f0 <_data_lma+0x55570>
    5e4e:	7825                	lui	a6,0xfffe9
    5e50:	0a0d                	addi	s4,s4,3
    5e52:	0000                	unimp
    5e54:	5355                	li	t1,-11
    5e56:	2042                	lhu	s0,4(s0)
    5e58:	6f50                	flw	fa2,28(a4)
    5e5a:	7472                	flw	fs0,60(sp)
    5e5c:	7825                	lui	a6,0xfffe9
    5e5e:	4420                	lw	s0,72(s0)
    5e60:	7665                	lui	a2,0xffff9
    5e62:	4f20                	lw	s0,88(a4)
    5e64:	7475                	lui	s0,0xffffd
    5e66:	0d2e                	slli	s10,s10,0xb
    5e68:	000a                	c.slli	zero,0x2
    5e6a:	0000                	unimp
    5e6c:	6241                	lui	tp,0x10
    5e6e:	6f6e                	flw	ft10,216(sp)
    5e70:	6d72                	flw	fs10,28(sp)
    5e72:	6c61                	lui	s8,0x18
    5e74:	000d                	c.nop	3
    5e76:	0000                	unimp
    5e78:	7548                	flw	fa0,44(a0)
    5e7a:	2062                	lhu	s0,6(s0)
    5e7c:	6e49                	lui	t3,0x12
    5e7e:	2074                	lbu	a3,6(s0)
    5e80:	6144                	flw	fs1,4(a0)
    5e82:	6174                	flw	fa3,68(a0)
    5e84:	253a                	lhu	a4,10(a0)
    5e86:	3230                	lbu	a2,3(a2)
    5e88:	0d78                	addi	a4,sp,668
    5e8a:	000a                	c.slli	zero,0x2
    5e8c:	6544                	flw	fs1,12(a0)
    5e8e:	2076                	lhu	a3,6(s0)
    5e90:	65657053          	0x65657053
    5e94:	3a64                	lbu	s1,23(a2)
    5e96:	7825                	lui	a6,0xfffe9
    5e98:	0a0d                	addi	s4,s4,3
    5e9a:	0000                	unimp
    5e9c:	6e45                	lui	t3,0x11
    5e9e:	6d75                	lui	s10,0x1d
    5ea0:	485f 6275 6544      	0x65446275485f
    5ea6:	6976                	flw	fs2,92(sp)
    5ea8:	000d6563          	bltu	s10,zero,5eb2 <_read+0x378>
    5eac:	5548                	lw	a0,44(a0)
    5eae:	2042                	lhu	s0,4(s0)
    5eb0:	6f70                	flw	fa2,92(a4)
    5eb2:	7472                	flw	fs0,60(sp)
    5eb4:	7825                	lui	a6,0xfffe9
    5eb6:	6420                	flw	fs0,72(s0)
    5eb8:	7665                	lui	a2,0xffff9
    5eba:	6369                	lui	t1,0x1a
    5ebc:	2065                	jal	5f64 <_read+0x42a>
    5ebe:	7369                	lui	t1,0xffffa
    5ec0:	4820                	lw	s0,80(s0)
    5ec2:	4449                	li	s0,18
    5ec4:	2021                	jal	5ecc <_read+0x392>
    5ec6:	7546                	flw	fa0,112(sp)
    5ec8:	7472                	flw	fs0,60(sp)
    5eca:	6568                	flw	fa0,76(a0)
    5ecc:	2072                	lhu	a2,6(s0)
    5ece:	6e45                	lui	t3,0x11
    5ed0:	6d75                	lui	s10,0x1d
    5ed2:	0d3a                	slli	s10,s10,0xe
    5ed4:	000a                	c.slli	zero,0x2
    5ed6:	0000                	unimp
    5ed8:	0d214b4f          	0xd214b4f
    5edc:	0000                	unimp
    5ede:	0000                	unimp
    5ee0:	5548                	lw	a0,44(a0)
    5ee2:	2042                	lhu	s0,4(s0)
    5ee4:	6f70                	flw	fa2,92(a4)
    5ee6:	7472                	flw	fs0,60(sp)
    5ee8:	7825                	lui	a6,0xfffe9
    5eea:	6420                	flw	fs0,72(s0)
    5eec:	7665                	lui	a2,0xffff9
    5eee:	6369                	lui	t1,0x1a
    5ef0:	2065                	jal	5f98 <_read+0x45e>
    5ef2:	7369                	lui	t1,0xffffa
    5ef4:	0020                	addi	s0,sp,8
    5ef6:	0000                	unimp
    5ef8:	726f7473          	csrrci	s0,0x726,30
    5efc:	6761                	lui	a4,0x18
    5efe:	2165                	jal	63a6 <OLED_F6x8+0x10e>
    5f00:	000d                	c.nop	3
    5f02:	0000                	unimp
    5f04:	7270                	flw	fa2,100(a2)
    5f06:	6e69                	lui	t3,0x1a
    5f08:	6574                	flw	fa3,76(a0)
    5f0a:	2172                	lhu	a2,6(a0)
    5f0c:	000d                	c.nop	3
    5f0e:	0000                	unimp
    5f10:	6e75                	lui	t3,0x1d
    5f12:	776f6e6b          	0x776f6e6b
    5f16:	216e                	lhu	a1,6(a0)
    5f18:	000d                	c.nop	3
    5f1a:	0000                	unimp
    5f1c:	5548                	lw	a0,44(a0)
    5f1e:	2042                	lhu	s0,4(s0)
    5f20:	6f50                	flw	fa2,28(a4)
    5f22:	7472                	flw	fs0,60(sp)
    5f24:	7825                	lui	a6,0xfffe9
    5f26:	4520                	lw	s0,72(a0)
    5f28:	756e                	flw	fa0,248(sp)
    5f2a:	206d                	jal	5fd4 <_read+0x49a>
    5f2c:	7245                	lui	tp,0xffff1
    5f2e:	2172                	lhu	a2,6(a0)
    5f30:	0a0d                	addi	s4,s4,3
    5f32:	0000                	unimp
    5f34:	4449485b          	0x4449485b
    5f38:	756c2523          	sw	s6,1866(s8) # 1874a <_data_lma+0x11aca>
    5f3c:	205d                	jal	5fe2 <_read+0x4a8>
    5f3e:	654c                	flw	fa1,12(a0)
    5f40:	3d6e                	lhu	a1,62(a0)
    5f42:	6425                	lui	s0,0x9
    5f44:	4620                	lw	s0,72(a2)
    5f46:	7269                	lui	tp,0xffffa
    5f48:	36317473          	csrrci	s0,0x363,2
    5f4c:	7942                	flw	fs2,48(sp)
    5f4e:	6574                	flw	fa3,76(a0)
    5f50:	00203a73          	csrrc	s4,frm,zero
    5f54:	3025                	jal	577c <_printf_i+0xee>
    5f56:	5832                	lw	a6,44(sp)
    5f58:	0020                	addi	s0,sp,8
    5f5a:	0000                	unimp
    5f5c:	5241575b          	0x5241575b
    5f60:	5d4e                	lw	s10,240(sp)
    5f62:	4820                	lw	s0,80(s0)
    5f64:	4449                	li	s0,18
    5f66:	7020                	flw	fs0,96(s0)
    5f68:	6361                	lui	t1,0x18
    5f6a:	2074656b          	0x2074656b
    5f6e:	6f74                	flw	fa3,92(a4)
    5f70:	6873206f          	j	38df6 <_data_lma+0x32176>
    5f74:	3a74726f          	jal	tp,4db1a <_data_lma+0x46e9a>
    5f78:	2520                	lbu	s0,10(a0)
    5f7a:	2064                	lbu	s1,6(s0)
    5f7c:	7962                	flw	fs2,56(sp)
    5f7e:	6574                	flw	fa3,76(a0)
    5f80:	000a0d73          	0xa0d73
    5f84:	4445445b          	0x4445445b
    5f88:	5055                	c.li	zero,-11
    5f8a:	205d                	jal	6030 <_read+0x4f6>
    5f8c:	6f54                	flw	fa3,28(a4)
    5f8e:	6375                	lui	t1,0x1d
    5f90:	2068                	lbu	a0,6(s0)
    5f92:	6572                	flw	fa0,28(sp)
    5f94:	656c                	flw	fa1,76(a0)
    5f96:	7361                	lui	t1,0xffff8
    5f98:	2065                	jal	6040 <_read+0x506>
    5f9a:	746e6573          	csrrsi	a0,0x746,28
    5f9e:	2820                	lbu	s0,18(s0)
    5fa0:	616c                	flw	fa1,68(a0)
    5fa2:	70207473          	csrrci	s0,0x702,0
    5fa6:	203a736f          	jal	t1,ad9a8 <_data_lma+0xa6d28>
    5faa:	6425                	lui	s0,0x9
    5fac:	252c                	lbu	a1,10(a0)
    5fae:	2964                	lbu	s1,22(a0)
    5fb0:	0a0d                	addi	s4,s4,3
    5fb2:	0000                	unimp
    5fb4:	5241575b          	0x5241575b
    5fb8:	5d4e                	lw	s10,240(sp)
    5fba:	4920                	lw	s0,80(a0)
    5fbc:	766e                	flw	fa2,248(sp)
    5fbe:	6c61                	lui	s8,0x18
    5fc0:	6469                	lui	s0,0x1a
    5fc2:	6320                	flw	fs0,64(a4)
    5fc4:	61746e6f          	jal	t3,4cdda <_data_lma+0x4615a>
    5fc8:	63207463          	bgeu	zero,s2,65f0 <OLED_F8x16+0x11c>
    5fcc:	746e756f          	jal	a0,ed712 <_data_lma+0xe6a92>
    5fd0:	203a                	lhu	a4,2(s0)
    5fd2:	6425                	lui	s0,0x9
    5fd4:	0a0d                	addi	s4,s4,3
    5fd6:	0000                	unimp
    5fd8:	5241505b          	0x5241505b
    5fdc:	4f2d4553          	0x4f2d4553
    5fe0:	6c25234b          	0x6c25234b
    5fe4:	5d75                	li	s10,-3
    5fe6:	5420                	lw	s0,104(s0)
    5fe8:	7069                	c.lui	zero,0xffffa
    5fea:	253d                	jal	6618 <OLED_F8x16+0x144>
    5fec:	2064                	lbu	s1,6(s0)
    5fee:	3d58                	lbu	a4,29(a0)
    5ff0:	6425                	lui	s0,0x9
    5ff2:	5920                	lw	s0,112(a0)
    5ff4:	253d                	jal	6622 <OLED_F8x16+0x14e>
    5ff6:	2064                	lbu	s1,6(s0)
    5ff8:	6e756f43          	fmadd.q	ft10,fa0,ft7,fa3,unknown
    5ffc:	3d74                	lbu	a3,31(a0)
    5ffe:	6425                	lui	s0,0x9
    6000:	0a0d                	addi	s4,s4,3
    6002:	0000                	unimp
    6004:	4445445b          	0x4445445b
    6008:	5055                	c.li	zero,-11
    600a:	205d                	jal	60b0 <_read+0x576>
    600c:	74617453          	0x74617453
    6010:	2065                	jal	60b8 <_read+0x57e>
    6012:	6e616863          	bltu	sp,t1,6702 <OLED_F8x16+0x22e>
    6016:	20646567          	0x20646567
    601a:	2528                	lbu	a0,10(a0)
    601c:	2d64                	lbu	s1,30(a0)
    601e:	253e                	lhu	a5,10(a0)
    6020:	2964                	lbu	s1,22(a0)
    6022:	202c                	lbu	a1,2(s0)
    6024:	6c6c6977          	0x6c6c6977
    6028:	7320                	flw	fs0,96(a4)
    602a:	6e65                	lui	t3,0x19
    602c:	0d64                	addi	s1,sp,668
    602e:	000a                	c.slli	zero,0x2
    6030:	4445445b          	0x4445445b
    6034:	5055                	c.li	zero,-11
    6036:	205d                	jal	60dc <_read+0x5a2>
    6038:	6f50                	flw	fa2,28(a4)
    603a:	69746973          	csrrsi	s2,0x697,8
    603e:	6d206e6f          	jal	t3,c710 <_data_lma+0x5a90>
    6042:	6465766f          	jal	a2,5d688 <_data_lma+0x56a08>
    6046:	2820                	lbu	s0,18(s0)
    6048:	6425                	lui	s0,0x9
    604a:	252c                	lbu	a1,10(a0)
    604c:	2964                	lbu	s1,22(a0)
    604e:	3e2d                	jal	5b88 <_read+0x4e>
    6050:	2528                	lbu	a0,10(a0)
    6052:	2c64                	lbu	s1,30(s0)
    6054:	6425                	lui	s0,0x9
    6056:	2c29                	jal	6270 <OLED_CF16x16+0x14c>
    6058:	7720                	flw	fs0,104(a4)
    605a:	6c69                	lui	s8,0x1a
    605c:	206c                	lbu	a1,6(s0)
    605e:	646e6573          	csrrsi	a0,0x646,28
    6062:	0a0d                	addi	s4,s4,3
    6064:	0000                	unimp
    6066:	0000                	unimp
    6068:	4445445b          	0x4445445b
    606c:	5055                	c.li	zero,-11
    606e:	205d                	jal	6114 <_read+0x5da>
    6070:	7544                	flw	fs1,44(a0)
    6072:	6c70                	flw	fa2,92(s0)
    6074:	6369                	lui	t1,0x1a
    6076:	7461                	lui	s0,0xffff8
    6078:	2065                	jal	6120 <_read+0x5e6>
    607a:	5428                	lw	a0,104(s0)
    607c:	7069                	c.lui	zero,0xffffa
    607e:	253d                	jal	66ac <OLED_F8x16+0x1d8>
    6080:	2064                	lbu	s1,6(s0)
    6082:	3d58                	lbu	a4,29(a0)
    6084:	6425                	lui	s0,0x9
    6086:	5920                	lw	s0,112(a0)
    6088:	253d                	jal	66b6 <OLED_F8x16+0x1e2>
    608a:	2964                	lbu	s1,22(a0)
    608c:	202c                	lbu	a1,2(s0)
    608e:	70696b73          	csrrsi	s6,0x706,18
    6092:	6570                	flw	fa2,76(a0)
    6094:	0d64                	addi	s1,sp,668
    6096:	000a                	c.slli	zero,0x2
    6098:	2d58545b          	0x2d58545b
    609c:	52415453          	0x52415453
    60a0:	2354                	lbu	a3,4(a4)
    60a2:	6c25                	lui	s8,0x9
    60a4:	5d75                	li	s10,-3
    60a6:	5820                	lw	s0,112(s0)
    60a8:	253d                	jal	66d6 <OLED_F8x16+0x202>
    60aa:	2864                	lbu	s1,22(s0)
    60ac:	7830                	flw	fa2,112(s0)
    60ae:	3025                	jal	58d6 <_printf_i+0x248>
    60b0:	5832                	lw	a6,44(sp)
    60b2:	3025                	jal	58da <_printf_i+0x24c>
    60b4:	5832                	lw	a6,44(sp)
    60b6:	2029                	jal	60c0 <_read+0x586>
    60b8:	3d59                	jal	5f4e <_read+0x414>
    60ba:	6425                	lui	s0,0x9
    60bc:	3028                	lbu	a0,3(s0)
    60be:	2578                	lbu	a4,14(a0)
    60c0:	3230                	lbu	a2,3(a2)
    60c2:	2558                	lbu	a4,12(a0)
    60c4:	3230                	lbu	a2,3(a2)
    60c6:	2958                	lbu	a4,20(a0)
    60c8:	4320                	lw	s0,64(a4)
    60ca:	6568                	flw	fa0,76(a0)
    60cc:	75736b63          	bltu	t1,s7,6822 <OLED_F8x16+0x34e>
    60d0:	3d6d                	jal	5f8a <_read+0x450>
    60d2:	6425                	lui	s0,0x9
    60d4:	5520                	lw	s0,104(a0)
    60d6:	54524153          	0x54524153
    60da:	52535f33          	0x52535f33
    60de:	303d                	jal	590c <_printf_i+0x27e>
    60e0:	2578                	lbu	a4,14(a0)
    60e2:	3430                	lbu	a2,11(s0)
    60e4:	0d58                	addi	a4,sp,660
    60e6:	000a                	c.slli	zero,0x2
    60e8:	2d58545b          	0x2d58545b
    60ec:	4954                	lw	a3,20(a0)
    60ee:	454d                	li	a0,19
    60f0:	5d54554f          	0x5d54554f
    60f4:	4220                	lw	s0,64(a2)
    60f6:	7479                	lui	s0,0xffffe
    60f8:	2065                	jal	61a0 <OLED_CF16x16+0x7c>
    60fa:	6425                	lui	s0,0x9
    60fc:	7320                	flw	fs0,96(a4)
    60fe:	7574                	flw	fa3,108(a0)
    6100:	202c6b63          	bltu	s8,sp,6316 <OLED_F6x8+0x7e>
    6104:	303d5253          	0x303d5253
    6108:	2578                	lbu	a4,14(a0)
    610a:	3430                	lbu	a2,11(s0)
    610c:	0d58                	addi	a4,sp,660
    610e:	000a                	c.slli	zero,0x2
    6110:	2d58545b          	0x2d58545b
    6114:	4e45                	li	t3,17
    6116:	2344                	lbu	s1,4(a4)
    6118:	6c25                	lui	s8,0x9
    611a:	5d75                	li	s10,-3
    611c:	4f20                	lw	s0,88(a4)
    611e:	000a0d4b          	fnmsub.s	fs10,fs4,ft0,ft0,rne
	...

00006124 <OLED_CF16x16>:
    6124:	008cbcef 00000000 00000000 00000000     ................
    6134:	00000000 58000000 00000038 00000000     .......X8.......
    6144:	00000000 8280e300 00000000 00000000     ................
	...
    6160:	18242418 00000000 00000000 99e60000     .$$.............
    6170:	100000ba 1e325394 00105232 4242427e     .....S2.2R..~BBB
    6180:	0000007e 49ff0000 49494949 00ff4949     ~......IIIIIII..
    6190:	e8000000 0000bd83 494acc08 18cc4a48     ..........JIHJ..
    61a0:	88887f00 00e08284 1212ff00 007f9252     ............R...
    61b0:	88887e00 00e08284 008788e5 40404000     .~...........@@@
    61c0:	202020ff 04fc0404 00fc0404 00000000     .   ............
    61d0:	4284081f 40071820 003f4080 a28de600     ...B ..@.@?.....
    61e0:	10100000 2090ff10 2427e810 e02c34e4     ....... ..'$.4,.
    61f0:	42020000 84007f81 1c244784 47241c07     ...B.....G$...$G
    6200:	99e50084 800000a8 92929e80 80e09e92     ................
    6210:	92d2b29e 0800809e 9294f408 0100f192     ................
    6220:	949492f2 e80008f8 0000beae cc424040     ............@@B.
    6230:	9ea04000 9e828282 002020a0 3f000000     .@.......  ....?
    6240:	43408890 4628102c 00808041 0087a4e5     ..@C,.(FA.......
    6250:	90908000 24574c48 4c542424 80808044     ....HLW$$$TLD...
    6260:	00000000 494949ff 4949497f 000000ff     .....III.III....
    6270:	00000000 01ff0000 09310101 89090909     ..........1.....
    6280:	01010171 80ffff01 80808080 80819680     q...............
    6290:	80808080 0000ff80                       ........

00006298 <OLED_F6x8>:
	...
    62a0:	00002f00 00070000 14000007 147f147f     ./..............
    62b0:	7f2a2400 2300122a 62640813 55493600     .$*.*..#..db.6IU
    62c0:	00005022 00000700 221c0000 00000041     "P........."A...
    62d0:	001c2241 3e081400 08001408 08083e08     A".....>.....>..
    62e0:	a0000000 08000060 08080808 60600000     ....`.........``
    62f0:	20000000 02040810 49513e00 00003e45     ... .....>QIE>..
    6300:	00407f42 51614200 21004649 314b4541     B.@..BaQIF.!AEK1
    6310:	12141800 2700107f 39454545 494a3c00     .......'EEE9.<JI
    6320:	01003049 03050971 49493600 06003649     I0..q....6III6..
    6330:	1e294949 36360000 00000000 00003656     II)...66....V6..
    6340:	22140800 14000041 14141414 22410000     ..."A.........A"
    6350:	02000814 06095101 55493e00 7c002e59     .....Q...>IUY..|
    6360:	7c121112 49497f00 3e003649 22414141     ...|..III6.>AAA"
    6370:	41417f00 7f001c22 41494949 09097f00     ..AA"...IIIA....
    6380:	3e000109 7a494941 08087f00 00007f08     ...>AIIz........
    6390:	00417f41 41402000 7f00013f 41221408     A.A.. @A?....."A
    63a0:	40407f00 7f004040 7f020c02 08047f00     ..@@@@..........
    63b0:	3e007f10 3e414141 09097f00 3e000609     ...>AAA>.......>
    63c0:	5e215141 19097f00 46004629 31494949     AQ!^....)F.FIII1
    63d0:	7f010100 3f000101 3f404040 40201f00     .......?@@@?.. @
    63e0:	3f001f20 3f403840 08146300 07006314      ..?@8@?.c...c..
    63f0:	07087008 49516100 00004345 0041417f     .p...aQIEC...AA.
    6400:	08040200 00002010 007f4141 01020400     ..... ..AA......
    6410:	40000402 40404040 02010000 20000004     ...@@@@@....... 
    6420:	78545454 44487f00 38003844 20444444     TTTx..HDD8.8DDD 
    6430:	44443800 38007f48 18545454 097e0800     .8DDH..8TTT...~.
    6440:	18000201 7ca4a4a4 04087f00 00007804     .......|.....x..
    6450:	00407d44 84804000 7f00007d 00442810     D}@..@..}....(D.
    6460:	7f410000 7c000040 78041804 04087c00     ..A.@..|...x.|..
    6470:	38007804 38444444 2424fc00 18001824     .x.8DDD8..$$$...
    6480:	fc182424 04087c00 48000804 20545454     $$...|.....HTTT 
    6490:	443f0400 3c002040 7c204040 40201c00     ..?D@ .<@@ |.. @
    64a0:	3c001c20 3c403040 10284400 1c004428      ..<@0@<.D(.(D..
    64b0:	7ca0a0a0 54644400 0000444c 00417f08     ...|.DdTLD....A.
    64c0:	7f000000 00000000 00087f41 08040800     ........A.......
    64d0:	00000810                                ....

000064d4 <OLED_F8x16>:
	...
    64e4:	f8000000 00000000 33000000 00000030     ...........30...
    64f4:	000e1600 00000e16 00000000 00000000     ................
    6504:	4078c040 004078c0 04043f04 0004043f     @.x@.x@..?..?...
    6514:	fc887000 00003008 ff201800 00001e21     .p...0.... .!...
    6524:	00f008f0 000018e0 031c2100 001e211e     .........!...!..
    6534:	8808f000 00000070 2423211e 10212719     ....p....!#$.'!.
    6544:	16000000 0000000e 00000000 00000000     ................
    6554:	e0000000 00020418 07000000 00402018     ............. @.
    6564:	18040200 000000e0 18204000 00000007     .........@ .....
    6574:	f0804040 00404080 0f010202 00020201     @@...@@.........
    6584:	f0000000 00000000 1f010101 00010101     ................
	...
    659c:	0070b000 00000000 00000000 00000000     ..p.............
    65ac:	01010100 01010101 00000000 00000000     ................
    65bc:	00303000 00000000 00000000 04186080     .00..........`..
    65cc:	06186000 00000001 0810e000 00e01008     .`..............
    65dc:	20100f00 000f1020 f8101000 00000000     ...  ...........
    65ec:	3f202000 00002020 08087000 00708808     .  ?  ...p....p.
    65fc:	24283000 00302122 88083000 00304888     .0($"!0..0...H0.
    660c:	20201800 000e1120 20c00000 0000f810     ..   ...... ....
    661c:	24040700 00243f24 8808f800 00080888     ...$$?$.........
    662c:	20211900 000e1120 8810e000 00001888     ..!  ...........
    663c:	20110f00 000e1120 08083800 000838c8     ...  ....8...8..
    664c:	3f000000 00000000 08887000 00708808     ...?.....p....p.
    665c:	21221c00 001c2221 0810e000 00e01008     .."!!"..........
    666c:	22310000 000f1122 c0000000 000000c0     ..1""...........
    667c:	30000000 00000030 c0000000 000000c0     ...00...........
    668c:	b0800000 00000070 40800000 00081020     ....p......@ ...
    669c:	04020100 00201008 40404040 00404040     ...... .@@@@@@@.
    66ac:	04040404 00040404 20100800 00008040     ........... @...
    66bc:	08102000 00010204 08487000 00f00808     . .......pH.....
    66cc:	30000000 00000136 28c830c0 00e010e8     ...06....0.(....
    66dc:	24271807 000b1423 38c00000 000000e0     ..'$#......8....
    66ec:	02233c20 20382702 8888f808 00007088      <#..'8 .....p..
    66fc:	20203f20 000e1120 080830c0 00380808      ?   ....0....8.
    670c:	20201807 00081020 0808f808 00e01008     ..   ...........
    671c:	20203f20 000f1020 8888f808 001008e8      ?   ...........
    672c:	20203f20 00182023 8888f808 001008e8      ?  # ..........
    673c:	00203f20 00000003 080830c0 00003808      ? ......0...8..
    674c:	20201807 00021e22 0008f808 08f80800     ..  "...........
    675c:	01213f20 203f2101 f8080800 00000808      ?!..!? ........
    676c:	3f202000 00002020 08080000 000808f8     .  ?  ..........
    677c:	808080c0 0000007f c088f808 00081828     ............(...
    678c:	01203f20 00203826 0008f808 00000000      ? .&8 .........
    679c:	20203f20 00302020 00f8f808 0008f8f8      ?    0.........
    67ac:	3f003f20 00203f00 c030f808 08f80800      ?.?.? ...0.....
    67bc:	00203f20 003f1807 080810e0 00e01008      ? ...?.........
    67cc:	2020100f 000f1020 0808f808 00f00808     ..   ...........
    67dc:	01213f20 00000101 080810e0 00e01008      ?!.............
    67ec:	2424180f 004f5038 8888f808 00708888     ..$$8PO.......p.
    67fc:	00203f20 20300c03 08887000 00380808      ? ...0 .p....8.
    680c:	21203800 001c2221 f8080818 00180808     .8 !!"..........
    681c:	3f200000 00000020 0008f808 08f80800     .. ? ...........
    682c:	20201f00 001f2020 00887808 0838c800     ..    ...x....8.
    683c:	38070000 0000010e f80008f8 00f80800     ...8............
    684c:	00073c03 00033c07 80681808 08186880     .<...<....h..h..
    685c:	032c3020 20302c03 00c83808 000838c8      0,..,0 .8...8..
    686c:	3f200000 00000020 08080810 000838c8     .. ? ........8..
    687c:	21263820 00182020 fe000000 00020202      8&!  ..........
    688c:	7f000000 00404040 c0300c00 00000000     ....@@@...0.....
    689c:	01000000 00c03806 02020200 000000fe     .....8..........
    68ac:	40404000 0000007f 08102000 20100804     .@@@..... ..... 
	...
    68cc:	80808080 80808080 08040200 00000000     ................
	...
    68e4:	80800000 00008080 22241900 203f2222     ..........$"""? 
    68f4:	8000f808 00000080 20113f00 000e1120     .........?.  ...
    6904:	80000000 00008080 20110e00 00112020     ...........   ..
    6914:	80000000 00f88880 20110e00 203f1020     ...........  .? 
    6924:	80800000 00008080 22221f00 00132222     ..........""""..
    6934:	f0808000 18888888 3f202000 00002020     .........  ?  ..
    6944:	80800000 00808080 94946b00 00609394     .........k....`.
    6954:	8000f808 00008080 00213f20 203f2000     ........ ?!.. ? 
    6964:	98988000 00000000 3f202000 00002020     .........  ?  ..
    6974:	80000000 00009898 8080c000 00007f80     ................
    6984:	0000f808 00808080 02243f20 0020302d     ........ ?$.-0 .
    6994:	f8080800 00000000 3f202000 00002020     .........  ?  ..
    69a4:	80808080 00808080 00203f20 3f00203f     ........ ? .? .?
    69b4:	00808000 00008080 213f2000 203f2000     ......... ?!. ? 
    69c4:	80800000 00008080 20201f00 001f2020     ..........    ..
    69d4:	80008080 00000080 20a1ff80 000e1120     ...........  ...
    69e4:	80000000 00808080 20110e00 80ffa020     ...........  ...
    69f4:	00808080 00808080 213f2020 00010020     ........  ?! ...
    6a04:	80800000 00808080 24243300 00192424     .........3$$$$..
    6a14:	e0808000 00008080 1f000000 00002020     ............  ..
    6a24:	00008080 00808000 20201f00 203f1020     ..........   .? 
    6a34:	00808080 80808000 300e0100 00010608     ...........0....
    6a44:	80008080 80808000 030c300f 000f300c     .........0...0..
    6a54:	00808000 00808080 2e312000 0020310e     ......... 1..1 .
    6a64:	00808080 80808000 708e8180 00010618     ...........p....
    6a74:	80808000 00808080 2c302100 00302122     .........!0,"!0.
    6a84:	00000000 02027c80 00000000 40403f00     .....|.......?@@
    6a94:	00000000 000000ff 00000000 000000ff     ................
    6aa4:	7c020200 00000080 3f404000 00000000     ...|.....@@?....
    6ab4:	40408000 80000080 00000000 00010100     ..@@............
    6ac4:	74737953 6c436d65 64253a6b 00000a0d     SystemClk:%d....
    6ad4:	70696843 253a4449 0d783830 0000000a     ChipID:%08x.....
    6ae4:	20203153 2020524c 20445520 4e544220     S1  LR   UD  BTN
    6af4:	00000000 20203253 2020524c 20445520     ....S2  LR   UD 
    6b04:	4e544220 00000000 3a4d4953 00000000      BTN....SIM:....
    6b14:	00495441 4e2b5441 504f5445 00004e45     ATI.AT+NETOPEN..
    6b24:	432b5441 47455245 0000003f 4d2b5441     AT+CEREG?...AT+M
    6b34:	43534944 454e4e4f 00005443 4d2b5441     DISCONNECT..AT+M
    6b44:	4c435049 0045534f 4d2b5441 464e4f43     IPCLOSE.AT+MCONF
    6b54:	633d4749 31313574 74736574 74632c31     IG=ct511test1,ct
    6b64:	74313135 31747365 3574632c 65743131     511test1,ct511te
    6b74:	00317473 4d2b5441 54535049 3d545241     st1.AT+MIPSTART=
    6b84:	312e3734 322e3830 342e3233 38312c30     47.108.232.40,18
    6b94:	00003338 4d2b5441 4e4e4f43 3d544345     83..AT+MCONNECT=
    6ba4:	30362c31 00000000 7761525b 5d544120     1,60....[Raw AT]
    6bb4:	0d732520 0000000a 54454e2b 4e45504f      %s.....+NETOPEN
    6bc4:	4355533a 53534543 00000000 4d49535b     :SUCCESS....[SIM
    6bd4:	4734205d 41455220 0d215944 00000000     ] 4G READY!.....

00006be4 <__sf_fake_stderr>:
	...

00006c04 <__sf_fake_stdin>:
	...

00006c24 <__sf_fake_stdout>:
	...
    6c44:	2b302d23 00000020 004c6c68 45676665     #-0+ ...hlL.efgE
    6c54:	00004746 33323130 37363534 42413938     FG..0123456789AB
    6c64:	46454443 00000000 33323130 37363534     CDEF....01234567
    6c74:	62613938 66656463 00000000              89abcdef....
